{"type":"FeatureCollection","attribution":{"publisher":"Queensland Government","url":"https://www.data.qld.gov.au/dataset/locality-boundaries-queensland","licence":"https://creativecommons.org/licenses/by/4.0/"},"features":[{"type":"Feature","id":"2026-08-03-bahrs-scrub","properties":{"collectionId":"2026-08-03","areaId":"bahrs-scrub","areaName":"Bahrs Scrub","startsOn":"2026-08-03","endsOn":"2026-08-14","putOutFrom":"2026-08-01"},"geometry":{"type":"Polygon","coordinates":[[[153.16413512801418,-27.755333847012043],[153.16415147500456,-27.755244291011135],[153.16480237161954,-27.751671022973607],[153.16514968141502,-27.749772040953527],[153.16818926480116,-27.75021217764323],[153.17260133535964,-27.75083630419286],[153.17263495234053,-27.750657252190916],[153.18039707833145,-27.751819617397913],[153.18038022534122,-27.751910887398896],[153.1810063944209,-27.752003512334902],[153.18114932643914,-27.752024307320298],[153.18245184360472,-27.75221394618723],[153.18266518363188,-27.752245008165453],[153.18473845689542,-27.752546823953633],[153.18511006994268,-27.752601100915676],[153.18575041702414,-27.752694292850258],[153.18643874712816,-27.75292416577893],[153.18685862419107,-27.7530594977354],[153.18685565115715,-27.752796797737815],[153.1866383329022,-27.750983892774084],[153.18630456948435,-27.747994182831395],[153.186200865354,-27.747060781849264],[153.1861372292465,-27.746272666861874],[153.18613779519148,-27.74584083886523],[153.1861749291524,-27.745503364864156],[153.18629072611725,-27.74512901785541],[153.1864189650946,-27.74484243084471],[153.18656799907717,-27.744579835831754],[153.18675489706226,-27.74430377681501],[153.1870621070529,-27.74396937978665],[153.18868016503131,-27.742424249635384],[153.1890410330253,-27.742070711601716],[153.1902055440058,-27.740927934493083],[153.190422878004,-27.74072892947269],[153.19083322599388,-27.740301124434577],[153.19197347798192,-27.7392381873278],[153.19240478397353,-27.738805889287605],[153.1928362619592,-27.738326921247815],[153.19311515993945,-27.73793496822271],[153.19329912991745,-27.73760626420675],[153.19343619789367,-27.737304076195255],[153.19354922286553,-27.736987404186305],[153.19363792983484,-27.7366712981799],[153.1937041207982,-27.736328273175914],[153.19373848276234,-27.73601739817488],[153.1937316877205,-27.735695883178106],[153.19368745366953,-27.73533376218541],[153.19361504162282,-27.735029547195158],[153.19351118057662,-27.73475629720779],[153.19326427646726,-27.734108708237887],[153.19314122941313,-27.733789190252786],[153.1924981621281,-27.732102281331102],[153.19214930396268,-27.731102250374278],[153.19205454690956,-27.73076689938649],[153.19199985985176,-27.730360455395218],[153.1919826638067,-27.730022310399637],[153.19198966776082,-27.729656546401817],[153.1920260407217,-27.729319355400836],[153.1921164096805,-27.728919207394817],[153.19226639664106,-27.72848289438315],[153.19195198260454,-27.72846415541504],[153.19132631253063,-27.72841636747865],[153.1909137224983,-27.728513605519538],[153.19069313348356,-27.72858498154128],[153.19067576450257,-27.728749013541776],[153.19064781051856,-27.728898561543385],[153.19058782553807,-27.729101582547838],[153.19055041654522,-27.72918956655094],[153.19049628054805,-27.729257739555855],[153.19044210754868,-27.72930859756093],[153.19037263754726,-27.72935698856758],[153.19029340054277,-27.72938930157535],[153.19015016353168,-27.72942417058952],[153.18906149344707,-27.729685805697475],[153.1889126824349,-27.729716963712214],[153.18873232641755,-27.729734098730308],[153.1883986003776,-27.729704974764275],[153.18820659135102,-27.729659622783995],[153.18786902729363,-27.72949675381944],[153.1872734801781,-27.729097223882707],[153.18708951814466,-27.728991775902127],[153.1868654191111,-27.72891900592538],[153.18663546408172,-27.72888433794886],[153.1864740920649,-27.728889515965108],[153.18630302704986,-27.72891698698219],[153.1861306130382,-27.728971710999172],[153.18599300103193,-27.729040003012567],[153.1858443100283,-27.729138046026797],[153.1853747810223,-27.72948951907147],[153.1852514970207,-27.729581616083188],[153.18510931701513,-27.729658893096925],[153.18495015100493,-27.729714095112584],[153.18484603599643,-27.72973626012289],[153.18467353997855,-27.729742682140273],[153.18450657295807,-27.729724324157317],[153.18433675893294,-27.72967130617487],[153.18422361491258,-27.729607983186778],[153.18410105988977,-27.729533843199764],[153.18398544186522,-27.729439883212166],[153.18390039384246,-27.729333489221617],[153.1836767347761,-27.72900305624682],[153.18349133372737,-27.728779144267282],[153.18330878768518,-27.728603533287135],[153.18305453663444,-27.72842190331427],[153.1828108055868,-27.728255353340185],[153.18232101850032,-27.727993763391684],[153.1814074373461,-27.727560981487414],[153.18120278431246,-27.727472081508765],[153.18101906028488,-27.727411642527805],[153.1808101762581,-27.727379314549186],[153.18063844723795,-27.727366797566603],[153.17992898116248,-27.727378919638156],[153.17982006114977,-27.727371982649245],[153.17971908313706,-27.72735796065955],[153.1793834870794,-27.727191425694738],[153.17927372506216,-27.72714911370615],[153.17919497905092,-27.72712798371429],[153.17910115403893,-27.727113945723836],[153.17868370599203,-27.72710091476613],[153.17808677292334,-27.727070017826662],[153.17771533888398,-27.727076692864127],[153.17747994486115,-27.7270977338877],[153.17722786184203,-27.72716270991262],[153.17701953582463,-27.72720341993335],[153.17683948580722,-27.727219498951442],[153.17603629072104,-27.72722680803251],[153.175807073694,-27.72720906805577],[153.17564283267208,-27.72717785707261],[153.1751830725958,-27.726969770120643],[153.17364849235346,-27.72637431228028],[153.17330786630146,-27.726256221315627],[153.17317029128213,-27.726222425329816],[153.1729049682466,-27.726169265357036],[153.17240425218836,-27.726137622407833],[153.17200552713936,-27.726092978448435],[153.1701830029098,-27.72584236363439],[153.16982959986697,-27.725806876670354],[153.16953603183276,-27.725788667700126],[153.16928355380648,-27.725797294725524],[153.169003791781,-27.725835135753528],[153.1687244467563,-27.72587899778136],[153.1684601977334,-27.725923909807655],[153.16818067371057,-27.725982448835424],[153.16794846969506,-27.726058273858275],[153.16736592366118,-27.726288242915295],[153.1672213146515,-27.726335471929488],[153.16708642164068,-27.726365363942904],[153.1669626236279,-27.72637046795532],[153.16682346861023,-27.726349575969532],[153.1666174975803,-27.72629038099079],[153.16634635553527,-27.72616746901912],[153.1655337514016,-27.725810147104017],[153.16527169236326,-27.72573277313109],[153.16498410032665,-27.725689731160422],[153.16450629427263,-27.72567285520878],[153.16421115423992,-27.725666835238606],[153.16337009515382,-27.725707441323202],[153.1631924061323,-27.725690051341235],[153.1630166321078,-27.72564642835937],[153.1629094410894,-27.725593842370575],[153.16276471305693,-27.725462361386224],[153.16250412198826,-27.72514469841501],[153.16240358396433,-27.72504316242595],[153.16222913593072,-27.72492722344447],[153.16193926288545,-27.724819205474592],[153.16177360685793,-27.724743544491933],[153.1615786848222,-27.724628909512504],[153.16139100478247,-27.72447741753268],[153.15993331446754,-27.723245895689494],[153.15984136644502,-27.723148166699524],[153.15978418342593,-27.723046682706073],[153.159761779411,-27.722948871709114],[153.15975576640164,-27.722879759710274],[153.15979533630073,-27.722054451712804],[153.15980218426196,-27.721744529714574],[153.15979395124765,-27.721639133716227],[153.15974366722432,-27.721499255722406],[153.15944092712323,-27.720963104757185],[153.1592494700606,-27.72063478677913],[153.1591671630551,-27.72066126678721],[153.15910040604902,-27.720670542793886],[153.1590105820389,-27.72066781580294],[153.15766067086497,-27.720451703940896],[153.15752319984725,-27.72042969495491],[153.15711350679453,-27.720364099996804],[153.157096117804,-27.720453648997836],[153.1569709478719,-27.72109245400541],[153.15697063487207,-27.721094041005426],[153.1569496468834,-27.721201166006708],[153.15692865789478,-27.721308290007986],[153.15690766990622,-27.72141540700922],[153.15688154092035,-27.72154875701086],[153.15686055293176,-27.721655882012133],[153.15684577793968,-27.72173125901299],[153.15683442394584,-27.721789232013712],[153.15681343495726,-27.72189635701499],[153.1567873059714,-27.722029707016567],[153.1567663099828,-27.722136824017817],[153.15672060800756,-27.722370065020574],[153.15666139903962,-27.722672268024155],[153.15659544607539,-27.723008870028156],[153.1565456461023,-27.723263002031192],[153.15647026914323,-27.72364766103576],[153.15634658921118,-27.72428632404322],[153.156221777279,-27.724925226050768],[153.15609712234692,-27.725563935058283],[153.15608510435348,-27.725625685058986],[153.15597229541484,-27.726203292065836],[153.15584755748267,-27.726842365073384],[153.1557226395506,-27.727481431080886],[153.15560918961222,-27.728061384087752],[153.1555976496185,-27.728120974088494],[153.1554728216864,-27.728759236096035],[153.1553480697542,-27.729398034103593],[153.15522324282202,-27.73003666011112],[153.1550984978899,-27.730675473118655],[153.15500090294276,-27.731172859124595],[153.15497333595766,-27.731314025126256],[153.15484860502565,-27.73195285313377],[153.15472370409358,-27.732592612141342],[153.15459898916149,-27.73323128314886],[153.15447431822935,-27.733869887156427],[153.15434964029717,-27.734508424163945],[153.15422491736504,-27.735147229171492],[153.15410020943287,-27.73578595317902],[153.1539754495008,-27.736424870186575],[153.15390386353977,-27.73679148319093],[153.15361514663255,-27.73776529621234],[153.15302129796464,-27.7408773372477],[153.15310044598942,-27.74100418323872],[153.15542367828536,-27.7413478260016],[153.1556922203195,-27.741387507974164],[153.15748472454783,-27.741652457791233],[153.15731608064382,-27.742548367801174],[153.15714020974374,-27.74348210381153],[153.1569682428413,-27.74439400282169],[153.15676221995773,-27.745483091833897],[153.15656574806872,-27.74652065184552],[153.15646034505835,-27.746529443856083],[153.15590547837195,-27.749461813888917],[153.1558048353591,-27.749446859899198],[153.15500341425695,-27.749328082980984],[153.1547625293892,-27.75057101899548],[153.15485847740467,-27.750610215985514],[153.15470213449055,-27.751417270994903],[153.15458061548918,-27.75151007500641],[153.15415828672133,-27.753690905031835],[153.15414126173062,-27.753777645032844],[153.16413512801418,-27.755333847012043]]]}},{"type":"Feature","id":"2026-08-03-bannockburn","properties":{"collectionId":"2026-08-03","areaId":"bannockburn","areaName":"Bannockburn","startsOn":"2026-08-03","endsOn":"2026-08-14","putOutFrom":"2026-08-01"},"geometry":{"type":"Polygon","coordinates":[[[153.19368251369096,-27.766836477937222],[153.19393728671758,-27.766828669911526],[153.19463152373362,-27.766363231845045],[153.1950967907752,-27.7662935687986],[153.19599225385275,-27.766139097709303],[153.19651407687394,-27.765861272658753],[153.19688520587647,-27.765565789623572],[153.19729632086967,-27.765162981585206],[153.19763785585306,-27.76474289555404],[153.1979661728082,-27.764111957525806],[153.1980442997592,-27.763661473521466],[153.19809468067757,-27.76298008852176],[153.19811990863926,-27.76265852852177],[153.19832187857298,-27.761967703506826],[153.19858048941003,-27.760472297492477],[153.19875942230917,-27.759530446481847],[153.19884452225338,-27.759021251477268],[153.1987830921617,-27.758355333488684],[153.19866181208886,-27.757888540504634],[153.19842828797456,-27.75719224653376],[153.19800449876783,-27.755933567586503],[153.1976590076307,-27.755153230627577],[153.19746874953825,-27.754590838651247],[153.19712934649888,-27.754570856685746],[153.1966329074346,-27.754489882736532],[153.19646026241224,-27.75446172675423],[153.1964212434073,-27.7544553637582],[153.1961230343687,-27.754406718788747],[153.19587206833617,-27.754365785814375],[153.19562102130368,-27.754324837840095],[153.19536986927116,-27.7542838738658],[153.19512981224017,-27.754244720890377],[153.1948957822099,-27.754206536914342],[153.19488123820798,-27.754204167915802],[153.19477219920574,-27.75427888992625],[153.19237845389583,-27.753887496171203],[153.19210410086035,-27.7538426511993],[153.19065713067442,-27.753616459347263],[153.19050105665443,-27.753592058363207],[153.19001580759203,-27.753516196412868],[153.1899136895651,-27.753391801424176],[153.18975199755815,-27.753474950439823],[153.18851875539968,-27.753282151565955],[153.18806355434182,-27.753216333612478],[153.18710691522205,-27.753091826710083],[153.18685862419107,-27.7530594977354],[153.18681871921294,-27.753264835737806],[153.1861112706008,-27.75690571878054],[153.18601585865594,-27.757418072786162],[153.1859041747444,-27.758206202791204],[153.185858323771,-27.75845335279388],[153.18556824293253,-27.75996559781127],[153.18554016898102,-27.760369880810877],[153.18553356103018,-27.760761013808523],[153.18554868509065,-27.761221660803315],[153.1855780111359,-27.76155081279774],[153.1856542971866,-27.76188358578742],[153.1857550742339,-27.762167742775034],[153.18610331438296,-27.76303946873294],[153.1862658264413,-27.763358465714013],[153.186462849496,-27.763618617692067],[153.1866840565498,-27.763852133667847],[153.1869961616139,-27.764088347634466],[153.18730784167184,-27.764277144601497],[153.1886946109212,-27.76505097645528],[153.18890448695893,-27.765167988433173],[153.19000005715753,-27.765790834317585],[153.1902917182168,-27.7660068642864],[153.19045669625626,-27.766176238268372],[153.19062364130482,-27.76641421724965],[153.19074668731952,-27.76642456623711],[153.19358508267868,-27.766822805947164],[153.19368251369096,-27.766836477937222]]]}},{"type":"Feature","id":"2026-08-03-belivah","properties":{"collectionId":"2026-08-03","areaId":"belivah","areaName":"Belivah","startsOn":"2026-08-03","endsOn":"2026-08-14","putOutFrom":"2026-08-01"},"geometry":{"type":"Polygon","coordinates":[[[153.1842113287394,-27.767441457889355],[153.18440218275958,-27.767436800870065],[153.1843958717362,-27.76725879187212],[153.18541408314715,-27.761778554812498],[153.18554868509065,-27.761221660803315],[153.18553356103018,-27.760761013808523],[153.18554016898102,-27.760369880810877],[153.18556824293253,-27.75996559781127],[153.185858323771,-27.75845335279388],[153.1859041747444,-27.758206202791204],[153.18601585865594,-27.757418072786162],[153.1861112706008,-27.75690571878054],[153.18681871921294,-27.753264835737806],[153.18685862419107,-27.7530594977354],[153.18643874712816,-27.75292416577893],[153.18575041702414,-27.752694292850258],[153.18511006994268,-27.752601100915676],[153.18473845689542,-27.752546823953633],[153.18266518363188,-27.752245008165453],[153.18245184360472,-27.75221394618723],[153.18114932643914,-27.752024307320298],[153.1810063944209,-27.752003512334902],[153.18038022534122,-27.751910887398896],[153.18039707833145,-27.751819617397913],[153.17263495234053,-27.750657252190916],[153.17260133535964,-27.75083630419286],[153.16818926480116,-27.75021217764323],[153.16514968141502,-27.749772040953527],[153.16480237161954,-27.751671022973607],[153.16415147500456,-27.755244291011135],[153.16413512801418,-27.755333847012043],[153.16411877402388,-27.755423403012983],[153.16274779283506,-27.762951328091948],[153.1682501655287,-27.763703539530617],[153.1692015896486,-27.76383361143354],[153.1710751800227,-27.765170543233832],[153.17112918204435,-27.765294365227394],[153.17141156610364,-27.765518731197105],[153.1716632541276,-27.765491678171898],[153.17173378212226,-27.76538950816561],[153.17362052929985,-27.7651754089768],[153.17534950439193,-27.764425261808125],[153.17692291661567,-27.76483970064596],[153.17717173665108,-27.76490527362034],[153.17827445992256,-27.766093536499568],[153.1787807789997,-27.76626708344709],[153.17914275804193,-27.76628998641035],[153.1794412960767,-27.766308828380026],[153.18111327332528,-27.766833386207036],[153.18115133034354,-27.766943327202327],[153.18187008143414,-27.767042032128987],[153.1829592055721,-27.767196088017716],[153.1834315806526,-27.76742488796822],[153.1842113287394,-27.767441457889355]]]}},{"type":"Feature","id":"2026-08-03-mount-warren-park","properties":{"collectionId":"2026-08-03","areaId":"mount-warren-park","areaName":"Mount Warren Park","startsOn":"2026-08-03","endsOn":"2026-08-14","putOutFrom":"2026-08-01"},"geometry":{"type":"Polygon","coordinates":[[[153.20124407108753,-27.740021280384703],[153.2015361260927,-27.739814161356836],[153.20188852411425,-27.73968351532227],[153.20234426115678,-27.739629260276594],[153.20302395523504,-27.739664397207612],[153.2036500573002,-27.739642999144504],[153.20436750436937,-27.739575877072486],[153.2049363704142,-27.73944289101605],[153.2056039874541,-27.739188632950558],[153.20609904849036,-27.739052495901568],[153.2069521545747,-27.738988405815856],[153.2073232896142,-27.73898234877837],[153.20760802165626,-27.739070011748893],[153.2079299987122,-27.73923470771504],[153.2084748068008,-27.739465139658115],[153.20893282386717,-27.739596582610794],[153.2094154949308,-27.739683955561294],[153.2100711089947,-27.739627904495453],[153.21085020205655,-27.73945052141808],[153.21162899609794,-27.739113479341963],[153.212712601154,-27.738631851236217],[153.2140771752673,-27.73836091110035],[153.21519007535127,-27.73807287099008],[153.21594445441326,-27.737917533915006],[153.2165379754563,-27.73775143085633],[153.21746502750327,-27.737331522765828],[153.21833024154486,-27.73692273268157],[153.2185804395517,-27.736763648657504],[153.218750103541,-27.736536651642165],[153.21886087951648,-27.736250176633234],[153.2190212005014,-27.73599665561902],[153.21918167949568,-27.735814697604187],[153.21957676948776,-27.735417656567382],[153.21977396346122,-27.73504293655035],[153.21982287642993,-27.734756551547697],[153.21964883135766,-27.734338379568623],[153.21922609217685,-27.733281917619735],[153.21867880992917,-27.731807209686743],[153.21834279576478,-27.73080565672861],[153.21800725162998,-27.730035363768625],[153.21767207151922,-27.72945226580712],[153.2172380914075,-27.728946408855],[153.21661809824622,-27.728209590923576],[153.2162829411361,-27.727631992962028],[153.2162235900998,-27.7273981339699],[153.21643025407886,-27.727059146951653],[153.21664031608609,-27.72693768793136],[153.21711046214128,-27.726969993883582],[153.21764253120725,-27.72703522282922],[153.21844690331253,-27.727177111746755],[153.21909019438357,-27.72718710468161],[153.21947350441374,-27.727098404643545],[153.2199179984388,-27.726917087600018],[153.21981199139762,-27.726684785612534],[153.21904400017397,-27.72558598969889],[153.2186874001033,-27.725335007736934],[153.21836206305485,-27.725232160770663],[153.21673639884892,-27.724999336936953],[153.21649444781846,-27.72496554196165],[153.21293184236603,-27.724446817326097],[153.21226915027432,-27.72429121939431],[153.21215710026365,-27.724302648405576],[153.21047777707832,-27.72427611757558],[153.20974241899927,-27.724281861649867],[153.2095552089771,-27.72426729566891],[153.20921731693173,-27.724198348703617],[153.20765925870026,-27.72370798786502],[153.20701508159732,-27.723448915932174],[153.20614870648677,-27.723318300020846],[153.2058282794484,-27.723290256053474],[153.20473434831038,-27.723137579165254],[153.204343081261,-27.723082459205227],[153.20260769104135,-27.722835570382628],[153.20237096401138,-27.722801878406827],[153.20203792296925,-27.722754492440863],[153.20183418694347,-27.722725636461654],[153.2010116428394,-27.722608819545716],[153.2007403078051,-27.722570247573472],[153.1959241181954,-27.72188342306563],[153.19557449214489,-27.72178462810176],[153.1951254680659,-27.721546969149024],[153.1949626880862,-27.72184414316309],[153.19453834016932,-27.722856215198025],[153.19433610922243,-27.723444275213797],[153.19368735034286,-27.724938936267527],[153.19339921340193,-27.725646458291102],[153.19330325742823,-27.725934266298506],[153.19311478747645,-27.726472258313287],[153.19301503150746,-27.726799554320795],[153.1927023155637,-27.727506324346795],[153.19250104559148,-27.72789533336405],[153.19226639664106,-27.72848289438315],[153.1921164096805,-27.728919207394817],[153.1920260407217,-27.729319355400836],[153.19198966776082,-27.729656546401817],[153.1919826638067,-27.730022310399637],[153.19199985985176,-27.730360455395218],[153.19205454690956,-27.73076689938649],[153.19214930396268,-27.731102250374278],[153.1924981621281,-27.732102281331102],[153.19314122941313,-27.733789190252786],[153.19326427646726,-27.734108708237887],[153.19351118057662,-27.73475629720779],[153.19361504162282,-27.735029547195158],[153.19368745366953,-27.73533376218541],[153.1937316877205,-27.735695883178106],[153.19373848276234,-27.73601739817488],[153.1937041207982,-27.736328273175914],[153.19363792983484,-27.7366712981799],[153.19354922286553,-27.736987404186305],[153.19343619789367,-27.737304076195255],[153.19329912991745,-27.73760626420675],[153.1936695279681,-27.737688764168627],[153.1936751679689,-27.737689874168073],[153.19465548509993,-27.737883626067454],[153.1953983381436,-27.737594267994695],[153.19621729920186,-27.737355439913795],[153.1963825521395,-27.736725842902047],[153.19769265530496,-27.736909365768245],[153.19842109139702,-27.737011409693842],[153.19849506041385,-27.73707991068581],[153.1985468274311,-27.737171701679827],[153.19861145344595,-27.737232848672825],[153.19873196646702,-27.737295820660172],[153.19881804348123,-27.737333975651154],[153.19889560349992,-27.73741424764265],[153.1989775895284,-27.73756723863317],[153.19905968756467,-27.7377814646232],[153.1990855855743,-27.737835011620152],[153.19915019658907,-27.737896166613154],[153.19918045360313,-27.737980328609396],[153.19918065461727,-27.73809132660852],[153.1991464046248,-27.738179407611277],[153.19907779163063,-27.73828285861737],[153.1989534266418,-27.73847633562846],[153.19884192865166,-27.73864874163835],[153.1987906246672,-27.738813399642257],[153.198777906679,-27.738916761642702],[153.1987866676912,-27.73900479064112],[153.198834143708,-27.73909658863559],[153.1988858427207,-27.739152006629954],[153.1990149537415,-27.739205404616467],[153.1991353627546,-27.739205233604284],[153.19927292276554,-27.739174410590664],[153.19936747077088,-27.739136002581382],[153.19946184776543,-27.739013380572803],[153.1995647477551,-27.738844811563766],[153.1996075057422,-27.738706960560492],[153.19960721572164,-27.738546199561824],[153.19961554570395,-27.738400734562145],[153.19962402369603,-27.738331831561844],[153.199658311692,-27.738270535558836],[153.1998216577048,-27.73823202354262],[153.20006253573476,-27.73826229551804],[153.20022612776512,-27.7383615745007],[153.20034725979397,-27.738484650487518],[153.20053316683416,-27.738641067467448],[153.20061574886375,-27.73880274545787],[153.2007537558942,-27.73892345944297],[153.20092806192392,-27.739008366424653],[153.201002999954,-27.73918027341574],[153.20101287197613,-27.73934545341339],[153.20104683900158,-27.739515654408628],[153.20124407108753,-27.740021280384703]]]}},{"type":"Feature","id":"2026-08-03-windaroo","properties":{"collectionId":"2026-08-03","areaId":"windaroo","areaName":"Windaroo","startsOn":"2026-08-03","endsOn":"2026-08-14","putOutFrom":"2026-08-01"},"geometry":{"type":"Polygon","coordinates":[[[153.19746874953825,-27.754590838651247],[153.19726124444142,-27.754009335676834],[153.1972087103702,-27.75349650468616],[153.19723367731336,-27.753029502687333],[153.19725734016387,-27.751839071694338],[153.197401442029,-27.750659964689103],[153.19752056195006,-27.749940201682733],[153.19754492485052,-27.74914018768661],[153.19746582972263,-27.74820636170196],[153.19743870162594,-27.7474714957105],[153.1974636165661,-27.746981523711902],[153.1975317515256,-27.74660631970795],[153.19767737449882,-27.746273114695843],[153.1979862904805,-27.745866946667846],[153.1983812234714,-27.745460651631145],[153.1989994054602,-27.744847341573493],[153.19948151045583,-27.74440392852823],[153.1997378994556,-27.74418409850407],[153.20004328344913,-27.74387356547564],[153.20021832743194,-27.74359013046024],[153.20047214640996,-27.743202305437624],[153.20071572835846,-27.742592274417795],[153.20087529729395,-27.741951256406733],[153.20092458323302,-27.741432591405875],[153.20104083417863,-27.74090786239826],[153.20113820611337,-27.740313663393085],[153.20124407108753,-27.740021280384703],[153.20104683900158,-27.739515654408628],[153.20101287197613,-27.73934545341339],[153.201002999954,-27.73918027341574],[153.20092806192392,-27.739008366424653],[153.2007537558942,-27.73892345944297],[153.20061574886375,-27.73880274545787],[153.20053316683416,-27.738641067467448],[153.20034725979397,-27.738484650487518],[153.20022612776512,-27.7383615745007],[153.20006253573476,-27.73826229551804],[153.1998216577048,-27.73823202354262],[153.199658311692,-27.738270535558836],[153.19962402369603,-27.738331831561844],[153.19961554570395,-27.738400734562145],[153.19960721572164,-27.738546199561824],[153.1996075057422,-27.738706960560492],[153.1995647477551,-27.738844811563766],[153.19946184776543,-27.739013380572803],[153.19936747077088,-27.739136002581382],[153.19927292276554,-27.739174410590664],[153.1991353627546,-27.739205233604284],[153.1990149537415,-27.739205404616467],[153.1988858427207,-27.739152006629954],[153.198834143708,-27.73909658863559],[153.1987866676912,-27.73900479064112],[153.198777906679,-27.738916761642702],[153.1987906246672,-27.738813399642257],[153.19884192865166,-27.73864874163835],[153.1989534266418,-27.73847633562846],[153.19907779163063,-27.73828285861737],[153.1991464046248,-27.738179407611277],[153.19918065461727,-27.73809132660852],[153.19918045360313,-27.737980328609396],[153.19915019658907,-27.737896166613154],[153.1990855855743,-27.737835011620152],[153.19905968756467,-27.7377814646232],[153.1989775895284,-27.73756723863317],[153.19889560349992,-27.73741424764265],[153.19881804348123,-27.737333975651154],[153.19873196646702,-27.737295820660172],[153.19861145344595,-27.737232848672825],[153.1985468274311,-27.737171701679827],[153.19849506041385,-27.73707991068581],[153.19842109139702,-27.737011409693842],[153.19769265530496,-27.736909365768245],[153.1963825521395,-27.736725842902047],[153.19621729920186,-27.737355439913795],[153.1953983381436,-27.737594267994695],[153.19465548509993,-27.737883626067454],[153.1936751679689,-27.737689874168073],[153.1936695279681,-27.737688764168627],[153.19329912991745,-27.73760626420675],[153.19311515993945,-27.73793496822271],[153.1928362619592,-27.738326921247815],[153.19240478397353,-27.738805889287605],[153.19197347798192,-27.7392381873278],[153.19083322599388,-27.740301124434577],[153.190422878004,-27.74072892947269],[153.1902055440058,-27.740927934493083],[153.1890410330253,-27.742070711601716],[153.18868016503131,-27.742424249635384],[153.1870621070529,-27.74396937978665],[153.18675489706226,-27.74430377681501],[153.18656799907717,-27.744579835831754],[153.1864189650946,-27.74484243084471],[153.18629072611725,-27.74512901785541],[153.1861749291524,-27.745503364864156],[153.18613779519148,-27.74584083886523],[153.1861372292465,-27.746272666861874],[153.186200865354,-27.747060781849264],[153.18630456948435,-27.747994182831395],[153.1866383329022,-27.750983892774084],[153.18685565115715,-27.752796797737815],[153.18685862419107,-27.7530594977354],[153.18710691522205,-27.753091826710083],[153.18806355434182,-27.753216333612478],[153.18851875539968,-27.753282151565955],[153.18975199755815,-27.753474950439823],[153.1899136895651,-27.753391801424176],[153.19001580759203,-27.753516196412868],[153.19050105665443,-27.753592058363207],[153.19065713067442,-27.753616459347263],[153.19210410086035,-27.7538426511993],[153.19237845389583,-27.753887496171203],[153.19477219920574,-27.75427888992625],[153.19488123820798,-27.754204167915802],[153.1948957822099,-27.754206536914342],[153.19512981224017,-27.754244720890377],[153.19536986927116,-27.7542838738658],[153.19562102130368,-27.754324837840095],[153.19587206833617,-27.754365785814375],[153.1961230343687,-27.754406718788747],[153.1964212434073,-27.7544553637582],[153.19646026241224,-27.75446172675423],[153.1966329074346,-27.754489882736532],[153.19712934649888,-27.754570856685746],[153.19746874953825,-27.754590838651247]]]}},{"type":"Feature","id":"2026-08-03-wolffdene","properties":{"collectionId":"2026-08-03","areaId":"wolffdene","areaName":"Wolffdene","startsOn":"2026-08-03","endsOn":"2026-08-14","putOutFrom":"2026-08-01"},"geometry":{"type":"Polygon","coordinates":[[[153.16851881096846,-27.80609738016897],[153.16884434980005,-27.804499975148733],[153.16915316869176,-27.80338888512632],[153.1692422626898,-27.803298085118037],[153.16912292664236,-27.803027532132198],[153.16903098658685,-27.802671670144296],[153.16897377354022,-27.80235499815257],[153.16892100947956,-27.801924742161297],[153.16892929442852,-27.80151857316367],[153.16891020538878,-27.801222741167948],[153.16894441134568,-27.80085599316734],[153.1690066903174,-27.800581760163233],[153.16913449830602,-27.800383679151913],[153.16951500628707,-27.79991072311721],[153.17005680528297,-27.79941698806638],[153.17094060832875,-27.79902296398026],[153.17197345239674,-27.798675021878754],[153.1725332514262,-27.798428064824183],[153.17322012845412,-27.798062568757704],[153.17415390150455,-27.79766153466658],[153.17509861956282,-27.797312765573963],[153.17587960461256,-27.79703708649724],[153.17657882666558,-27.796856797428042],[153.17711513471045,-27.79675169237473],[153.17755526274453,-27.79664365133116],[153.1781998197867,-27.796424693267788],[153.17881693681795,-27.7961435982077],[153.17950956484955,-27.795800737140414],[153.1801036748742,-27.795488200082907],[153.1804122478912,-27.79535886505278],[153.18073982691823,-27.79529116202021],[153.18104223194538,-27.795245914990023],[153.18141391897714,-27.795178158953007],[153.18172255199923,-27.795088051922548],[153.18193031100603,-27.79496445390257],[153.18210024400864,-27.79484089388634],[153.18224494200572,-27.794694943872884],[153.18234553199875,-27.794554671863835],[153.18241313097926,-27.794343686858642],[153.18255095193186,-27.79385578484859],[153.18273270887505,-27.793255707834977],[153.1828635408194,-27.792708514826092],[153.18302023377194,-27.792203767814215],[153.1833142487041,-27.791422075790702],[153.1836541666086,-27.790384618764552],[153.1839963865237,-27.789428724737515],[153.1842349024787,-27.788873426717803],[153.18444233446257,-27.78857041869924],[153.18485738344464,-27.78807654166121],[153.18549071342994,-27.787422969602407],[153.1859937984079,-27.786822445556297],[153.18630193939555,-27.78646325252805],[153.1869046093875,-27.785887151471684],[153.18732605937882,-27.785460531432463],[153.1879340933758,-27.784918963375308],[153.18839971037696,-27.78453151833132],[153.18885830836658,-27.784060909288712],[153.18948093134756,-27.78338172923114],[153.1900219173404,-27.782865240180616],[153.1905554013306,-27.78233403613087],[153.1910260473216,-27.781863823086994],[153.19138363731952,-27.78154315705341],[153.19206282532843,-27.781034572988812],[153.19243332733228,-27.780749453953614],[153.19266985432972,-27.780528223931494],[153.19284840731623,-27.78027118591546],[153.19298052830038,-27.78003476490396],[153.19301364625318,-27.7796369629038],[153.19300644822246,-27.779401874906355],[153.19285296616152,-27.779056406924564],[153.1927139611186,-27.778837962940358],[153.19254343207072,-27.778608357959367],[153.19226624799998,-27.778290709989943],[153.19195684791842,-27.77791554402413],[153.19157690582426,-27.777501582065813],[153.1912195007513,-27.77723378610404],[153.19086904070062,-27.777135624140186],[153.1905586046627,-27.777102514171876],[153.19016659961355,-27.77705095621182],[153.18985150757433,-27.77701214624399],[153.1895931955477,-27.777023717270016],[153.1888939894848,-27.777125581339853],[153.18861778845752,-27.777147210367584],[153.18819350040687,-27.77711138041073],[153.187839866365,-27.77708468544667],[153.1875118543111,-27.77694228248091],[153.1872339402574,-27.77675814151046],[153.18693584219236,-27.77650259354262],[153.1867749391476,-27.77628853856054],[153.18660450009568,-27.776027231579807],[153.18647814505616,-27.775825589594167],[153.1864021490193,-27.77560144660359],[153.18636410699656,-27.77545575060859],[153.18638282998575,-27.775354809607514],[153.18644546696467,-27.775136090602896],[153.18650556395028,-27.77497252759811],[153.18671903792438,-27.774588092579577],[153.18689501991128,-27.774335585563822],[153.1870647969039,-27.77413353254825],[153.18726623091285,-27.77403236152871],[153.18744263093058,-27.774020909510977],[153.187776654974,-27.774076520476772],[153.18832670204037,-27.77412889842081],[153.18874029107988,-27.77408640037934],[153.18944852115786,-27.774094365307732],[153.19053842127323,-27.774070530197804],[153.19147235935284,-27.773899413104772],[153.19220523540042,-27.773648119032742],[153.19280737642242,-27.773307627974543],[153.19333563042989,-27.772916963924256],[153.19356694842534,-27.772684580902766],[153.19368716341432,-27.772496706892078],[153.19375694538317,-27.77219270788746],[153.19377660835448,-27.77195135388733],[153.19364490426022,-27.77132585490557],[153.19353321216133,-27.770646704922207],[153.19349227110214,-27.77021773092974],[153.19348108002487,-27.769622525935603],[153.1934199179544,-27.769122070945713],[153.1932985108784,-27.768630637961845],[153.19326793384315,-27.76838040996694],[153.19329746780292,-27.768040715966634],[153.1933873967784,-27.767772442959643],[153.19357686476417,-27.767499542942627],[153.19393728671758,-27.766828669911526],[153.19368251369096,-27.766836477937222],[153.19358508267868,-27.766822805947164],[153.19074668731952,-27.76642456623711],[153.19062364130482,-27.76641421724965],[153.19045669625626,-27.766176238268372],[153.1902917182168,-27.7660068642864],[153.19000005715753,-27.765790834317585],[153.18890448695893,-27.765167988433173],[153.1886946109212,-27.76505097645528],[153.18730784167184,-27.764277144601497],[153.1869961616139,-27.764088347634466],[153.1866840565498,-27.763852133667847],[153.186462849496,-27.763618617692067],[153.1862658264413,-27.763358465714013],[153.18610331438296,-27.76303946873294],[153.1857550742339,-27.762167742775034],[153.1856542971866,-27.76188358578742],[153.1855780111359,-27.76155081279774],[153.18554868509065,-27.761221660803315],[153.18541408314715,-27.761778554812498],[153.1843958717362,-27.76725879187212],[153.18440218275958,-27.767436800870065],[153.1842113287394,-27.767441457889355],[153.1834315806526,-27.76742488796822],[153.1829592055721,-27.767196088017716],[153.18187008143414,-27.767042032128987],[153.18115133034354,-27.766943327202327],[153.18111327332528,-27.766833386207036],[153.1794412960767,-27.766308828380026],[153.17914275804193,-27.76628998641035],[153.1787807789997,-27.76626708344709],[153.17827445992256,-27.766093536499568],[153.17717173665108,-27.76490527362034],[153.17692291661567,-27.76483970064596],[153.17534950439193,-27.764425261808125],[153.17362052929985,-27.7651754089768],[153.17173378212226,-27.76538950816561],[153.1716632541276,-27.765491678171898],[153.17141156610364,-27.765518731197105],[153.17112918204435,-27.765294365227394],[153.1710751800227,-27.765170543233832],[153.1692015896486,-27.76383361143354],[153.1682501655287,-27.763703539530617],[153.16274779283506,-27.762951328091948],[153.16243811001962,-27.764661713109668],[153.1607457178019,-27.76439589228261],[153.15986879228328,-27.768917642335392],[153.16016335832126,-27.768964774305307],[153.1599663723234,-27.769149116323735],[153.15876165817446,-27.76900754844642],[153.1578338822572,-27.770446858528683],[153.1576732403541,-27.771343297537825],[153.1583215735424,-27.77226760146507],[153.15827953765353,-27.773174471462227],[153.15848598583636,-27.774432055431433],[153.15806788994107,-27.775609045464318],[153.1580008340504,-27.776523783463876],[153.15760973804507,-27.776814683501094],[153.1558848170706,-27.786324329600077],[153.1560550331105,-27.786491766581587],[153.1613177427895,-27.787328905043918],[153.1628903669949,-27.78759836288304],[153.16259820816103,-27.789148969900317],[153.16248907915087,-27.789162001911198],[153.1617594505631,-27.79301429395449],[153.16134581680362,-27.79525144997854],[153.16091846705217,-27.79756343300347],[153.1603984683528,-27.80036281703382],[153.16001282557443,-27.802427805056467],[153.16011255169443,-27.803282796039657],[153.15980327886422,-27.804877444058313],[153.16851881096846,-27.80609738016897]]]}},{"type":"Feature","id":"2026-08-24-logan-central","properties":{"collectionId":"2026-08-24","areaId":"logan-central","areaName":"Logan Central","startsOn":"2026-08-24","endsOn":"2026-09-04","putOutFrom":"2026-08-22"},"geometry":{"type":"Polygon","coordinates":[[[153.10695046876629,-27.652784764587533],[153.10726731980623,-27.652829460555235],[153.10968999612086,-27.653243839307958],[153.10996158415546,-27.65328575628025],[153.11033923220376,-27.653344049241795],[153.11054237222962,-27.65337541622106],[153.11053153123822,-27.65345180722156],[153.11050415025974,-27.653644650222812],[153.11048027928587,-27.653870902223442],[153.11048097929174,-27.65391597122295],[153.11052504231284,-27.654045029217528],[153.11059261133263,-27.654142863209916],[153.11065545735238,-27.6542449882028],[153.11076364738,-27.654370456190925],[153.11090941740974,-27.654480307175362],[153.1110717954398,-27.65457830515826],[153.11124527546679,-27.65464389214025],[153.11136558748322,-27.654670290127925],[153.11164756852259,-27.65474069809894],[153.11225274959878,-27.65482550803737],[153.11247117762633,-27.654856122015083],[153.11251205162188,-27.654786519011523],[153.11268576961217,-27.654561853995787],[153.11295124063398,-27.654507240969505],[153.11312047364777,-27.654472424952747],[153.1128954735548,-27.653931981979643],[153.11274533041833,-27.652985833002237],[153.1127143954019,-27.652882009006223],[153.1125772673286,-27.652421757023625],[153.11253801730763,-27.652290127028632],[153.11247088828645,-27.65218082003626],[153.11235939025127,-27.65199929404892],[153.1122664592221,-27.651848010059503],[153.1121084471723,-27.65159077807744],[153.1120767671652,-27.651562220080844],[153.11177294009767,-27.651288352113646],[153.1114002990147,-27.650952495153806],[153.11139651401385,-27.650949067154198],[153.1112707259899,-27.650867402167506],[153.1111293879629,-27.650775633182494],[153.11098805793594,-27.65068388619745],[153.11084669790898,-27.650592147212446],[153.1107053608821,-27.650500408227387],[153.11055569385366,-27.65040329024324],[153.11047354283795,-27.65034997425195],[153.110413848825,-27.650298960258347],[153.11028150479632,-27.650185822272572],[153.1101491447677,-27.65007270828681],[153.11001679973901,-27.64995958630101],[153.10988445571036,-27.649846463315225],[153.10983818770032,-27.649806923320224],[153.11003542669928,-27.649631514301703],[153.11016522269836,-27.649513668289618],[153.11000143666433,-27.64938542130712],[153.10870748030825,-27.64768259145088],[153.10871522930353,-27.647638797450437],[153.10874867428316,-27.647449984448585],[153.1089415101657,-27.64636103743775],[153.10897471814545,-27.646173491435878],[153.10907747608292,-27.64559316543015],[153.1091262180532,-27.645317911427398],[153.10915195903746,-27.645172506425993],[153.109314874058,-27.645195222409388],[153.10971318210804,-27.645250789368834],[153.10998345214213,-27.645288481341307],[153.1101046131573,-27.64530538732893],[153.11034266718735,-27.64533858630473],[153.11110762528347,-27.645444541226823],[153.11134871131372,-27.64547793520229],[153.11195108338944,-27.645561359140995],[153.11222615142395,-27.64559945411294],[153.11298730151964,-27.645704872035434],[153.11320328654685,-27.64573477901345],[153.1134145555733,-27.64576403699196],[153.11401344064862,-27.645846968930964],[153.11432765368812,-27.645890495898975],[153.1150395867776,-27.64598958782645],[153.11524783080395,-27.64601904780525],[153.11546315983105,-27.646049505783342],[153.11602389790153,-27.646127058726222],[153.1163002919361,-27.646164193698112],[153.11814428916853,-27.646424412510246],[153.11831390918974,-27.646447330492983],[153.11830805217076,-27.6463030054947],[153.11831217313934,-27.646052941496272],[153.11833761610245,-27.645740344496172],[153.11835834407813,-27.645531609495734],[153.1183803080515,-27.64530272749535],[153.11843302098043,-27.644698678494812],[153.118476747927,-27.64424061749401],[153.1186008527752,-27.642940341491773],[153.11862692965792,-27.641994870496614],[153.11862030562637,-27.641751899499226],[153.11860357154666,-27.641139164505752],[153.11862035751716,-27.640892110506012],[153.1186659193506,-27.63954267651208],[153.1186968612769,-27.638936288513758],[153.11871352817883,-27.638150497518303],[153.11871729016855,-27.638066172518588],[153.1186036541543,-27.63805007153021],[153.11847988513875,-27.638033784542767],[153.11604274783286,-27.637697814790947],[153.1158129048038,-27.637664808814353],[153.11301187444974,-27.637260168099726],[153.11273878841567,-27.637224375127513],[153.11125487822864,-27.637014373278625],[153.11103194220067,-27.63698378130136],[153.110812254173,-27.636952235323722],[153.10905785095213,-27.636706046502365],[153.10882195792172,-27.636667288526414],[153.10864774889973,-27.636641717544173],[153.10858380789145,-27.636631242550706],[153.10829624485515,-27.63659011558003],[153.10816043583816,-27.63657175659382],[153.10818244482493,-27.6364489715926],[153.10828953176056,-27.635851487586503],[153.10833837073136,-27.635579063583727],[153.1083759737087,-27.635369292581604],[153.1084092556887,-27.635183579579703],[153.10826188267603,-27.635209299594404],[153.10591238047434,-27.635619243827716],[153.10563176945024,-27.635668201855644],[153.10534115142528,-27.63571891788447],[153.10500399038776,-27.635710848918492],[153.10261139300854,-27.63475954416694],[153.10249959699078,-27.634715087178545],[153.10245860401562,-27.63494549618084],[153.10231574610208,-27.635748341188886],[153.10228024412353,-27.635947875190862],[153.10212982421461,-27.63679312119938],[153.1019633492262,-27.637026100214243],[153.10184484027636,-27.63752221222228],[153.10240820837123,-27.637789725163433],[153.1024375483817,-27.63784725916003],[153.10239719639583,-27.63799334216294],[153.10215474745306,-27.638650468182178],[153.1021187984598,-27.63873422018509],[153.10209155146035,-27.638761281187655],[153.10205067745946,-27.638789519191512],[153.1019326904515,-27.63882703220311],[153.1017148644363,-27.638892821224527],[153.10146170141869,-27.638969115249424],[153.0997438282987,-27.63948684841825],[153.09837193020505,-27.639916933552968],[153.09820492618852,-27.639929063569696],[153.0971265510527,-27.6397775106795],[153.09688140502197,-27.639744072704435],[153.09660661998717,-27.639703473732375],[153.09644266196793,-27.639691053749026],[153.0962348949499,-27.63972610076965],[153.09588136492835,-27.6398579018042],[153.09592928694647,-27.639959877798557],[153.09624168306988,-27.640665857761554],[153.0963276101038,-27.64086004175132],[153.0964135381377,-27.641054226741133],[153.09649947317163,-27.64124840373096],[153.09658539320566,-27.64144259672074],[153.09667133523956,-27.64163680371061],[153.09675727827354,-27.641831010700425],[153.09684334030743,-27.642025455690188],[153.09521982820436,-27.642595602849134],[153.09442662415395,-27.642874135926757],[153.0953233385079,-27.644898472820508],[153.09540424453587,-27.645049868811142],[153.09896957076532,-27.643821998461952],[153.09998179982585,-27.6434366173631],[153.1000348328459,-27.64354955335686],[153.10005699086298,-27.64366544735369],[153.10005676688385,-27.6438301123524],[153.09978304104155,-27.645304664368364],[153.09972824207173,-27.64558975337161],[153.09960840614158,-27.64624155237849],[153.09956161716883,-27.646495431381197],[153.0994359782413,-27.64717423838847],[153.0993866622689,-27.64743294539139],[153.09912836641908,-27.64883584440634],[153.09907433445042,-27.649129308409435],[153.09902645647912,-27.649395450412207],[153.0989847845026,-27.649616263414632],[153.09893320453273,-27.649897492417622],[153.09864054569934,-27.651459112434694],[153.09861342571475,-27.65160302743631],[153.09877848573555,-27.65162653441948],[153.09918151778643,-27.65168395537847],[153.0993985088138,-27.6517148753564],[153.10008542990053,-27.65181277628647],[153.10030392592813,-27.651843897264172],[153.10065840197285,-27.65189439022809],[153.10088432600116,-27.65192497420511],[153.10224944417357,-27.65212045506615],[153.10247674620194,-27.65215060804299],[153.10274316423568,-27.652188956015905],[153.10289873925527,-27.652211054000034],[153.10314196328594,-27.652245564975306],[153.1042945464314,-27.652409157857928],[153.10456876546544,-27.652444435830006],[153.1053101195591,-27.652550047754556],[153.10554822458914,-27.652583955730293],[153.10598983564483,-27.652646883685357],[153.10622576567462,-27.6526805006613],[153.10669846073426,-27.652747831613148],[153.10695046876629,-27.652784764587533]]]}},{"type":"Feature","id":"2026-08-24-woodridge","properties":{"collectionId":"2026-08-24","areaId":"woodridge","areaName":"Woodridge","startsOn":"2026-08-24","endsOn":"2026-09-04","putOutFrom":"2026-08-22"},"geometry":{"type":"Polygon","coordinates":[[[153.1178638187017,-27.627243041690164],[153.11774430365205,-27.626954212704497],[153.11751770156832,-27.626487298731004],[153.11733486450893,-27.626175454751873],[153.11678599632202,-27.62517054981513],[153.11661499724892,-27.624739541835797],[153.11652425720672,-27.62448447784689],[153.1164318101637,-27.624224840858258],[153.11642029115728,-27.624183243859814],[153.1163473871159,-27.62391988086921],[153.11619050103957,-27.623452274888717],[153.11606537596376,-27.622961281905194],[153.11602578292903,-27.62272143991109],[153.11599423690373,-27.622549413915667],[153.11598451386817,-27.62227713991879],[153.11580232464317,-27.62066056494991],[153.11575891759625,-27.620328067956926],[153.1154202815505,-27.620255245991576],[153.11467865144516,-27.620056099067856],[153.11407157036854,-27.61996882312974],[153.1137494893277,-27.619921080162545],[153.11144948003763,-27.619592368396837],[153.1110038829809,-27.619524187442252],[153.10840538865273,-27.619149237706935],[153.10816881062246,-27.61911197673101],[153.10723493150482,-27.618979981826158],[153.10691367146444,-27.618935017858828],[153.10554883629217,-27.618738470997865],[153.10519877124798,-27.61868833703351],[153.10224511487624,-27.61827138733418],[153.10121547374655,-27.618126019439046],[153.10109029673126,-27.618111498451743],[153.10112868971245,-27.617931171449293],[153.10104782868464,-27.617779999458612],[153.1010230996848,-27.617802552460933],[153.10099048868284,-27.61781477146417],[153.10083483866958,-27.6178427704796],[153.10077390066436,-27.617853611485668],[153.10069372465588,-27.61785499749368],[153.10041896962133,-27.617816172521653],[153.100337907612,-27.61781195552988],[153.10029457460746,-27.617813229534228],[153.09981506254726,-27.617746471583043],[153.099009201446,-27.617634236665044],[153.0986733594038,-27.617587483699218],[153.09785837730124,-27.617472140782173],[153.097745448287,-27.617456531793675],[153.09724813722528,-27.617393089844224],[153.09664665215138,-27.61732292790535],[153.09630244211095,-27.617296947940183],[153.09557142902673,-27.617255098014105],[153.0955694540308,-27.61728904301406],[153.09503949396426,-27.617215238068002],[153.094704038922,-27.61716812710213],[153.0947025569464,-27.617361701100716],[153.09471262997155,-27.61755130309824],[153.09469702098127,-27.617641418099076],[153.09450015410516,-27.618785194109844],[153.09409348705424,-27.61873008215122],[153.09403010509277,-27.619087866154793],[153.09400782710637,-27.61921358015602],[153.09398396312088,-27.619348294157355],[153.09396172313436,-27.619473836158587],[153.09393948314798,-27.619599386159845],[153.09391723616145,-27.619724928161055],[153.09389499617495,-27.619850471162337],[153.09387113218943,-27.619985155163658],[153.09384727520396,-27.620119839164985],[153.09382502721755,-27.62024538916624],[153.09380278723108,-27.620370931167514],[153.0937805472446,-27.620496473168735],[153.0937583072581,-27.620621978170004],[153.0937361872716,-27.620746857171245],[153.09372429527875,-27.62081395017191],[153.09464181239437,-27.62094376907851],[153.0956595465224,-27.62108648497491],[153.09581819154218,-27.621107941958773],[153.09613776961694,-27.621424934924107],[153.09678829475078,-27.621926403854687],[153.09714934983413,-27.62227612581559],[153.09748160094807,-27.622891119777275],[153.09745661896417,-27.623039445778588],[153.09736776401857,-27.62354349978354],[153.09734134403473,-27.623693479785015],[153.09727779007363,-27.624054184788598],[153.09727199407718,-27.6240871087889],[153.09724100709624,-27.624263150790597],[153.0971779971348,-27.62462117379415],[153.09714767315336,-27.62479336479583],[153.09712243116883,-27.624936839797265],[153.0971126561748,-27.62499188479777],[153.0970836731924,-27.62515505279941],[153.0970546832099,-27.625318212801037],[153.0970257002275,-27.62548138780268],[153.09699671024507,-27.625644540804267],[153.09696771226265,-27.625807708805937],[153.09693872228019,-27.62597087680753],[153.09690971729782,-27.62613403680915],[153.09688071231537,-27.6262971968108],[153.09685170733295,-27.62646035781247],[153.09682269435052,-27.626623517814085],[153.09679365936807,-27.626786677815723],[153.09676429638577,-27.626950702817396],[153.09673497840365,-27.62711656681902],[153.096336603351,-27.627040779859712],[153.0914606147321,-27.6263139833562],[153.09098828601293,-27.628929614383093],[153.09460718876485,-27.631774692996355],[153.09487651257257,-27.63003000498301],[153.09553657467126,-27.6302463099149],[153.09616124575132,-27.63034447885125],[153.09612932777063,-27.630523821853007],[153.09609740978993,-27.630703149854806],[153.09606550580924,-27.63088249285661],[153.09603362482846,-27.63106179885842],[153.0960016098478,-27.631241118860185],[153.09596960186718,-27.63142044686199],[153.09593761688637,-27.631599774863776],[153.09587361692502,-27.631958408867405],[153.09584160894426,-27.632137744869247],[153.09577762298287,-27.632496318872807],[153.09571755701913,-27.632832838876215],[153.0956575130553,-27.633169373879632],[153.09562551207466,-27.633348634881404],[153.0955935270939,-27.6335279038832],[153.09555655011627,-27.633735081885256],[153.09552452713555,-27.63391433588713],[153.09548809415747,-27.634118235889147],[153.09546046717412,-27.634272894890685],[153.0953814092225,-27.63472119589511],[153.0953497962418,-27.634900508896905],[153.09531823526112,-27.635079799898644],[153.09528594528035,-27.635258941900485],[153.09526219229488,-27.635393394901786],[153.09523843230943,-27.635527862903118],[153.09522260031903,-27.63561746390403],[153.09514336336736,-27.63606572790846],[153.09509728139548,-27.636326713911036],[153.09505956641848,-27.636540240913174],[153.09503043443627,-27.636705195914754],[153.09500131845414,-27.63687014491637],[153.09498763146237,-27.636947689917154],[153.09497220847192,-27.637035107918038],[153.09494308448973,-27.63720007091963],[153.09491398150743,-27.637365041921264],[153.09489026652193,-27.637499435922575],[153.09486111253972,-27.637664383924232],[153.0948319875575,-27.637829332925868],[153.0948028555753,-27.637994280927508],[153.09477373159308,-27.63815918492912],[153.09474462261082,-27.638324080930737],[153.0947155056287,-27.638488976932365],[153.09468640364648,-27.638653857933985],[153.09456627771957,-27.63933244194071],[153.0960863229112,-27.639547935785973],[153.09640803895178,-27.639593525753234],[153.0964486749569,-27.639599284749146],[153.09644266196793,-27.639691053749026],[153.09660661998717,-27.639703473732375],[153.09688140502197,-27.639744072704435],[153.0971265510527,-27.6397775106795],[153.09820492618852,-27.639929063569696],[153.09837193020505,-27.639916933552968],[153.0997438282987,-27.63948684841825],[153.10146170141869,-27.638969115249424],[153.1017148644363,-27.638892821224527],[153.1019326904515,-27.63882703220311],[153.10205067745946,-27.638789519191512],[153.10209155146035,-27.638761281187655],[153.1021187984598,-27.63873422018509],[153.10215474745306,-27.638650468182178],[153.10239719639583,-27.63799334216294],[153.1024375483817,-27.63784725916003],[153.10240820837123,-27.637789725163433],[153.10184484027636,-27.63752221222228],[153.1019633492262,-27.637026100214243],[153.10212982421461,-27.63679312119938],[153.10228024412353,-27.635947875190862],[153.10231574610208,-27.635748341188886],[153.10245860401562,-27.63494549618084],[153.10249959699078,-27.634715087178545],[153.10261139300854,-27.63475954416694],[153.10500399038776,-27.635710848918492],[153.10534115142528,-27.63571891788447],[153.10563176945024,-27.635668201855644],[153.10591238047434,-27.635619243827716],[153.10826188267603,-27.635209299594404],[153.1084092556887,-27.635183579579703],[153.1083759737087,-27.635369292581604],[153.10833837073136,-27.635579063583727],[153.10828953176056,-27.635851487586503],[153.10818244482493,-27.6364489715926],[153.10816043583816,-27.63657175659382],[153.10829624485515,-27.63659011558003],[153.10858380789145,-27.636631242550706],[153.10864774889973,-27.636641717544173],[153.10882195792172,-27.636667288526414],[153.10905785095213,-27.636706046502365],[153.110812254173,-27.636952235323722],[153.11103194220067,-27.63698378130136],[153.11125487822864,-27.637014373278625],[153.11273878841567,-27.637224375127513],[153.11301187444974,-27.637260168099726],[153.1158129048038,-27.637664808814353],[153.11604274783286,-27.637697814790947],[153.11847988513875,-27.638033784542767],[153.1186036541543,-27.63805007153021],[153.11871729016855,-27.638066172518588],[153.11872285614442,-27.637871533519597],[153.11875218207842,-27.63732699252094],[153.1187700330422,-27.63702628752149],[153.11887741090723,-27.63587288551978],[153.11890386787294,-27.635580442519455],[153.11891522985627,-27.635439484519388],[153.11894141879128,-27.63490582952101],[153.11893007174797,-27.63457409252476],[153.11872839240854,-27.632073491564846],[153.1187023743648,-27.63175108257004],[153.1185995491917,-27.630475803590475],[153.1185498311342,-27.63006548559873],[153.11851020207473,-27.629630669606186],[153.1185326580435,-27.62936546660597],[153.1185064089918,-27.628980934611665],[153.11848129295547,-27.628715887616305],[153.11832163487733,-27.628236688636157],[153.11817957481063,-27.62783245665367],[153.11798393674403,-27.627474545676225],[153.1178638187017,-27.627243041690164]]]}},{"type":"Feature","id":"2026-09-07-kingston","properties":{"collectionId":"2026-09-07","areaId":"kingston","areaName":"Kingston","startsOn":"2026-09-07","endsOn":"2026-09-18","putOutFrom":"2026-09-05"},"geometry":{"type":"Polygon","coordinates":[[[153.11053568921244,-27.668987273098367],[153.11065281223327,-27.669051616086087],[153.11072715425934,-27.669193878077447],[153.1108016223016,-27.669463201067824],[153.11095035836163,-27.669808707050077],[153.1110818013978,-27.669981426035523],[153.1112131404217,-27.670057557021636],[153.1114346394599,-27.67016953899848],[153.1116633265017,-27.67030405897437],[153.11172051651474,-27.670357888968184],[153.1118433245458,-27.67049738695469],[153.11190494056183,-27.670571877947918],[153.11194564357734,-27.670658445943097],[153.11197393360732,-27.6708708539386],[153.11203040163116,-27.67101017293181],[153.11210096564488,-27.671058064924306],[153.11221539166715,-27.671135729912155],[153.11257036772622,-27.671298211875094],[153.1126574947438,-27.671361877865873],[153.1126975417529,-27.671399889861533],[153.11272732176045,-27.671434050858238],[153.1128394447882,-27.671556732846028],[153.11291734881272,-27.671683362837122],[153.11295919083202,-27.671799889832037],[153.11306370786625,-27.671980558820053],[153.11321239890367,-27.672147794803735],[153.11331490392416,-27.67222203979282],[153.1134098769495,-27.672340212782352],[153.11340816297158,-27.672515889781103],[153.11325867500187,-27.672880901793302],[153.11315656502921,-27.673183491801197],[153.1131360830745,-27.67355683280031],[153.1131135671027,-27.673798410800647],[153.11304738412136,-27.67400131280571],[153.11302177612478,-27.67405003980794],[153.112975441131,-27.67413820181192],[153.11297641713517,-27.674170857811532],[153.11316590822605,-27.67472441378807],[153.1134542083145,-27.67517405575544],[153.11382468840495,-27.675571314715018],[153.11436577854468,-27.67620906965548],[153.11476001867038,-27.676862626610628],[153.11493018272108,-27.677116631591463],[153.11486653171917,-27.677155710597535],[153.11448837070802,-27.67738976263378],[153.11552359192834,-27.678241803522802],[153.11697430211117,-27.678445122375],[153.11679560723152,-27.67954351738431],[153.11691515926054,-27.67966988637131],[153.12015441135352,-27.677643328060952],[153.1200486793301,-27.677548936072363],[153.11997538131004,-27.677454195080504],[153.1196909322739,-27.677411995109484],[153.12012192624593,-27.676824986070695],[153.12057978716135,-27.675769105032884],[153.12070574606997,-27.674943260026723],[153.1207059100699,-27.6749423360267],[153.12075620103744,-27.674644685024017],[153.12065549202484,-27.674631326034277],[153.12057036201472,-27.674623824042893],[153.1205801590061,-27.674548260042517],[153.12052677597134,-27.67432032404972],[153.12051206794462,-27.67412245205276],[153.12055528191976,-27.673890128050218],[153.12043423187282,-27.673623531064504],[153.12020695981866,-27.67339143808922],[153.1198878737508,-27.673129319123493],[153.11958811368618,-27.67287577615565],[153.1194092476493,-27.672738290174795],[153.11932698562288,-27.672600700184155],[153.11930265959947,-27.672437257187887],[153.11941838258844,-27.672251797177726],[153.11969812957173,-27.671881608152447],[153.11989591956356,-27.671649150134396],[153.12013710255187,-27.67135213211241],[153.12028180754513,-27.67117564309922],[153.12034442953163,-27.671016424094166],[153.12041673752248,-27.670883006087973],[153.12048426251837,-27.670792616081854],[153.12058079152055,-27.670728012072647],[153.12069664152546,-27.670667685061417],[153.12085118053938,-27.670646041046076],[153.12132456859442,-27.67067573899812],[153.12154183460746,-27.67059381197687],[153.12169145761,-27.67048614396266],[153.12177498560462,-27.67037245495515],[153.1217880765839,-27.670198923955176],[153.12170904054443,-27.669955810965043],[153.1215511784894,-27.669656655983324],[153.12139030543457,-27.669362611001883],[153.12123952839647,-27.669191196018414],[153.12109585937185,-27.66911958103344],[153.12079811133174,-27.669057458063957],[153.1205949493066,-27.66903268408463],[153.12032178827707,-27.669032923112127],[153.1201431682569,-27.669026843130197],[153.1200450882444,-27.669011331140197],[153.11996100823126,-27.66898021014889],[153.11993049822385,-27.668947681152204],[153.11987334520998,-27.668886720158476],[153.11981021619238,-27.668802558165517],[153.11976106517318,-27.66869343717132],[153.1197226721561,-27.668591200176003],[153.11961916814477,-27.668590068186408],[153.1196090281437,-27.66858995618746],[153.1195906401302,-27.66849997519],[153.11961092113248,-27.66850017718799],[153.11971147414343,-27.66850117517782],[153.1197082401338,-27.668428368178752],[153.119689576115,-27.668296448181664],[153.11968330310876,-27.66825208018267],[153.11959108709922,-27.668255626191886],[153.1182805969638,-27.668306022323524],[153.11805958294212,-27.668323240345696],[153.11637644473115,-27.668096869517004],[153.11642889673342,-27.668069220511985],[153.11683240475,-27.667856364473003],[153.117148555763,-27.66768964344244],[153.11723578676654,-27.66764365043407],[153.11763923578317,-27.667430944395086],[153.11804266979976,-27.667218163356093],[153.11845501481878,-27.667016140316168],[153.11852472982164,-27.666979290309424],[153.11907801784432,-27.666686854256003],[153.11909900584513,-27.666675753253987],[153.11908850784235,-27.66666223025514],[153.11905989083522,-27.666630424258294],[153.11903207682926,-27.666607826261227],[153.11898303782013,-27.66657710026644],[153.11889753480537,-27.66653415527536],[153.11880829878814,-27.666474669284845],[153.11878224478022,-27.666434987287793],[153.11878950876172,-27.666282765288294],[153.11882648574385,-27.66611065628593],[153.11890808473666,-27.665984838278675],[153.119034289736,-27.665872230266842],[153.11919023073938,-27.66576620125198],[153.11930530474055,-27.6656767492411],[153.11942405973605,-27.665540977230194],[153.1195711487328,-27.665389909216582],[153.11967379573014,-27.665282144207094],[153.11974720672566,-27.665183878200455],[153.11977595771452,-27.665071613198474],[153.11979945670072,-27.66494298619707],[153.11986116268844,-27.664793557192063],[153.1199636676807,-27.664645924182867],[153.12001794567763,-27.664575680177993],[153.1200396196723,-27.664515152176264],[153.12002857765108,-27.66435783317864],[153.12002035164193,-27.66429249117995],[153.12001486063454,-27.664239249180962],[153.1200229666299,-27.66419567818049],[153.12003922462665,-27.66415693517915],[153.1200880856256,-27.664106063174604],[153.12016678562105,-27.66400434016747],[153.12023462361648,-27.66390988916138],[153.1202916276155,-27.66385416615608],[153.12034051061653,-27.66382024315143],[153.12040571062144,-27.663803241145015],[153.12047093362818,-27.66380076813847],[153.12056606964032,-27.663815199128784],[153.12067750065384,-27.663827210117425],[153.12085959267446,-27.663834310099027],[153.12097373568804,-27.663843899087468],[153.12102193369444,-27.663853331082525],[153.12125370673604,-27.663983642058167],[153.12146180877136,-27.664084501036392],[153.12167929079916,-27.664117991014166],[153.1219014528216,-27.664105167991927],[153.12209048083508,-27.664050272973288],[153.12231725484568,-27.66394060795129],[153.1226198228448,-27.66367679692291],[153.12283039083508,-27.66342059390372],[153.1230695918132,-27.663044883882595],[153.12326101180346,-27.66280576486518],[153.12337596680825,-27.662745928854054],[153.12351015982384,-27.662754340840465],[153.12361556983313,-27.662737174829985],[153.12367296982734,-27.662643252824967],[153.12373020480206,-27.662395714821155],[153.12377789578233,-27.66219939181789],[153.12398838976267,-27.661866380799296],[153.12419886074213,-27.66152483878079],[153.12434104771935,-27.661225481768803],[153.1245415807452,-27.661258070748335],[153.12473794076683,-27.66126124472855],[153.1248701807025,-27.660641639720126],[153.12507805171256,-27.660544670699917],[153.12556191473524,-27.66031151265299],[153.1258681635764,-27.658801264634075],[153.12590507355733,-27.65861923963184],[153.12617058259514,-27.658691063604504],[153.12663368866382,-27.658837496556657],[153.12678590368236,-27.658854305541155],[153.12691904569326,-27.658825940527976],[153.12699508669425,-27.658769383520774],[153.12699492967764,-27.65863947552179],[153.12693759764275,-27.6584135955294],[153.1269501146255,-27.658266730529252],[153.12696886759804,-27.65803512852922],[153.12689854852874,-27.657549440540123],[153.12671428946936,-27.657238944561136],[153.12643491540112,-27.6569398415917],[153.12612390533664,-27.656697250624937],[153.1260730923218,-27.656623869630632],[153.12607934331174,-27.656539134630712],[153.12615521329548,-27.656347028624534],[153.12640829425956,-27.655849225602992],[153.1265856252529,-27.655645720586737],[153.12689555419874,-27.65495634056096],[153.1268953981808,-27.654815129562074],[153.12683805814518,-27.6545836025697],[153.12647619106082,-27.654228090608985],[153.126349136022,-27.65403051662331],[153.12631075798194,-27.65374813162941],[153.12639291595997,-27.65350519062307],[153.1265132579557,-27.65336951561203],[153.12667802696294,-27.65328634459605],[153.12723609802677,-27.653314075539587],[153.12794618308914,-27.653200454468944],[153.1288467722008,-27.653312585377265],[153.12908773922678,-27.653312362353006],[153.13008400834585,-27.65340180625185],[153.1305530973793,-27.653265811205646],[153.1309018284134,-27.653237238170707],[153.13110483444393,-27.653304829149725],[153.13120012047222,-27.653445943139022],[153.13125129752507,-27.653818681130936],[153.13125825659267,-27.65434397712605],[153.13119532863684,-27.654745064129234],[153.13129757273188,-27.655405818113728],[153.1312977817534,-27.655575267112347],[153.13128950381937,-27.656101092108983],[153.1313406078644,-27.65641169910142],[153.13142323489342,-27.656569778091832],[153.13163910094397,-27.656784206068373],[153.13230557008066,-27.65729191799717],[153.13261020913941,-27.65749496096487],[153.13281959317345,-27.65758514294305],[153.13294011419018,-27.657613261930653],[153.13311767621005,-27.6576187449127],[153.1332951932249,-27.657584680895102],[153.13339024022721,-27.65752246088601],[153.13384614120466,-27.656957185844522],[153.13395988917458,-27.65662382383569],[153.13410549616518,-27.656425996822566],[153.1342871191642,-27.656263871805557],[153.13443912615156,-27.65603508679199],[153.1344277931351,-27.655915430794114],[153.13431570711157,-27.655825784806098],[153.1341029480848,-27.65579607182779],[153.1338678000569,-27.655776357851646],[153.13366614302234,-27.65567681787281],[153.1335091519801,-27.655477522890198],[153.13348637493706,-27.65515841389498],[153.1336428149222,-27.65490895388121],[153.1340121109431,-27.654758995845178],[153.13454943199102,-27.65467870079161],[153.1348966290399,-27.654768115755928],[153.13515428508296,-27.654887533729017],[153.13545674113084,-27.655006914697562],[153.1356323441554,-27.655050649679474],[153.13581063617596,-27.655060722661485],[153.13587386217816,-27.655024803655355],[153.13589078214613,-27.654758408655766],[153.1359940771345,-27.65457901364675],[153.13667251218686,-27.654414422579666],[153.13748910326865,-27.654362387497738],[153.13768464328967,-27.654362193478022],[153.13771348430197,-27.654433883474567],[153.1377078973176,-27.6545619584741],[153.1375300293408,-27.65489510348941],[153.13746174436687,-27.65515797549422],[153.13735832340626,-27.65555609750147],[153.13721542148005,-27.656258031510333],[153.13723863650412,-27.65642705550666],[153.1373193185304,-27.656565293497483],[153.13748053456533,-27.656703434480104],[153.137653201597,-27.656805715461903],[153.13786034963053,-27.656892597440333],[153.13802199065168,-27.656921639423807],[153.13824634968236,-27.656972646400753],[153.1384592127112,-27.65701854137894],[153.1386317977344,-27.657054222361257],[153.13881009775494,-27.657064280343175],[153.138925015757,-27.656982212332238],[153.1389536107431,-27.65684898833041],[153.13896460769413,-27.65645454033247],[153.1391024436895,-27.65630072331975],[153.1395739387294,-27.656213171272903],[153.13999372676946,-27.65617176023089],[153.14021233479966,-27.656222767208416],[153.14060381785362,-27.656314715168254],[153.14065703683966,-27.656159303164078],[153.14071753581433,-27.65590957515998],[153.1406559417885,-27.65575817916735],[153.14061477776107,-27.65557731617297],[153.1406067387434,-27.65544550017479],[153.14061598472387,-27.655284210175147],[153.14068295768462,-27.65491870717128],[153.14089255755917,-27.653754651159357],[153.14089227454306,-27.6536278791604],[153.1408453055243,-27.65351993516601],[153.14077356450557,-27.6534341191739],[153.14067430048652,-27.653367958184425],[153.14055062846936,-27.653338878197154],[153.13522563879627,-27.65257247374013],[153.13498317476345,-27.65251985076494],[153.13449978770194,-27.652447400814278],[153.13424785367042,-27.6524139778399],[153.133835322618,-27.652352160882025],[153.13359126358702,-27.65231592890691],[153.13250848745045,-27.65216224501728],[153.1323663224325,-27.652142345031777],[153.13226555341964,-27.65212722004205],[153.1320694093947,-27.65209695606203],[153.13118137428262,-27.651970661152586],[153.13103807726375,-27.65194415216722],[153.13089004224145,-27.65189519418255],[153.13058652019305,-27.65177236421411],[153.13048614617645,-27.65172720622454],[153.13035228815804,-27.651696130238317],[153.12890254697376,-27.65147936238613],[153.1284260379138,-27.65141309743469],[153.1281213088752,-27.651368066465754],[153.1265390436757,-27.651144332627013],[153.12634628265133,-27.651116400646654],[153.1257118275712,-27.651025376711335],[153.12526558251412,-27.650955921756843],[153.124698371443,-27.650878725814593],[153.12449554441739,-27.650850041835305],[153.1237256533206,-27.650743535913715],[153.1234300292835,-27.65070246794379],[153.12271625519327,-27.65059988101658],[153.12245356316,-27.650561220043333],[153.12102694097837,-27.650345995188832],[153.12068056293433,-27.650294407224106],[153.1185921576707,-27.64999643643687],[153.11841949764934,-27.649974889454423],[153.11838881662354,-27.649797945458946],[153.11834581158897,-27.649562201465113],[153.1183059505535,-27.649316936471106],[153.11825532548926,-27.648854992479855],[153.11824346345193,-27.64857072348327],[153.1182470024255,-27.648360147484613],[153.1182581633988,-27.64814046748518],[153.11827169436597,-27.647870517485984],[153.11829172133437,-27.647604770486055],[153.11830189830727,-27.64738260148681],[153.11832499520682,-27.646572328490873],[153.11831390918974,-27.646447330492983],[153.11814428916853,-27.646424412510246],[153.1163002919361,-27.646164193698112],[153.11602389790153,-27.646127058726222],[153.11546315983105,-27.646049505783342],[153.11524783080395,-27.64601904780525],[153.1150395867776,-27.64598958782645],[153.11432765368812,-27.645890495898975],[153.11401344064862,-27.645846968930964],[153.1134145555733,-27.64576403699196],[153.11320328654685,-27.64573477901345],[153.11298730151964,-27.645704872035434],[153.11222615142395,-27.64559945411294],[153.11195108338944,-27.645561359140995],[153.11134871131372,-27.64547793520229],[153.11110762528347,-27.645444541226823],[153.11034266718735,-27.64533858630473],[153.1101046131573,-27.64530538732893],[153.10998345214213,-27.645288481341307],[153.10971318210804,-27.645250789368834],[153.109314874058,-27.645195222409388],[153.10915195903746,-27.645172506425993],[153.1091262180532,-27.645317911427398],[153.10907747608292,-27.64559316543015],[153.10897471814545,-27.646173491435878],[153.1089415101657,-27.64636103743775],[153.10874867428316,-27.647449984448585],[153.10871522930353,-27.647638797450437],[153.10870748030825,-27.64768259145088],[153.11000143666433,-27.64938542130712],[153.11016522269836,-27.649513668289618],[153.11003542669928,-27.649631514301703],[153.10983818770032,-27.649806923320224],[153.10988445571036,-27.649846463315225],[153.11001679973901,-27.64995958630101],[153.1101491447677,-27.65007270828681],[153.11028150479632,-27.650185822272572],[153.110413848825,-27.650298960258347],[153.11047354283795,-27.65034997425195],[153.11055569385366,-27.65040329024324],[153.1107053608821,-27.650500408227387],[153.11084669790898,-27.650592147212446],[153.11098805793594,-27.65068388619745],[153.1111293879629,-27.650775633182494],[153.1112707259899,-27.650867402167506],[153.11139651401385,-27.650949067154198],[153.1114002990147,-27.650952495153806],[153.11177294009767,-27.651288352113646],[153.1120767671652,-27.651562220080844],[153.1121084471723,-27.65159077807744],[153.1122664592221,-27.651848010059503],[153.11235939025127,-27.65199929404892],[153.11247088828645,-27.65218082003626],[153.11253801730763,-27.652290127028632],[153.1125772673286,-27.652421757023625],[153.1127143954019,-27.652882009006223],[153.11274533041833,-27.652985833002237],[153.1128954735548,-27.653931981979643],[153.11312047364777,-27.654472424952747],[153.11295124063398,-27.654507240969505],[153.11268576961217,-27.654561853995787],[153.11251205162188,-27.654786519011523],[153.11247117762633,-27.654856122015083],[153.11225274959878,-27.65482550803737],[153.11164756852259,-27.65474069809894],[153.11136558748322,-27.654670290127925],[153.11124527546679,-27.65464389214025],[153.1110717954398,-27.65457830515826],[153.11090941740974,-27.654480307175362],[153.11076364738,-27.654370456190925],[153.11065545735238,-27.6542449882028],[153.11059261133263,-27.654142863209916],[153.11052504231284,-27.654045029217528],[153.11048097929174,-27.65391597122295],[153.11048027928587,-27.653870902223442],[153.11050415025974,-27.653644650222812],[153.11053153123822,-27.65345180722156],[153.11054237222962,-27.65337541622106],[153.11033923220376,-27.653344049241795],[153.10996158415546,-27.65328575628025],[153.10968999612086,-27.653243839307958],[153.10726731980623,-27.652829460555235],[153.10695046876629,-27.652784764587533],[153.10669846073426,-27.652747831613148],[153.10622576567462,-27.6526805006613],[153.10598983564483,-27.652646883685357],[153.10554822458914,-27.652583955730293],[153.1053101195591,-27.652550047754556],[153.10456876546544,-27.652444435830006],[153.1042945464314,-27.652409157857928],[153.10314196328594,-27.652245564975306],[153.10289873925527,-27.652211054000034],[153.10274316423568,-27.652188956015905],[153.10247674620194,-27.65215060804299],[153.10224944417357,-27.65212045506615],[153.10088432600116,-27.65192497420511],[153.10065840197285,-27.65189439022809],[153.10030392592813,-27.651843897264172],[153.10008542990053,-27.65181277628647],[153.0993985088138,-27.6517148753564],[153.09918151778643,-27.65168395537847],[153.09877848573555,-27.65162653441948],[153.09861342571475,-27.65160302743631],[153.0985876617343,-27.6517796584375],[153.0984148088326,-27.65270055744761],[153.09836651386263,-27.652978829450266],[153.09830239389404,-27.65328013845436],[153.0981984359081,-27.65348030546325],[153.09805273289783,-27.6535227444776],[153.09543827871173,-27.654284371734747],[153.09515995469206,-27.654366573762086],[153.09482272666867,-27.65446980179522],[153.09273096857714,-27.655530965997393],[153.09253093556907,-27.655637382016685],[153.092385299574,-27.655800051030088],[153.09214092754726,-27.655797376054668],[153.09195531153384,-27.65585035007291],[153.09136409349767,-27.65606897213071],[153.09107983148962,-27.656247831157934],[153.0914569645858,-27.656683913116485],[153.09166776364754,-27.656990661092888],[153.0918096377007,-27.657288930076213],[153.0918964667531,-27.657627880064815],[153.091918073789,-27.65789213706057],[153.09191059281426,-27.658097706059642],[153.09189445482806,-27.658220119060346],[153.091708898933,-27.65920479507121],[153.09168823097886,-27.659583143070325],[153.09168789497988,-27.659592166070247],[153.0916843189916,-27.659686870069923],[153.09168396899264,-27.65969589306982],[153.09171935902816,-27.65994539006433],[153.09173233804123,-27.6600368530623],[153.09173078807896,-27.66033609906008],[153.09173084108667,-27.66039680605958],[153.09188172211378,-27.660481139043757],[153.09217685516668,-27.660646102012713],[153.092924796301,-27.661067014934137],[153.09345486037856,-27.66122679287954],[153.09361582240882,-27.661327822862532],[153.09428780549754,-27.661453789793875],[153.09536682765057,-27.66173960968298],[153.09589694373244,-27.66193309362811],[153.09619048979206,-27.66215202159681],[153.09655989688338,-27.662556327556434],[153.09691986397365,-27.662960625517037],[153.0970335009987,-27.66306168550478],[153.09744178509789,-27.66349438546029],[153.09838881330091,-27.664285972358673],[153.0987580723665,-27.664487987319912],[153.09916504541792,-27.66454669027845],[153.0996287244649,-27.66452106723197],[153.10059403557668,-27.66457937613432],[153.1008308376323,-27.66481519410864],[153.10167383382722,-27.665632120017264],[153.10177824588243,-27.665977596004034],[153.1017785149199,-27.666272587001714],[153.1019680569769,-27.66655900198037],[153.10234673303594,-27.666702000941108],[153.1026259880677,-27.66671392991288],[153.10279282208063,-27.66667373389641],[153.10295366508478,-27.666569373881014],[153.10326813910638,-27.66647141285013],[153.10350213911877,-27.666370248827363],[153.10361608112413,-27.666315494816306],[153.10369838813787,-27.666352762807758],[153.10852066386863,-27.66799849930911],[153.1086960288917,-27.668030365291212],[153.10871997490034,-27.668077662288418],[153.1087925139115,-27.668103433280884],[153.10882522892527,-27.668184130276998],[153.10890058395685,-27.668369270267927],[153.10890569498088,-27.668553433265927],[153.10886406200393,-27.66877050626845],[153.10887407502597,-27.6689349332661],[153.1089283230435,-27.669026970259903],[153.10910558006464,-27.669042176241934],[153.10927541607987,-27.66901793222506],[153.10946274509223,-27.668955377206665],[153.10959481410492,-27.668943203193475],[153.10984207713432,-27.668964117168404],[153.11016392018033,-27.669051333135283],[153.11040094519936,-27.668999865111857],[153.11053568921244,-27.668987273098367]]]}},{"type":"Feature","id":"2026-09-07-loganlea","properties":{"collectionId":"2026-09-07","areaId":"loganlea","areaName":"Loganlea","startsOn":"2026-09-07","endsOn":"2026-09-18","putOutFrom":"2026-09-05"},"geometry":{"type":"Polygon","coordinates":[[[153.13066749964426,-27.686706444929793],[153.13113782570284,-27.686767561881926],[153.13127956472056,-27.68678596486752],[153.13257285988195,-27.686953997735795],[153.13287775991998,-27.686992920704768],[153.13459639313461,-27.68721739852975],[153.13489407317203,-27.687258071499357],[153.13585733629253,-27.68738526040126],[153.13616413633085,-27.68742549336999],[153.1367982484099,-27.68750774030544],[153.1374165644871,-27.68758822924249],[153.14185650604446,-27.688189855789997],[153.14217867708481,-27.688232934757202],[153.14313822220507,-27.688361249659383],[153.1431211012148,-27.688452787660395],[153.14304462126387,-27.688902966664532],[153.14300655628827,-27.68912705766661],[153.1429684833126,-27.689351133668687],[153.142930418337,-27.689575209670743],[153.1428752913723,-27.689899667673757],[153.14284479639164,-27.690077632675404],[153.1427728464374,-27.69049747967933],[153.14391665851844,-27.690161980566685],[153.144515908561,-27.6899861985076],[153.14637184068357,-27.689370311325288],[153.14883430284618,-27.68855309408334],[153.14926964786108,-27.688300534041442],[153.1494103888595,-27.688168495028297],[153.14947061183622,-27.687934301024026],[153.14946760980607,-27.687699853026228],[153.14935010674827,-27.68734562304085],[153.14904389465437,-27.68686869607555],[153.14816473446737,-27.686147056169943],[153.1463182941363,-27.685116409364298],[153.144631407805,-27.683948240543668],[153.1442243897272,-27.68368353658679],[153.14252525642402,-27.682746244765564],[153.14136923824012,-27.682284003885812],[153.1407881161188,-27.68182486894807],[153.14043029402214,-27.681369943987693],[153.1401903849363,-27.68089949201561],[153.14010771389866,-27.68067390402575],[153.1399758458586,-27.680470697040622],[153.13982075478708,-27.680040411059686],[153.1397340067087,-27.679498560072723],[153.13970076960402,-27.678704350082302],[153.13970055449823,-27.67787303708891],[153.13975871444507,-27.677404984086785],[153.13992174738223,-27.67677325707529],[153.14012453036153,-27.676437288057517],[153.1403831913774,-27.67634218103218],[153.14069739740705,-27.67630836300075],[153.14087399143486,-27.67637653498241],[153.14104616648058,-27.676589614963397],[153.1413647605367,-27.676759986929937],[153.14287748878036,-27.677387824772385],[153.14380676292998,-27.67777349767566],[153.14505332015418,-27.678475528544386],[153.14639850738013,-27.67910627240371],[153.1474272385385,-27.679476811297036],[153.1481399006247,-27.679547592224573],[153.1486877046708,-27.67944413317013],[153.1492570037035,-27.679217010114503],[153.1510690967811,-27.678286178939047],[153.15139024679488,-27.678121200907974],[153.15125258974135,-27.67781781292422],[153.15121128372533,-27.677726773929116],[153.15112953569346,-27.677546596938793],[153.1504618225337,-27.67685875201156],[153.15033113950247,-27.67672407502587],[153.14874890411352,-27.675013124198983],[153.148683444094,-27.67491509720634],[153.14828100097364,-27.674312531251697],[153.14811972491066,-27.673954463270825],[153.1478179467795,-27.673180423307368],[153.14748994968485,-27.672715559344166],[153.147066063601,-27.672416969389257],[153.14710020258073,-27.6722285443873],[153.14704642356364,-27.672140247393422],[153.14306763606683,-27.671618489798835],[153.14064288076406,-27.671300462045828],[153.13949344261124,-27.671077303163536],[153.13939104958723,-27.67097517017466],[153.13892222247696,-27.67050753422566],[153.1386672484448,-27.67047114625166],[153.1384419354168,-27.670442580274543],[153.1370729802456,-27.670260697414047],[153.13692168922026,-27.67019075842983],[153.13656128216087,-27.670030816467456],[153.13652689015527,-27.670015550471057],[153.136239775108,-27.669888086500997],[153.13609563608426,-27.669824122516037],[153.1359502820624,-27.66977554553106],[153.13563320801458,-27.66966953856386],[153.1351782159455,-27.669512889610953],[153.13485088889453,-27.669391110644934],[153.13468698386905,-27.66933011966195],[153.1343472818162,-27.669203668697214],[153.13424353280004,-27.669165044707956],[153.13411682777922,-27.66910890472115],[153.13388915374176,-27.66900802974492],[153.13366147870425,-27.668907126768694],[153.13343380366692,-27.668806216792436],[153.133349634653,-27.668768918801234],[153.13321667162748,-27.668681873815327],[153.13300575258714,-27.66854379183763],[153.1327948415468,-27.668405695859988],[153.13258393850637,-27.668267598882355],[153.13256888050347,-27.66825774188394],[153.13217176542165,-27.6679517169264],[153.13181723734854,-27.667678540964303],[153.1315940392969,-27.667462041988525],[153.1311458271931,-27.667027301037148],[153.13111845418646,-27.666998236040104],[153.13099150415664,-27.66687220205389],[153.1306450890724,-27.66650409209172],[153.13054563104723,-27.666391014102675],[153.1303708180047,-27.666204899121738],[153.12974802382354,-27.665310158191616],[153.12922737667202,-27.66456180024999],[153.1283093774162,-27.66333027835225],[153.12798046331034,-27.662777140389775],[153.12783240526184,-27.662522054406697],[153.1272138731004,-27.661778263474904],[153.1264991689372,-27.661101936552285],[153.12630382189332,-27.660923689573444],[153.1258445897883,-27.660488493623145],[153.12556191473524,-27.66031151265299],[153.12507805171256,-27.660544670699917],[153.1248701807025,-27.660641639720126],[153.12473794076683,-27.66126124472855],[153.1245415807452,-27.661258070748335],[153.12434104771935,-27.661225481768803],[153.12419886074213,-27.66152483878079],[153.12398838976267,-27.661866380799296],[153.12377789578233,-27.66219939181789],[153.12373020480206,-27.662395714821155],[153.12367296982734,-27.662643252824967],[153.12361556983313,-27.662737174829985],[153.12351015982384,-27.662754340840465],[153.12337596680825,-27.662745928854054],[153.12326101180346,-27.66280576486518],[153.1230695918132,-27.663044883882595],[153.12283039083508,-27.66342059390372],[153.1226198228448,-27.66367679692291],[153.12231725484568,-27.66394060795129],[153.12209048083508,-27.664050272973288],[153.1219014528216,-27.664105167991927],[153.12167929079916,-27.664117991014166],[153.12146180877136,-27.664084501036392],[153.12125370673604,-27.663983642058167],[153.12102193369444,-27.663853331082525],[153.12097373568804,-27.663843899087468],[153.12085959267446,-27.663834310099027],[153.12067750065384,-27.663827210117425],[153.12056606964032,-27.663815199128784],[153.12047093362818,-27.66380076813847],[153.12040571062144,-27.663803241145015],[153.12034051061653,-27.66382024315143],[153.1202916276155,-27.66385416615608],[153.12023462361648,-27.66390988916138],[153.12016678562105,-27.66400434016747],[153.1200880856256,-27.664106063174604],[153.12003922462665,-27.66415693517915],[153.1200229666299,-27.66419567818049],[153.12001486063454,-27.664239249180962],[153.12002035164193,-27.66429249117995],[153.12002857765108,-27.66435783317864],[153.1200396196723,-27.664515152176264],[153.12001794567763,-27.664575680177993],[153.1199636676807,-27.664645924182867],[153.11986116268844,-27.664793557192063],[153.11979945670072,-27.66494298619707],[153.11977595771452,-27.665071613198474],[153.11974720672566,-27.665183878200455],[153.11967379573014,-27.665282144207094],[153.1195711487328,-27.665389909216582],[153.11942405973605,-27.665540977230194],[153.11930530474055,-27.6656767492411],[153.11919023073938,-27.66576620125198],[153.119034289736,-27.665872230266842],[153.11890808473666,-27.665984838278675],[153.11882648574385,-27.66611065628593],[153.11878950876172,-27.666282765288294],[153.11878224478022,-27.666434987287793],[153.11880829878814,-27.666474669284845],[153.11889753480537,-27.66653415527536],[153.11898303782013,-27.66657710026644],[153.11903207682926,-27.666607826261227],[153.11905989083522,-27.666630424258294],[153.11908850784235,-27.66666223025514],[153.11909900584513,-27.666675753253987],[153.11907801784432,-27.666686854256003],[153.11852472982164,-27.666979290309424],[153.11845501481878,-27.667016140316168],[153.11804266979976,-27.667218163356093],[153.11763923578317,-27.667430944395086],[153.11723578676654,-27.66764365043407],[153.117148555763,-27.66768964344244],[153.11683240475,-27.667856364473003],[153.11642889673342,-27.668069220511985],[153.11637644473115,-27.668096869517004],[153.11805958294212,-27.668323240345696],[153.1182805969638,-27.668306022323524],[153.11959108709922,-27.668255626191886],[153.11968330310876,-27.66825208018267],[153.119689576115,-27.668296448181664],[153.1197082401338,-27.668428368178752],[153.11971147414343,-27.66850117517782],[153.11961092113248,-27.66850017718799],[153.1195906401302,-27.66849997519],[153.1196090281437,-27.66858995618746],[153.11961916814477,-27.668590068186408],[153.1197226721561,-27.668591200176003],[153.11976106517318,-27.66869343717132],[153.11981021619238,-27.668802558165517],[153.11987334520998,-27.668886720158476],[153.11993049822385,-27.668947681152204],[153.11996100823126,-27.66898021014889],[153.1200450882444,-27.669011331140197],[153.1201431682569,-27.669026843130197],[153.12032178827707,-27.669032923112127],[153.1205949493066,-27.66903268408463],[153.12079811133174,-27.669057458063957],[153.12109585937185,-27.66911958103344],[153.12123952839647,-27.669191196018414],[153.12139030543457,-27.669362611001883],[153.1215511784894,-27.669656655983324],[153.12170904054443,-27.669955810965043],[153.1217880765839,-27.670198923955176],[153.12177498560462,-27.67037245495515],[153.12169145761,-27.67048614396266],[153.12154183460746,-27.67059381197687],[153.12132456859442,-27.67067573899812],[153.12085118053938,-27.670646041046076],[153.12069664152546,-27.670667685061417],[153.12058079152055,-27.670728012072647],[153.12048426251837,-27.670792616081854],[153.12041673752248,-27.670883006087973],[153.12034442953163,-27.671016424094166],[153.12028180754513,-27.67117564309922],[153.12013710255187,-27.67135213211241],[153.11989591956356,-27.671649150134396],[153.11969812957173,-27.671881608152447],[153.11941838258844,-27.672251797177726],[153.11930265959947,-27.672437257187887],[153.11932698562288,-27.672600700184155],[153.1194092476493,-27.672738290174795],[153.11958811368618,-27.67287577615565],[153.1198878737508,-27.673129319123493],[153.12020695981866,-27.67339143808922],[153.12043423187282,-27.673623531064504],[153.12055528191976,-27.673890128050218],[153.12051206794462,-27.67412245205276],[153.12052677597134,-27.67432032404972],[153.1205801590061,-27.674548260042517],[153.12057036201472,-27.674623824042893],[153.12065549202484,-27.674631326034277],[153.12075620103744,-27.674644685024017],[153.1207059100699,-27.6749423360267],[153.12070574606997,-27.674943260026723],[153.12057978716135,-27.675769105032884],[153.12012192624593,-27.676824986070695],[153.1196909322739,-27.677411995109484],[153.11997538131004,-27.677454195080504],[153.1200486793301,-27.677548936072363],[153.12015441135352,-27.677643328060952],[153.12033434236236,-27.67755928504347],[153.12054348737948,-27.67751614602273],[153.12076945640592,-27.677531963999844],[153.12108648645284,-27.67763098196713],[153.12119137546551,-27.67764134595647],[153.1213965124893,-27.677654123935685],[153.12139218251852,-27.677887728934294],[153.12141435559843,-27.67849697092723],[153.1215297057519,-27.679605683906857],[153.12156606479837,-27.679940646900537],[153.12161702686353,-27.680409489891712],[153.12169907197512,-27.681216901877047],[153.12170848300332,-27.681431001874394],[153.12178004511046,-27.68221282886104],[153.12189518722911,-27.683047695842827],[153.12193518127054,-27.683339624836517],[153.12203863337842,-27.684099285820093],[153.1222659416037,-27.68567825778472],[153.12232460763968,-27.685911370776935],[153.12238407866303,-27.68604377576989],[153.12247582470113,-27.68626542275893],[153.12256371172592,-27.686386017749108],[153.1225920537353,-27.686435042745842],[153.1228495087674,-27.68646825871965],[153.1234185318387,-27.686544440661688],[153.12370118487414,-27.68658227463292],[153.12372948187766,-27.68658608163003],[153.1238763698961,-27.68660584761509],[153.12434399895477,-27.68666879056746],[153.12442056796428,-27.686679139559647],[153.1246703189957,-27.686712890534196],[153.12478847101042,-27.68672884252219],[153.12484964701812,-27.686737112515974],[153.12500691403784,-27.686758383499935],[153.1250289600406,-27.686761371497703],[153.1252082880632,-27.686785630479413],[153.12522876306568,-27.686788401477358],[153.12538761608562,-27.686809889461195],[153.12556693010808,-27.68683414844292],[153.12563519211673,-27.686843931435966],[153.1257460711309,-27.686859808424675],[153.12592028115284,-27.686884738406924],[153.12603756816767,-27.686901531394955],[153.12610077117563,-27.686910584388485],[153.12628102319846,-27.68693639237014],[153.12645261722017,-27.68696095735266],[153.1264612902213,-27.68696208935181],[153.12664648124445,-27.686986214332908],[153.12685268427012,-27.687013074311917],[153.12725388332026,-27.687065332271043],[153.1274557343454,-27.68709161825054],[153.1277598743834,-27.68713124021953],[153.12797056940968,-27.687158695198086],[153.12809221442487,-27.687174535185726],[153.12826398844635,-27.68719690916819],[153.12907884254804,-27.687303043085233],[153.1299059236513,-27.68741077800105],[153.13003493066753,-27.687427966987922],[153.13005976366696,-27.687402455985566],[153.1301288306653,-27.68733150397918],[153.1306605786535,-27.686785204929883],[153.13066749964426,-27.686706444929793]]]}},{"type":"Feature","id":"2026-09-21-berrinba","properties":{"collectionId":"2026-09-21","areaId":"berrinba","areaName":"Berrinba","startsOn":"2026-09-21","endsOn":"2026-10-02","putOutFrom":"2026-09-19"},"geometry":{"type":"Polygon","coordinates":[[[153.0985876617343,-27.6517796584375],[153.09861342571475,-27.65160302743631],[153.09864054569934,-27.651459112434694],[153.09893320453273,-27.649897492417622],[153.0989847845026,-27.649616263414632],[153.09902645647912,-27.649395450412207],[153.09907433445042,-27.649129308409435],[153.09912836641908,-27.64883584440634],[153.0993866622689,-27.64743294539139],[153.0994359782413,-27.64717423838847],[153.09956161716883,-27.646495431381197],[153.09960840614158,-27.64624155237849],[153.09972824207173,-27.64558975337161],[153.09978304104155,-27.645304664368364],[153.10005676688385,-27.6438301123524],[153.10005699086298,-27.64366544735369],[153.1000348328459,-27.64354955335686],[153.09998179982585,-27.6434366173631],[153.09896957076532,-27.643821998461952],[153.09540424453587,-27.645049868811142],[153.09455876148206,-27.64534628289391],[153.09396761744622,-27.64556796695169],[153.09356485342101,-27.645712448991105],[153.0925641363456,-27.645970567089755],[153.08795966205153,-27.647575661540486],[153.0871683510113,-27.64793251461727],[153.08656945098613,-27.64824461167508],[153.08598364896832,-27.64860372073116],[153.08563389595767,-27.648817828764667],[153.08510661894826,-27.649192696814783],[153.08468259893465,-27.649446724855466],[153.08420973291433,-27.64969006790109],[153.08375883089204,-27.649898117944826],[153.08320889585764,-27.65009641499859],[153.07809609852958,-27.651868387498933],[153.07775730550435,-27.651958748532287],[153.0771435424438,-27.65200430159366],[153.07702251542923,-27.65199259660597],[153.07682445640336,-27.65195742962615],[153.07641199234308,-27.651834554668632],[153.07533460918611,-27.651515169779504],[153.07489366812393,-27.65140079582474],[153.07358539093653,-27.651038995959226],[153.07343198391587,-27.65100659297488],[153.07329240389822,-27.65098650698907],[153.0729115748531,-27.65095598202761],[153.07261107081945,-27.650947175057947],[153.0723244027912,-27.650968610086608],[153.07202850276613,-27.651022806115897],[153.07175697374663,-27.6511013501426],[153.0714439817303,-27.651239558173014],[153.07111379471715,-27.651416763204804],[153.07099763271373,-27.651488832215914],[153.07080810472047,-27.651703766233254],[153.07044728072086,-27.65201459726712],[153.07037262572086,-27.6520789112741],[153.07003956272357,-27.652383982305196],[153.06996890172437,-27.652450516311767],[153.06945422273012,-27.652935109359696],[153.06923358869207,-27.65282253138275],[153.06832612252595,-27.65228699847823],[153.06823181351103,-27.652250021488022],[153.06796984366835,-27.653714179502767],[153.0685347768104,-27.65435160644093],[153.0685299108132,-27.65437818244121],[153.06836867290727,-27.65525751545047],[153.06821488599704,-27.656096212459307],[153.06816923602378,-27.656346231461946],[153.0681465120371,-27.656470864463238],[153.0681238470505,-27.656595512464524],[153.06810116006386,-27.65672016846584],[153.06807851007724,-27.656844853467145],[153.0680558230905,-27.65696953946841],[153.06803068510536,-27.65710759846985],[153.06800045112303,-27.657273284471575],[153.06792926016473,-27.657662391475654],[153.06774749627095,-27.65865504648609],[153.0677162192892,-27.658825993487913],[153.06752280140233,-27.65988291749902],[153.06742209938963,-27.659868277509236],[153.06728103847084,-27.660629003517418],[153.06726563147967,-27.66071181051833],[153.06725484948586,-27.660769760518946],[153.06722791350134,-27.66091504052047],[153.06632295302254,-27.665795877572915],[153.06618834310376,-27.66655164158049],[153.06632091112982,-27.66664368656642],[153.06779938942,-27.667670092409647],[153.06789472043874,-27.66773628339956],[153.06798192145592,-27.667796819390293],[153.06884753662652,-27.66840364729846],[153.0695980487699,-27.668893813219128],[153.0698433218138,-27.66903027819336],[153.070039554846,-27.66911642917293],[153.07024866287864,-27.66919527815127],[153.0709971929875,-27.669414571074295],[153.07196995612853,-27.669696590974223],[153.07272332925223,-27.67002839489581],[153.07321430034438,-27.670335872844046],[153.0736392744366,-27.670700220798423],[153.0741010755494,-27.671194902748024],[153.07436663662617,-27.671573355718362],[153.07456009769095,-27.671919062696126],[153.07470016173718,-27.672163992680108],[153.07489502379352,-27.67244210065836],[153.0777404764994,-27.675576179347384],[153.07810690958948,-27.675973861307355],[153.07929073987884,-27.677243336178236],[153.0795841959439,-27.677505336146613],[153.07980439098765,-27.67766200712324],[153.08022932706265,-27.67789085107868],[153.08050041610326,-27.677979893050708],[153.0805865001161,-27.678007319041868],[153.08064759507968,-27.677668354038367],[153.08091194892387,-27.67621534202325],[153.08096419989323,-27.67592891202028],[153.0812203287424,-27.674522727005627],[153.0812644437165,-27.67428069500309],[153.0814710625948,-27.673145970991264],[153.0815250125633,-27.672851426988167],[153.08161576050986,-27.672353370982943],[153.08165283548803,-27.67214985098082],[153.08177742441475,-27.671465782973698],[153.0818265303883,-27.67121629297074],[153.08198435629686,-27.670360496961614],[153.08200673828384,-27.670239111960345],[153.0820986852305,-27.669740504955033],[153.08214455820388,-27.669491855952355],[153.08251223699062,-27.667498348931126],[153.0825569259675,-27.66727723792838],[153.08276171999998,-27.667358985907146],[153.08312149304908,-27.66743885587032],[153.08360257010878,-27.66749884082144],[153.08443442720213,-27.667525036737544],[153.08520621126988,-27.667401089660846],[153.08570336630086,-27.667221523612255],[153.0861902613192,-27.666950918565373],[153.08651222331002,-27.666603654535738],[153.0868753873022,-27.666233024502127],[153.08723486230377,-27.665939136468282],[153.08756808929965,-27.665621898437212],[153.08780760327892,-27.665254666416036],[153.08793594727132,-27.665085084404453],[153.08814624727125,-27.66490516038471],[153.08827097027424,-27.66482226537283],[153.08842507028086,-27.664743713357943],[153.0885021022837,-27.664700075350506],[153.0885950252835,-27.664619385341798],[153.08873877728365,-27.66449807532829],[153.0888030532834,-27.664441368322272],[153.08886870728128,-27.66436910531626],[153.08893186628185,-27.664318769310338],[153.08911536628634,-27.66419850929279],[153.0893687162872,-27.66398940126891],[153.089549646277,-27.663754403252554],[153.08965056425058,-27.663460671244728],[153.08968783222244,-27.663207031243015],[153.08968754917797,-27.66285663724581],[153.08962732612994,-27.66252964625445],[153.0895811101054,-27.662375531260313],[153.08955898108718,-27.662251322263554],[153.0895650390782,-27.662175043263503],[153.0895796270654,-27.66206170526292],[153.08958810605307,-27.661958187262897],[153.08955523403935,-27.661877370266865],[153.0895164390283,-27.6618236672712],[153.089482024015,-27.661748967275233],[153.08947079600864,-27.661707698276675],[153.0894571990032,-27.661676570278303],[153.0893963129878,-27.661607495284965],[153.0893340409733,-27.661545648291753],[153.08919615994918,-27.661473161306183],[153.08906971693344,-27.66145686731906],[153.0889785509184,-27.661416701328548],[153.0889414469005,-27.66130681233316],[153.08894999288748,-27.66119690133312],[153.08897833488405,-27.661146327330666],[153.08904493588562,-27.66110122132437],[153.08916830289246,-27.661050587312364],[153.0892349108949,-27.66101317830593],[153.08926697789445,-27.66098238430296],[153.08931628589244,-27.660924106298406],[153.08939976988225,-27.660772643291253],[153.08951187086336,-27.66052830928191],[153.08959320885816,-27.660418144274573],[153.0896258128565,-27.66037721827161],[153.08965762685662,-27.660351350268595],[153.08974706386311,-27.660325817259803],[153.08985709387804,-27.66034978524853],[153.08995099388991,-27.660363368238983],[153.09003215289692,-27.660349070230932],[153.0901787949069,-27.660302683216543],[153.09022753690994,-27.660285062211795],[153.09027063091224,-27.660267084207575],[153.09034717791639,-27.66023402620014],[153.09064760094242,-27.66018339117034],[153.09085420496214,-27.660162522149683],[153.09105236098307,-27.660158000129787],[153.09114567899306,-27.66015774712041],[153.0912500690072,-27.66017993410967],[153.091326639017,-27.66019172910191],[153.0914442910356,-27.66023800408969],[153.09154064205285,-27.660291775079596],[153.09163920607037,-27.660346216069204],[153.09173084108667,-27.66039680605958],[153.09173078807896,-27.66033609906008],[153.09173233804123,-27.6600368530623],[153.09171935902816,-27.65994539006433],[153.09168396899264,-27.65969589306982],[153.0916843189916,-27.659686870069923],[153.09168789497988,-27.659592166070247],[153.09168823097886,-27.659583143070325],[153.091708898933,-27.65920479507121],[153.09189445482806,-27.658220119060346],[153.09191059281426,-27.658097706059642],[153.091918073789,-27.65789213706057],[153.0918964667531,-27.657627880064815],[153.0918096377007,-27.657288930076213],[153.09166776364754,-27.656990661092888],[153.0914569645858,-27.656683913116485],[153.09107983148962,-27.656247831157934],[153.09136409349767,-27.65606897213071],[153.09195531153384,-27.65585035007291],[153.09214092754726,-27.655797376054668],[153.092385299574,-27.655800051030088],[153.09253093556907,-27.655637382016685],[153.09273096857714,-27.655530965997393],[153.09482272666867,-27.65446980179522],[153.09515995469206,-27.654366573762086],[153.09543827871173,-27.654284371734747],[153.09805273289783,-27.6535227444776],[153.0981984359081,-27.65348030546325],[153.09830239389404,-27.65328013845436],[153.09836651386263,-27.652978829450266],[153.0984148088326,-27.65270055744761],[153.0985876617343,-27.6517796584375]]]}},{"type":"Feature","id":"2026-09-21-marsden","properties":{"collectionId":"2026-09-21","areaId":"marsden","areaName":"Marsden","startsOn":"2026-09-21","endsOn":"2026-10-02","putOutFrom":"2026-09-19"},"geometry":{"type":"Polygon","coordinates":[[[153.0983427020229,-27.685755423193633],[153.0985048640419,-27.685766532177233],[153.0988405640811,-27.685789308143292],[153.09901030410097,-27.68580084212607],[153.0990490241055,-27.685803457122173],[153.09908106210926,-27.68580564811895],[153.09925746912992,-27.685817628101045],[153.09931355013637,-27.68582143509541],[153.09946589215429,-27.685831777079997],[153.09954097116307,-27.685836865072382],[153.09967433717867,-27.685845918058895],[153.09975294818778,-27.685851260050892],[153.09988313920303,-27.685860089037753],[153.09994500121022,-27.685864291031496],[153.10009194222744,-27.68587426001658],[153.10013705523275,-27.68587732201204],[153.10030074425183,-27.685888423995515],[153.10032910925517,-27.685890352992573],[153.1005097182763,-27.685902601974295],[153.1005211622776,-27.685903376973155],[153.1007075012994,-27.685916019954327],[153.10071321630005,-27.685916407953737],[153.10090527732248,-27.6859294319343],[153.10134345337372,-27.68595915188992],[153.10153550739622,-27.685972160870467],[153.10155188339812,-27.685973270868843],[153.1017275534186,-27.68598517685104],[153.10176032842247,-27.685987396847747],[153.1019195914411,-27.68599818483161],[153.10196878044692,-27.686001515826653],[153.10211163846358,-27.68601119381217],[153.10217723347117,-27.686015649805512],[153.10230448848608,-27.686024276792637],[153.1024145634989,-27.686031720781507],[153.10252687251216,-27.68603932777011],[153.10263826652516,-27.686046874758905],[153.10284983354984,-27.686061209737417],[153.10278782157417,-27.686305059741752],[153.10276543258288,-27.68639309574333],[153.10267510259422,-27.68655970575113],[153.1025164566143,-27.68685228976473],[153.1023621336337,-27.687136887778035],[153.1022746406447,-27.68729823678558],[153.10498624309005,-27.688491180503142],[153.10510768011284,-27.68856725049028],[153.1052279251073,-27.688421494479307],[153.10581709408004,-27.687704845425674],[153.1059644300733,-27.68752563641225],[153.10630872105727,-27.68710683938087],[153.10640138405302,-27.686994119372436],[153.10721220101775,-27.68602591729847],[153.1072878690124,-27.685918926291635],[153.10753341800836,-27.685677453268863],[153.1077388000027,-27.685457929249917],[153.11025221608566,-27.683969802008516],[153.11057467009314,-27.683754286977695],[153.11080745609914,-27.683602637955488],[153.11149756610644,-27.683072498890176],[153.11164765110527,-27.68293486387612],[153.1117752191019,-27.682800224864366],[153.11188980209235,-27.682627311854162],[153.11190640208306,-27.68253996885318],[153.11219844210518,-27.68246540282437],[153.11231944711633,-27.682450442812318],[153.1124300061246,-27.682420617801384],[153.11256139713146,-27.68236290578862],[153.11365578315895,-27.68164713668402],[153.11393651416697,-27.68147063965715],[153.1143300011798,-27.681236594619353],[153.11475813419366,-27.680980488578278],[153.1153620562123,-27.680613077520324],[153.1158746332236,-27.68026538147141],[153.11691515926054,-27.67966988637131],[153.11679560723152,-27.67954351738431],[153.11697430211117,-27.678445122375],[153.11552359192834,-27.678241803522802],[153.11448837070802,-27.67738976263378],[153.11486653171917,-27.677155710597535],[153.11493018272108,-27.677116631591463],[153.11476001867038,-27.676862626610628],[153.11436577854468,-27.67620906965548],[153.11382468840495,-27.675571314715018],[153.1134542083145,-27.67517405575544],[153.11316590822605,-27.67472441378807],[153.11297641713517,-27.674170857811532],[153.112975441131,-27.67413820181192],[153.11302177612478,-27.67405003980794],[153.11304738412136,-27.67400131280571],[153.1131135671027,-27.673798410800647],[153.1131360830745,-27.67355683280031],[153.11315656502921,-27.673183491801197],[153.11325867500187,-27.672880901793302],[153.11340816297158,-27.672515889781103],[153.1134098769495,-27.672340212782352],[153.11331490392416,-27.67222203979282],[153.11321239890367,-27.672147794803735],[153.11306370786625,-27.671980558820053],[153.11295919083202,-27.671799889832037],[153.11291734881272,-27.671683362837122],[153.1128394447882,-27.671556732846028],[153.11272732176045,-27.671434050858238],[153.1126975417529,-27.671399889861533],[153.1126574947438,-27.671361877865873],[153.11257036772622,-27.671298211875094],[153.11221539166715,-27.671135729912155],[153.11210096564488,-27.671058064924306],[153.11203040163116,-27.67101017293181],[153.11197393360732,-27.6708708539386],[153.11194564357734,-27.670658445943097],[153.11190494056183,-27.670571877947918],[153.1118433245458,-27.67049738695469],[153.11172051651474,-27.670357888968184],[153.1116633265017,-27.67030405897437],[153.1114346394599,-27.67016953899848],[153.1112131404217,-27.670057557021636],[153.1110818013978,-27.669981426035523],[153.11095035836163,-27.669808707050077],[153.1108016223016,-27.669463201067824],[153.11072715425934,-27.669193878077447],[153.11065281223327,-27.669051616086087],[153.11053568921244,-27.668987273098367],[153.11040094519936,-27.668999865111857],[153.11016392018033,-27.669051333135283],[153.10984207713432,-27.668964117168404],[153.10959481410492,-27.668943203193475],[153.10946274509223,-27.668955377206665],[153.10927541607987,-27.66901793222506],[153.10910558006464,-27.669042176241934],[153.1089283230435,-27.669026970259903],[153.10887407502597,-27.6689349332661],[153.10886406200393,-27.66877050626845],[153.10890569498088,-27.668553433265927],[153.10890058395685,-27.668369270267927],[153.10882522892527,-27.668184130276998],[153.1087925139115,-27.668103433280884],[153.10871997490034,-27.668077662288418],[153.1086960288917,-27.668030365291212],[153.10852066386863,-27.66799849930911],[153.10369838813787,-27.666352762807758],[153.10361608112413,-27.666315494816306],[153.10350213911877,-27.666370248827363],[153.10326813910638,-27.66647141285013],[153.10295366508478,-27.666569373881014],[153.10279282208063,-27.66667373389641],[153.1026259880677,-27.66671392991288],[153.10234673303594,-27.666702000941108],[153.1019680569769,-27.66655900198037],[153.1017785149199,-27.666272587001714],[153.10177824588243,-27.665977596004034],[153.10167383382722,-27.665632120017264],[153.1008308376323,-27.66481519410864],[153.10059403557668,-27.66457937613432],[153.0996287244649,-27.66452106723197],[153.09916504541792,-27.66454669027845],[153.0987580723665,-27.664487987319912],[153.09838881330091,-27.664285972358673],[153.09744178509789,-27.66349438546029],[153.0970335009987,-27.66306168550478],[153.09691986397365,-27.662960625517037],[153.09655989688338,-27.662556327556434],[153.09619048979206,-27.66215202159681],[153.09589694373244,-27.66193309362811],[153.09536682765057,-27.66173960968298],[153.09428780549754,-27.661453789793875],[153.09361582240882,-27.661327822862532],[153.09345486037856,-27.66122679287954],[153.092924796301,-27.661067014934137],[153.09217685516668,-27.660646102012713],[153.09188172211378,-27.660481139043757],[153.09173084108667,-27.66039680605958],[153.09163920607037,-27.660346216069204],[153.09154064205285,-27.660291775079596],[153.0914442910356,-27.66023800408969],[153.091326639017,-27.66019172910191],[153.0912500690072,-27.66017993410967],[153.09114567899306,-27.66015774712041],[153.09105236098307,-27.660158000129787],[153.09085420496214,-27.660162522149683],[153.09064760094242,-27.66018339117034],[153.09034717791639,-27.66023402620014],[153.09027063091224,-27.660267084207575],[153.09022753690994,-27.660285062211795],[153.0901787949069,-27.660302683216543],[153.09003215289692,-27.660349070230932],[153.08995099388991,-27.660363368238983],[153.08985709387804,-27.66034978524853],[153.08974706386311,-27.660325817259803],[153.08965762685662,-27.660351350268595],[153.0896258128565,-27.66037721827161],[153.08959320885816,-27.660418144274573],[153.08951187086336,-27.66052830928191],[153.08939976988225,-27.660772643291253],[153.08931628589244,-27.660924106298406],[153.08926697789445,-27.66098238430296],[153.0892349108949,-27.66101317830593],[153.08916830289246,-27.661050587312364],[153.08904493588562,-27.66110122132437],[153.08897833488405,-27.661146327330666],[153.08894999288748,-27.66119690133312],[153.0889414469005,-27.66130681233316],[153.0889785509184,-27.661416701328548],[153.08906971693344,-27.66145686731906],[153.08919615994918,-27.661473161306183],[153.0893340409733,-27.661545648291753],[153.0893963129878,-27.661607495284965],[153.0894571990032,-27.661676570278303],[153.08947079600864,-27.661707698276675],[153.089482024015,-27.661748967275233],[153.0895164390283,-27.6618236672712],[153.08955523403935,-27.661877370266865],[153.08958810605307,-27.661958187262897],[153.0895796270654,-27.66206170526292],[153.0895650390782,-27.662175043263503],[153.08955898108718,-27.662251322263554],[153.0895811101054,-27.662375531260313],[153.08962732612994,-27.66252964625445],[153.08968754917797,-27.66285663724581],[153.08968783222244,-27.663207031243015],[153.08965056425058,-27.663460671244728],[153.089549646277,-27.663754403252554],[153.0893687162872,-27.66398940126891],[153.08911536628634,-27.66419850929279],[153.08893186628185,-27.664318769310338],[153.08886870728128,-27.66436910531626],[153.0888030532834,-27.664441368322272],[153.08873877728365,-27.66449807532829],[153.0885950252835,-27.664619385341798],[153.0885021022837,-27.664700075350506],[153.08842507028086,-27.664743713357943],[153.08827097027424,-27.66482226537283],[153.08814624727125,-27.66490516038471],[153.08793594727132,-27.665085084404453],[153.08780760327892,-27.665254666416036],[153.08756808929965,-27.665621898437212],[153.08723486230377,-27.665939136468282],[153.0868753873022,-27.666233024502127],[153.08651222331002,-27.666603654535738],[153.0861902613192,-27.666950918565373],[153.08570336630086,-27.667221523612255],[153.08520621126988,-27.667401089660846],[153.08443442720213,-27.667525036737544],[153.08360257010878,-27.66749884082144],[153.08312149304908,-27.66743885587032],[153.08276171999998,-27.667358985907146],[153.0825569259675,-27.66727723792838],[153.08251223699062,-27.667498348931126],[153.08214455820388,-27.669491855952355],[153.0820986852305,-27.669740504955033],[153.08200673828384,-27.670239111960345],[153.08198435629686,-27.670360496961614],[153.0818265303883,-27.67121629297074],[153.08177742441475,-27.671465782973698],[153.08165283548803,-27.67214985098082],[153.08161576050986,-27.672353370982943],[153.0815250125633,-27.672851426988167],[153.0814710625948,-27.673145970991264],[153.0812644437165,-27.67428069500309],[153.0812203287424,-27.674522727005627],[153.08096419989323,-27.67592891202028],[153.08091194892387,-27.67621534202325],[153.08064759507968,-27.677668354038367],[153.0805865001161,-27.678007319041868],[153.0807560381409,-27.678057789024376],[153.0813123732185,-27.678195102967344],[153.08440542965067,-27.678961030650054],[153.08479674870298,-27.679038755610108],[153.0862612049086,-27.679409227459825],[153.08648522194363,-27.679494559436606],[153.0866558999714,-27.67956772341882],[153.08859565931482,-27.68061771921533],[153.08912603640618,-27.68088548515988],[153.0893353754394,-27.680967770138125],[153.08984353350354,-27.68103998808643],[153.09039903356796,-27.68107411203026],[153.0907439656088,-27.6811009259953],[153.09088966962605,-27.68111225098055],[153.09282656785484,-27.681262812784432],[153.09316793789426,-27.68128214674989],[153.09472768007683,-27.681389390592038],[153.09868574853994,-27.681661463191475],[153.09871403855914,-27.681788935187633],[153.09864993359767,-27.68214666019123],[153.09861323161974,-27.682351521193333],[153.09857171764463,-27.682583227195675],[153.0985397846639,-27.682761467197484],[153.09851136068096,-27.682920112199103],[153.098507850683,-27.682939707199267],[153.09847271370418,-27.683135769201254],[153.09844398472137,-27.6832961362029],[153.09841666373782,-27.683448530204434],[153.0983927027522,-27.683582193205762],[153.09838615375614,-27.683618731206174],[153.09836874176656,-27.68371584220716],[153.09834477278102,-27.68384949820852],[153.09831427779932,-27.684019572210236],[153.09828869981467,-27.684162169211643],[153.09825353283568,-27.684358208213666],[153.09823755184536,-27.684447332214553],[153.0982225238544,-27.68453109221546],[153.0981915148729,-27.68470396021721],[153.09816050489158,-27.684876843218966],[153.09812949591014,-27.685049712220707],[153.09809848692868,-27.68522259522246],[153.09809509693076,-27.685241534222637],[153.09807430994317,-27.68535739822383],[153.09806747694736,-27.68539547122419],[153.09805273295615,-27.685477606225035],[153.09803645296597,-27.68556834722596],[153.0980309839692,-27.6855988272263],[153.0980069789836,-27.68573262422764],[153.0983427020229,-27.685755423193633]]]}},{"type":"Feature","id":"2026-10-12-meadowbrook","properties":{"collectionId":"2026-10-12","areaId":"meadowbrook","areaName":"Meadowbrook","startsOn":"2026-10-12","endsOn":"2026-10-23","putOutFrom":"2026-10-10"},"geometry":{"type":"Polygon","coordinates":[[[153.14306763606683,-27.671618489798835],[153.14704642356364,-27.672140247393422],[153.14710020258073,-27.6722285443873],[153.147066063601,-27.672416969389257],[153.14748994968485,-27.672715559344166],[153.1478179467795,-27.673180423307368],[153.14811972491066,-27.673954463270825],[153.14828100097364,-27.674312531251697],[153.148683444094,-27.67491509720634],[153.14874890411352,-27.675013124198983],[153.15033113950247,-27.67672407502587],[153.1504618225337,-27.67685875201156],[153.15112953569346,-27.677546596938793],[153.15121128372533,-27.677726773929116],[153.15125258974135,-27.67781781292422],[153.15139024679488,-27.678121200907974],[153.152770667822,-27.677160827776298],[153.15350206883767,-27.676661833706444],[153.1543194578297,-27.675904474629988],[153.15444228083024,-27.67580494961833],[153.1567185968417,-27.673960282403222],[153.15719759485523,-27.673658839357316],[153.15808038387388,-27.673054977273043],[153.1590150819172,-27.672601766182247],[153.15977591994664,-27.672186433108788],[153.16012337795325,-27.671943209075618],[153.16040911495037,-27.671677655048857],[153.16028346084983,-27.670994139066952],[153.1602045668279,-27.67088903407577],[153.16004229278005,-27.67065127809402],[153.15987187572765,-27.67038467411335],[153.15974995467226,-27.67005313812824],[153.1596360646122,-27.66967832214272],[153.15957081256354,-27.669351048151853],[153.15948940051427,-27.669033877162597],[153.15951326548014,-27.66874542716249],[153.15954530245338,-27.668507441161132],[153.15969870243225,-27.668211630147997],[153.1599573874263,-27.667944542124022],[153.1602888554207,-27.667619682093097],[153.16057173941,-27.66729488106712],[153.16064146940414,-27.66719012606092],[153.1608128323872,-27.66691079604584],[153.16089562337558,-27.666749752038765],[153.16092479236815,-27.666666209036475],[153.16095469936042,-27.66657981203411],[153.16098120133958,-27.666393838032924],[153.16098106732773,-27.666300467033686],[153.16098094731763,-27.666222199034287],[153.16089496027928,-27.66599344404481],[153.16078770225124,-27.66586483905665],[153.16063765422058,-27.66575059207265],[153.1605198012018,-27.66570305008497],[153.16026811316667,-27.66564135911082],[153.15992018613147,-27.665660827145775],[153.1595723851079,-27.665770887180006],[153.1590159160715,-27.66595747223468],[153.15850753303175,-27.66607724828505],[153.15823505100326,-27.666085041312495],[153.15805332397844,-27.666044793331142],[153.1578488499474,-27.665974243352363],[153.15771240691598,-27.66584293436715],[153.157609961883,-27.66567113937885],[153.15754147584337,-27.665418400387733],[153.15738098268966,-27.664346642412383],[153.15738060265608,-27.664083718414528],[153.15739167463153,-27.663881457415],[153.15755020061138,-27.663588016401306],[153.1577315776052,-27.66338555438462],[153.15808332662255,-27.66322334835044],[153.15844119266666,-27.663265495313965],[153.15866646870634,-27.66338553229027],[153.15885598176348,-27.663674033268865],[153.15909976484804,-27.66413088024067],[153.1593974679292,-27.664515487207588],[153.1596497969748,-27.66465955118097],[153.15989289399897,-27.66464322715656],[153.16009976700093,-27.664482593136963],[153.1602434889858,-27.66424183412436],[153.1603691799667,-27.663985065113707],[153.16044984794271,-27.663728340107625],[153.16061139091423,-27.66336725609416],[153.16078860287124,-27.662878736080163],[153.1608985068565,-27.66266920307068],[153.16091591884086,-27.66253217207001],[153.16091566481896,-27.662359728071426],[153.1608991997888,-27.662137001074843],[153.16085858575968,-27.661943040080494],[153.16085022673414,-27.661749042082825],[153.16080944969124,-27.66144730108934],[153.16078478764834,-27.66113117209434],[153.16075217661563,-27.66090127009945],[153.1607518635882,-27.660685710101156],[153.1607757505633,-27.660470120100463],[153.16084004154825,-27.66029759409537],[153.16093650452842,-27.660060360087524],[153.16110546850837,-27.65975838107283],[153.1612907275027,-27.659556969055767],[153.16154048550038,-27.659326746032352],[153.16172577449845,-27.65915407901501],[153.16174662948234,-27.659009880014057],[153.16153246944177,-27.65887332603676],[153.1612918304137,-27.658856465061177],[153.16102246239544,-27.658942497087637],[153.1608879794027,-27.659114099099874],[153.1607921724306,-27.6594142461072],[153.1607157144693,-27.659782945111978],[153.16056240351173,-27.66024603612381],[153.16031321057642,-27.660966403143252],[153.1601501546079,-27.661352350156648],[153.15990056063765,-27.661798402178327],[153.1597756666439,-27.66195285218967],[153.1595834196449,-27.662124514207736],[153.15940073064152,-27.662253319225126],[153.15916977061883,-27.662270724248284],[153.15897718759035,-27.66221094026822],[153.15816798843974,-27.66171466535381],[153.15761870932045,-27.66124381041296],[153.15718512223097,-27.660909980459355],[153.1569152551681,-27.660644545488683],[153.15687662415183,-27.66055029549329],[153.15687624411802,-27.660284541495436],[153.15700110010854,-27.66010437848427],[153.1571933551086,-27.659941292466186],[153.1574434271204,-27.65982099544188],[153.1576552171476,-27.659855044420254],[153.15789595218445,-27.659940495395265],[153.15840632526354,-27.660128503342275],[153.1588397993431,-27.660385176296536],[153.15915753738835,-27.660470544263777],[153.15942691340763,-27.660393081237174],[153.15957098539704,-27.660187176224298],[153.159503244358,-27.659938655233084],[153.1592331532754,-27.65951891126368],[153.1589438241918,-27.659107773296117],[153.15859658308779,-27.658585249335264],[153.15849011402284,-27.658165327349344],[153.15843187297222,-27.65781731135799],[153.15842177693074,-27.657500139361524],[153.1582867648911,-27.657303131376707],[153.15801725485977,-27.657286293404027],[153.157661370841,-27.657441004438695],[153.1573343428231,-27.65757853447064],[153.1571034858091,-27.65766451449325],[153.15696885380444,-27.65774182950622],[153.156853496804,-27.65783625051706],[153.15669009780487,-27.657982162532402],[153.1565746958011,-27.65805087154351],[153.1564437817885,-27.65806297955664],[153.1563542557757,-27.658038556565863],[153.15600894370152,-27.657748512602996],[153.15567745261944,-27.657385088639312],[153.15543744654323,-27.656990184666704],[153.1553950155219,-27.656858510671963],[153.15540878549547,-27.65663895767236],[153.15547187647675,-27.65643816366754],[153.15561933145267,-27.65612436765516],[153.1558373204483,-27.655904590634915],[153.1561891214591,-27.65569093060111],[153.1565481204851,-27.655590161565666],[153.15701292453687,-27.655602178518688],[153.15740015357068,-27.6555390124801],[153.15765331656692,-27.655294104456473],[153.15770205052263,-27.654905147454645],[153.15761730849215,-27.65473774746451],[153.15745732246418,-27.65465338448134],[153.15684705238127,-27.654519810543952],[153.1562505443058,-27.65443400960482],[153.1556958332507,-27.654471694660533],[153.1554047692365,-27.654607913688785],[153.1550029962324,-27.654917201726914],[153.15447626320238,-27.65512781477838],[153.15385235815535,-27.655289097840058],[153.15339482612015,-27.65540078888531],[153.15305499008855,-27.655440843919266],[153.15236394102772,-27.655549889988162],[153.15206252001144,-27.65567783201756],[153.15188176901154,-27.655832491034563],[153.15167086600837,-27.655987187054578],[153.15123385898943,-27.656209296096915],[153.15091726896378,-27.656276799128335],[153.15029890088763,-27.656203597191297],[153.14945411676732,-27.65597616027833],[153.14888016067334,-27.65572457733818],[153.14866175461944,-27.655486754362148],[153.1484126815678,-27.655292257388766],[153.14826913152572,-27.655084222404902],[153.14814062448025,-27.654835871419795],[153.14809510944892,-27.654627724426067],[153.14818535043642,-27.6544530164183],[153.14842640644198,-27.654291577395313],[153.14873518044192,-27.65402932436623],[153.14874253442477,-27.653888284366598],[153.14861404238192,-27.653660080381364],[153.14846301834422,-27.653492338397953],[153.1480332762996,-27.65350622644113],[153.14769772426246,-27.653499870475073],[153.14738114923676,-27.653567373506437],[153.14714754422442,-27.653668350529244],[153.14696664420998,-27.65370884454712],[153.14670272917894,-27.653688974573942],[153.14640843112412,-27.653507954605065],[153.14629179209504,-27.65337840461784],[153.1461987350874,-27.65339704562708],[153.14602121021977,-27.65458883263553],[153.14569336921454,-27.65482674466671],[153.14547266121113,-27.654986910687693],[153.14533669518735,-27.654915578701978],[153.14502582720948,-27.655354200729914],[153.1447836382088,-27.655554695752745],[153.14430826219913,-27.65588230479805],[153.14322560318462,-27.656688927900888],[153.1429350672082,-27.657121023926752],[153.14267750120743,-27.65733346195106],[153.14257533123856,-27.657664953958722],[153.14208992626772,-27.658307283002628],[153.1419090702248,-27.658123418022324],[153.1416796371702,-27.657889462047322],[153.14161891515582,-27.657827540053926],[153.14129820512682,-27.657872013085882],[153.14107506710334,-27.657877392108357],[153.14081703106433,-27.65778992213509],[153.14069230103934,-27.657699733148387],[153.14066606802047,-27.657573319152],[153.1408105719968,-27.657264813139864],[153.1409667279802,-27.657001450126227],[153.14116345296932,-27.65674837610838],[153.14118629693766,-27.656479984108177],[153.14101189390897,-27.6564034741264],[153.1408462968862,-27.656364850143383],[153.14073455287482,-27.656370684154634],[153.14060381785362,-27.656314715168254],[153.14021233479966,-27.656222767208416],[153.13999372676946,-27.65617176023089],[153.1395739387294,-27.656213171272903],[153.1391024436895,-27.65630072331975],[153.13896460769413,-27.65645454033247],[153.1389536107431,-27.65684898833041],[153.138925015757,-27.656982212332238],[153.13881009775494,-27.657064280343175],[153.1386317977344,-27.657054222361257],[153.1384592127112,-27.65701854137894],[153.13824634968236,-27.656972646400753],[153.13802199065168,-27.656921639423807],[153.13786034963053,-27.656892597440333],[153.137653201597,-27.656805715461903],[153.13748053456533,-27.656703434480104],[153.1373193185304,-27.656565293497483],[153.13723863650412,-27.65642705550666],[153.13721542148005,-27.656258031510333],[153.13735832340626,-27.65555609750147],[153.13746174436687,-27.65515797549422],[153.1375300293408,-27.65489510348941],[153.1377078973176,-27.6545619584741],[153.13771348430197,-27.654433883474567],[153.13768464328967,-27.654362193478022],[153.13748910326865,-27.654362387497738],[153.13667251218686,-27.654414422579666],[153.1359940771345,-27.65457901364675],[153.13589078214613,-27.654758408655766],[153.13587386217816,-27.655024803655355],[153.13581063617596,-27.655060722661485],[153.1356323441554,-27.655050649679474],[153.13545674113084,-27.655006914697562],[153.13515428508296,-27.654887533729017],[153.1348966290399,-27.654768115755928],[153.13454943199102,-27.65467870079161],[153.1340121109431,-27.654758995845178],[153.1336428149222,-27.65490895388121],[153.13348637493706,-27.65515841389498],[153.1335091519801,-27.655477522890198],[153.13366614302234,-27.65567681787281],[153.1338678000569,-27.655776357851646],[153.1341029480848,-27.65579607182779],[153.13431570711157,-27.655825784806098],[153.1344277931351,-27.655915430794114],[153.13443912615156,-27.65603508679199],[153.1342871191642,-27.656263871805557],[153.13410549616518,-27.656425996822566],[153.13395988917458,-27.65662382383569],[153.13384614120466,-27.656957185844522],[153.13339024022721,-27.65752246088601],[153.1332951932249,-27.657584680895102],[153.13311767621005,-27.6576187449127],[153.13294011419018,-27.657613261930653],[153.13281959317345,-27.65758514294305],[153.13261020913941,-27.65749496096487],[153.13230557008066,-27.65729191799717],[153.13163910094397,-27.656784206068373],[153.13142323489342,-27.656569778091832],[153.1313406078644,-27.65641169910142],[153.13128950381937,-27.656101092108983],[153.1312977817534,-27.655575267112347],[153.13129757273188,-27.655405818113728],[153.13119532863684,-27.654745064129234],[153.13125825659267,-27.65434397712605],[153.13125129752507,-27.653818681130936],[153.13120012047222,-27.653445943139022],[153.13110483444393,-27.653304829149725],[153.1309018284134,-27.653237238170707],[153.1305530973793,-27.653265811205646],[153.13008400834585,-27.65340180625185],[153.12908773922678,-27.653312362353006],[153.1288467722008,-27.653312585377265],[153.12794618308914,-27.653200454468944],[153.12723609802677,-27.653314075539587],[153.12667802696294,-27.65328634459605],[153.1265132579557,-27.65336951561203],[153.12639291595997,-27.65350519062307],[153.12631075798194,-27.65374813162941],[153.126349136022,-27.65403051662331],[153.12647619106082,-27.654228090608985],[153.12683805814518,-27.6545836025697],[153.1268953981808,-27.654815129562074],[153.12689555419874,-27.65495634056096],[153.1265856252529,-27.655645720586737],[153.12640829425956,-27.655849225602992],[153.12615521329548,-27.656347028624534],[153.12607934331174,-27.656539134630712],[153.1260730923218,-27.656623869630632],[153.12612390533664,-27.656697250624937],[153.12643491540112,-27.6569398415917],[153.12671428946936,-27.657238944561136],[153.12689854852874,-27.657549440540123],[153.12696886759804,-27.65803512852922],[153.1269501146255,-27.658266730529252],[153.12693759764275,-27.6584135955294],[153.12699492967764,-27.65863947552179],[153.12699508669425,-27.658769383520774],[153.12691904569326,-27.658825940527976],[153.12678590368236,-27.658854305541155],[153.12663368866382,-27.658837496556657],[153.12617058259514,-27.658691063604504],[153.12590507355733,-27.65861923963184],[153.1258681635764,-27.658801264634075],[153.12556191473524,-27.66031151265299],[153.1258445897883,-27.660488493623145],[153.12630382189332,-27.660923689573444],[153.1264991689372,-27.661101936552285],[153.1272138731004,-27.661778263474904],[153.12783240526184,-27.662522054406697],[153.12798046331034,-27.662777140389775],[153.1283093774162,-27.66333027835225],[153.12922737667202,-27.66456180024999],[153.12974802382354,-27.665310158191616],[153.1303708180047,-27.666204899121738],[153.13054563104723,-27.666391014102675],[153.1306450890724,-27.66650409209172],[153.13099150415664,-27.66687220205389],[153.13111845418646,-27.666998236040104],[153.1311458271931,-27.667027301037148],[153.1315940392969,-27.667462041988525],[153.13181723734854,-27.667678540964303],[153.13217176542165,-27.6679517169264],[153.13256888050347,-27.66825774188394],[153.13258393850637,-27.668267598882355],[153.1327948415468,-27.668405695859988],[153.13300575258714,-27.66854379183763],[153.13321667162748,-27.668681873815327],[153.133349634653,-27.668768918801234],[153.13343380366692,-27.668806216792436],[153.13366147870425,-27.668907126768694],[153.13388915374176,-27.66900802974492],[153.13411682777922,-27.66910890472115],[153.13424353280004,-27.669165044707956],[153.1343472818162,-27.669203668697214],[153.13468698386905,-27.66933011966195],[153.13485088889453,-27.669391110644934],[153.1351782159455,-27.669512889610953],[153.13563320801458,-27.66966953856386],[153.1359502820624,-27.66977554553106],[153.13609563608426,-27.669824122516037],[153.136239775108,-27.669888086500997],[153.13652689015527,-27.670015550471057],[153.13656128216087,-27.670030816467456],[153.13692168922026,-27.67019075842983],[153.1370729802456,-27.670260697414047],[153.1384419354168,-27.670442580274543],[153.1386672484448,-27.67047114625166],[153.13892222247696,-27.67050753422566],[153.13939104958723,-27.67097517017466],[153.13949344261124,-27.671077303163536],[153.14064288076406,-27.671300462045828],[153.14306763606683,-27.671618489798835]]]}},{"type":"Feature","id":"2026-10-12-slacks-creek","properties":{"collectionId":"2026-10-12","areaId":"slacks-creek","areaName":"Slacks Creek","startsOn":"2026-10-12","endsOn":"2026-10-23","putOutFrom":"2026-10-10"},"geometry":{"type":"Polygon","coordinates":[[[153.12526558251412,-27.650955921756843],[153.1257118275712,-27.651025376711335],[153.12634628265133,-27.651116400646654],[153.1265390436757,-27.651144332627013],[153.1281213088752,-27.651368066465754],[153.1284260379138,-27.65141309743469],[153.12890254697376,-27.65147936238613],[153.13035228815804,-27.651696130238317],[153.13048614617645,-27.65172720622454],[153.13058652019305,-27.65177236421411],[153.13089004224145,-27.65189519418255],[153.13103807726375,-27.65194415216722],[153.13118137428262,-27.651970661152586],[153.1320694093947,-27.65209695606203],[153.13226555341964,-27.65212722004205],[153.1323663224325,-27.652142345031777],[153.13250848745045,-27.65216224501728],[153.13359126358702,-27.65231592890691],[153.133835322618,-27.652352160882025],[153.13424785367042,-27.6524139778399],[153.13449978770194,-27.652447400814278],[153.13498317476345,-27.65251985076494],[153.13522563879627,-27.65257247374013],[153.14055062846936,-27.653338878197154],[153.14067430048652,-27.653367958184425],[153.14077356450557,-27.6534341191739],[153.1408453055243,-27.65351993516601],[153.14089227454306,-27.6536278791604],[153.14089255755917,-27.653754651159357],[153.14068295768462,-27.65491870717128],[153.14061598472387,-27.655284210175147],[153.1406067387434,-27.65544550017479],[153.14061477776107,-27.65557731617297],[153.1406559417885,-27.65575817916735],[153.14071753581433,-27.65590957515998],[153.14065703683966,-27.656159303164078],[153.14060381785362,-27.656314715168254],[153.14073455287482,-27.656370684154634],[153.1408462968862,-27.656364850143383],[153.14101189390897,-27.6564034741264],[153.14118629693766,-27.656479984108177],[153.14116345296932,-27.65674837610838],[153.1409667279802,-27.657001450126227],[153.1408105719968,-27.657264813139864],[153.14066606802047,-27.657573319152],[153.14069230103934,-27.657699733148387],[153.14081703106433,-27.65778992213509],[153.14107506710334,-27.657877392108357],[153.14129820512682,-27.657872013085882],[153.14161891515582,-27.657827540053926],[153.1416796371702,-27.657889462047322],[153.1419090702248,-27.658123418022324],[153.14208992626772,-27.658307283002628],[153.14257533123856,-27.657664953958722],[153.14267750120743,-27.65733346195106],[153.1429350672082,-27.657121023926752],[153.14322560318462,-27.656688927900888],[153.14430826219913,-27.65588230479805],[153.1447836382088,-27.655554695752745],[153.14502582720948,-27.655354200729914],[153.14533669518735,-27.654915578701978],[153.14547266121113,-27.654986910687693],[153.14569336921454,-27.65482674466671],[153.14602121021977,-27.65458883263553],[153.1461987350874,-27.65339704562708],[153.14629179209504,-27.65337840461784],[153.14640843112412,-27.653507954605065],[153.14670272917894,-27.653688974573942],[153.14696664420998,-27.65370884454712],[153.14714754422442,-27.653668350529244],[153.14738114923676,-27.653567373506437],[153.14769772426246,-27.653499870475073],[153.1480332762996,-27.65350622644113],[153.14846301834422,-27.653492338397953],[153.14861404238192,-27.653660080381364],[153.14874253442477,-27.653888284366598],[153.14873518044192,-27.65402932436623],[153.14842640644198,-27.654291577395313],[153.14818535043642,-27.6544530164183],[153.14809510944892,-27.654627724426067],[153.14814062448025,-27.654835871419795],[153.14826913152572,-27.655084222404902],[153.1484126815678,-27.655292257388766],[153.14866175461944,-27.655486754362148],[153.14888016067334,-27.65572457733818],[153.14945411676732,-27.65597616027833],[153.15029890088763,-27.656203597191297],[153.15091726896378,-27.656276799128335],[153.15123385898943,-27.656209296096915],[153.15167086600837,-27.655987187054578],[153.15188176901154,-27.655832491034563],[153.15206252001144,-27.65567783201756],[153.15236394102772,-27.655549889988162],[153.15305499008855,-27.655440843919266],[153.15339482612015,-27.65540078888531],[153.15385235815535,-27.655289097840058],[153.15447626320238,-27.65512781477838],[153.1550029962324,-27.654917201726914],[153.1554047692365,-27.654607913688785],[153.1556958332507,-27.654471694660533],[153.1562505443058,-27.65443400960482],[153.15684705238127,-27.654519810543952],[153.15745732246418,-27.65465338448134],[153.15761730849215,-27.65473774746451],[153.15770205052263,-27.654905147454645],[153.15765331656692,-27.655294104456473],[153.15740015357068,-27.6555390124801],[153.15701292453687,-27.655602178518688],[153.1565481204851,-27.655590161565666],[153.1561891214591,-27.65569093060111],[153.1558373204483,-27.655904590634915],[153.15561933145267,-27.65612436765516],[153.15547187647675,-27.65643816366754],[153.15540878549547,-27.65663895767236],[153.1553950155219,-27.656858510671963],[153.15543744654323,-27.656990184666704],[153.15567745261944,-27.657385088639312],[153.15600894370152,-27.657748512602996],[153.1563542557757,-27.658038556565863],[153.1564437817885,-27.65806297955664],[153.1565746958011,-27.65805087154351],[153.15669009780487,-27.657982162532402],[153.156853496804,-27.65783625051706],[153.15696885380444,-27.65774182950622],[153.1571034858091,-27.65766451449325],[153.1573343428231,-27.65757853447064],[153.157661370841,-27.657441004438695],[153.15801725485977,-27.657286293404027],[153.1582867648911,-27.657303131376707],[153.15842177693074,-27.657500139361524],[153.15843187297222,-27.65781731135799],[153.15849011402284,-27.658165327349344],[153.15859658308779,-27.658585249335264],[153.1589438241918,-27.659107773296117],[153.1592331532754,-27.65951891126368],[153.159503244358,-27.659938655233084],[153.15957098539704,-27.660187176224298],[153.15942691340763,-27.660393081237174],[153.15915753738835,-27.660470544263777],[153.1588397993431,-27.660385176296536],[153.15840632526354,-27.660128503342275],[153.15789595218445,-27.659940495395265],[153.1576552171476,-27.659855044420254],[153.1574434271204,-27.65982099544188],[153.1571933551086,-27.659941292466186],[153.15700110010854,-27.66010437848427],[153.15687624411802,-27.660284541495436],[153.15687662415183,-27.66055029549329],[153.1569152551681,-27.660644545488683],[153.15718512223097,-27.660909980459355],[153.15761870932045,-27.66124381041296],[153.15816798843974,-27.66171466535381],[153.15897718759035,-27.66221094026822],[153.15916977061883,-27.662270724248284],[153.15940073064152,-27.662253319225126],[153.1595834196449,-27.662124514207736],[153.1597756666439,-27.66195285218967],[153.15990056063765,-27.661798402178327],[153.1601501546079,-27.661352350156648],[153.16031321057642,-27.660966403143252],[153.16056240351173,-27.66024603612381],[153.1607157144693,-27.659782945111978],[153.1607921724306,-27.6594142461072],[153.1608879794027,-27.659114099099874],[153.16102246239544,-27.658942497087637],[153.1612918304137,-27.658856465061177],[153.16153246944177,-27.65887332603676],[153.16174662948234,-27.659009880014057],[153.16203864749133,-27.658832541985966],[153.16301944857557,-27.65866164788833],[153.1631355205909,-27.658682993876432],[153.16342274840522,-27.656980848860922],[153.1635276083466,-27.65643073485467],[153.16361694025736,-27.655654481851826],[153.1634706561925,-27.655268712869606],[153.16359318017936,-27.65506173585892],[153.16411694925512,-27.65521232680483],[153.1629801540073,-27.654230503927327],[153.16183636275346,-27.653207607050856],[153.16086148454355,-27.652385845155745],[153.1593563712179,-27.651105194317754],[153.1576209658393,-27.649603761504753],[153.15731571577692,-27.649372688537394],[153.1571400537413,-27.649242467556135],[153.1567901886744,-27.64901342959324],[153.15639897360188,-27.648776232634596],[153.15591292051593,-27.648512929685747],[153.15554659845517,-27.648346169723997],[153.15527492040968,-27.648220522752414],[153.15485896234492,-27.64806446279561],[153.15450844229093,-27.64793778083195],[153.1543982102743,-27.64790060284341],[153.1538576331956,-27.64774138389921],[153.15326947710918,-27.647561034959956],[153.15301863807179,-27.647480434985905],[153.15245035998933,-27.647314883044572],[153.15171301388088,-27.647089234120713],[153.15082120875,-27.646817936212788],[153.15033368767666,-27.64665543226326],[153.149877026605,-27.64647948631076],[153.14931159451174,-27.646226994369762],[153.14901413846127,-27.64608287740093],[153.14873912941277,-27.64593507242981],[153.14842052835644,-27.645763135463355],[153.14804916128773,-27.645538746502552],[153.14775500423107,-27.645343362533758],[153.14764192020942,-27.64526877554578],[153.14642862997025,-27.644418931674885],[153.1457647528381,-27.64394360674555],[153.14552310079003,-27.64377088677132],[153.14518982872568,-27.643548539806666],[153.14414399851992,-27.642818538917957],[153.1434933173905,-27.64235386898721],[153.14305234030294,-27.64204047503417],[153.14278221924945,-27.64184919606293],[153.14246826618665,-27.64162240809637],[153.1418961660723,-27.641209221157336],[153.14145217797952,-27.64085598920489],[153.14118096992306,-27.640642791233955],[153.1409214958692,-27.640440113261715],[153.14067780981716,-27.64023751728789],[153.14037556175063,-27.639971360320484],[153.13999260166648,-27.639634102361775],[153.13921336149204,-27.638924560445957],[153.13894002143292,-27.638692229475364],[153.13862809536263,-27.638404085509055],[153.13831737629343,-27.638123206542613],[153.13807176823858,-27.637900478569158],[153.13785060518907,-27.637699894593023],[153.13754282112043,-27.637420728626267],[153.13725667405774,-27.637170530657105],[153.13619933281876,-27.636189950771488],[153.13539549663656,-27.635439074858418],[153.13476542449212,-27.63483867692673],[153.13393908030238,-27.63404767901627],[153.1332639081475,-27.63340266708943],[153.1325550679832,-27.632712386166357],[153.13215974688498,-27.63227602720966],[153.1318729588125,-27.631948694241174],[153.13179153878997,-27.63184093625022],[153.131382464669,-27.63123654529623],[153.1310933305759,-27.63074986532922],[153.13083167447567,-27.630183502360044],[153.13053866535626,-27.629492349395047],[153.13038736629338,-27.629126056413252],[153.1298875440779,-27.627855352473638],[153.1294627708977,-27.626798077524832],[153.1289360226735,-27.62548097958831],[153.1286147675441,-27.624735377626607],[153.12850043850432,-27.62451950463983],[153.12803778132658,-27.62351400369441],[153.12774224621214,-27.622864043729372],[153.1268783578742,-27.620938381831635],[153.12669429879944,-27.62050587585363],[153.12643234369298,-27.619890472884908],[153.1261479925765,-27.619215226918904],[153.12583802646367,-27.618590517955052],[153.1254222243172,-27.617791071003325],[153.12505195320017,-27.617183751045413],[153.12471199009522,-27.61664640808396],[153.12436137298604,-27.616084753123722],[153.12401484685913,-27.61538031616417],[153.1239622528347,-27.61523222117068],[153.12390388481143,-27.61509905717763],[153.12368951679645,-27.615163102198707],[153.12338103377482,-27.61525528822903],[153.1232264557616,-27.615282304244456],[153.1230052487382,-27.615285858266716],[153.12279152070835,-27.615232288288635],[153.12272380269732,-27.615203268295677],[153.1213603394693,-27.614566325438144],[153.12115091143426,-27.61446813446002],[153.1209846144529,-27.614756695474476],[153.1205659964886,-27.61539398851163],[153.12040337851207,-27.615716866525432],[153.12010957954388,-27.61621624955112],[153.11994281357343,-27.616590782564966],[153.11976522162098,-27.617116249578697],[153.1196749136828,-27.617680005583303],[153.11966914672806,-27.61804207358104],[153.11957152184104,-27.61901427758318],[153.11941498487855,-27.619442492595542],[153.1191508018988,-27.619826435619164],[153.11879240690038,-27.620144046652783],[153.1183599828833,-27.620377428694482],[153.11787275184778,-27.62051146374248],[153.11741035380166,-27.620540803788856],[153.11715886677433,-27.62053966381422],[153.1159871886254,-27.620363025933617],[153.11575891759625,-27.620328067956926],[153.11580232464317,-27.62066056494991],[153.11598451386817,-27.62227713991879],[153.11599423690373,-27.622549413915667],[153.11602578292903,-27.62272143991109],[153.11606537596376,-27.622961281905194],[153.11619050103957,-27.623452274888717],[153.1163473871159,-27.62391988086921],[153.11642029115728,-27.624183243859814],[153.1164318101637,-27.624224840858258],[153.11652425720672,-27.62448447784689],[153.11661499724892,-27.624739541835797],[153.11678599632202,-27.62517054981513],[153.11733486450893,-27.626175454751873],[153.11751770156832,-27.626487298731004],[153.11774430365205,-27.626954212704497],[153.1178638187017,-27.627243041690164],[153.11798393674403,-27.627474545676225],[153.11817957481063,-27.62783245665367],[153.11832163487733,-27.628236688636157],[153.11848129295547,-27.628715887616305],[153.1185064089918,-27.628980934611665],[153.1185326580435,-27.62936546660597],[153.11851020207473,-27.629630669606186],[153.1185498311342,-27.63006548559873],[153.1185995491917,-27.630475803590475],[153.1187023743648,-27.63175108257004],[153.11872839240854,-27.632073491564846],[153.11893007174797,-27.63457409252476],[153.11894141879128,-27.63490582952101],[153.11891522985627,-27.635439484519388],[153.11890386787294,-27.635580442519455],[153.11887741090723,-27.63587288551978],[153.1187700330422,-27.63702628752149],[153.11875218207842,-27.63732699252094],[153.11872285614442,-27.637871533519597],[153.11871729016855,-27.638066172518588],[153.11871352817883,-27.638150497518303],[153.1186968612769,-27.638936288513758],[153.1186659193506,-27.63954267651208],[153.11862035751716,-27.640892110506012],[153.11860357154666,-27.641139164505752],[153.11862030562637,-27.641751899499226],[153.11862692965792,-27.641994870496614],[153.1186008527752,-27.642940341491773],[153.118476747927,-27.64424061749401],[153.11843302098043,-27.644698678494812],[153.1183803080515,-27.64530272749535],[153.11835834407813,-27.645531609495734],[153.11833761610245,-27.645740344496172],[153.11831217313934,-27.646052941496272],[153.11830805217076,-27.6463030054947],[153.11831390918974,-27.646447330492983],[153.11832499520682,-27.646572328490873],[153.11830189830727,-27.64738260148681],[153.11829172133437,-27.647604770486055],[153.11827169436597,-27.647870517485984],[153.1182581633988,-27.64814046748518],[153.1182470024255,-27.648360147484613],[153.11824346345193,-27.64857072348327],[153.11825532548926,-27.648854992479855],[153.1183059505535,-27.649316936471106],[153.11834581158897,-27.649562201465113],[153.11838881662354,-27.649797945458946],[153.11841949764934,-27.649974889454423],[153.1185921576707,-27.64999643643687],[153.12068056293433,-27.650294407224106],[153.12102694097837,-27.650345995188832],[153.12245356316,-27.650561220043333],[153.12271625519327,-27.65059988101658],[153.1234300292835,-27.65070246794379],[153.1237256533206,-27.650743535913715],[153.12449554441739,-27.650850041835305],[153.124698371443,-27.650878725814593],[153.12526558251412,-27.650955921756843]]]}},{"type":"Feature","id":"2026-10-26-crestmead","properties":{"collectionId":"2026-10-26","areaId":"crestmead","areaName":"Crestmead","startsOn":"2026-10-26","endsOn":"2026-11-06","putOutFrom":"2026-10-24"},"geometry":{"type":"Polygon","coordinates":[[[153.09932883096013,-27.700160568980547],[153.09986127891906,-27.69938392093308],[153.1000072809037,-27.699137961920325],[153.10025785088072,-27.698744109898225],[153.10034511187274,-27.698606936890553],[153.1004427748638,-27.69845342488192],[153.10141034380027,-27.697127884794988],[153.10159884378712,-27.696864111778076],[153.10183595877047,-27.696530802756836],[153.10210315873962,-27.696059858733637],[153.10228261370176,-27.69560946471913],[153.10240402065318,-27.69512306171074],[153.10245265760275,-27.694685086709324],[153.10245580956158,-27.6943586537116],[153.10238123746126,-27.693633189724814],[153.10236726041848,-27.69330824772877],[153.10237432338482,-27.693037232730255],[153.10242759435008,-27.692718727727346],[153.10248596231963,-27.692429108723758],[153.10250347130776,-27.692320450722875],[153.1025484652842,-27.69209700072013],[153.10267382925934,-27.69179447670989],[153.10285060923238,-27.691431857694955],[153.10302642021463,-27.69114163467952],[153.1032088772027,-27.690892569663127],[153.10456685713783,-27.689224928539563],[153.10477662812815,-27.688969596520458],[153.10498371711856,-27.688717536501574],[153.10510768011284,-27.68856725049028],[153.10498624309005,-27.688491180503142],[153.1022746406447,-27.68729823678558],[153.1023621336337,-27.687136887778035],[153.1025164566143,-27.68685228976473],[153.10267510259422,-27.68655970575113],[153.10276543258288,-27.68639309574333],[153.10278782157417,-27.686305059741752],[153.10284983354984,-27.686061209737417],[153.10263826652516,-27.686046874758905],[153.10252687251216,-27.68603932777011],[153.1024145634989,-27.686031720781507],[153.10230448848608,-27.686024276792637],[153.10217723347117,-27.686015649805512],[153.10211163846358,-27.68601119381217],[153.10196878044692,-27.686001515826653],[153.1019195914411,-27.68599818483161],[153.10176032842247,-27.685987396847747],[153.1017275534186,-27.68598517685104],[153.10155188339812,-27.685973270868843],[153.10153550739622,-27.685972160870467],[153.10134345337372,-27.68595915188992],[153.10090527732248,-27.6859294319343],[153.10071321630005,-27.685916407953737],[153.1007075012994,-27.685916019954327],[153.1005211622776,-27.685903376973155],[153.1005097182763,-27.685902601974295],[153.10032910925517,-27.685890352992573],[153.10030074425183,-27.685888423995515],[153.10013705523275,-27.68587732201204],[153.10009194222744,-27.68587426001658],[153.09994500121022,-27.685864291031496],[153.09988313920303,-27.685860089037753],[153.09975294818778,-27.685851260050892],[153.09967433717867,-27.685845918058895],[153.09954097116307,-27.685836865072382],[153.09946589215429,-27.685831777079997],[153.09931355013637,-27.68582143509541],[153.09925746912992,-27.685817628101045],[153.09908106210926,-27.68580564811895],[153.0990490241055,-27.685803457122173],[153.09901030410097,-27.68580084212607],[153.0988405640811,-27.685789308143292],[153.0985048640419,-27.685766532177233],[153.0983427020229,-27.685755423193633],[153.0980069789836,-27.68573262422764],[153.0980309839692,-27.6855988272263],[153.09803645296597,-27.68556834722596],[153.09805273295615,-27.685477606225035],[153.09806747694736,-27.68539547122419],[153.09807430994317,-27.68535739822383],[153.09809509693076,-27.685241534222637],[153.09809848692868,-27.68522259522246],[153.09812949591014,-27.685049712220707],[153.09816050489158,-27.684876843218966],[153.0981915148729,-27.68470396021721],[153.0982225238544,-27.68453109221546],[153.09823755184536,-27.684447332214553],[153.09825353283568,-27.684358208213666],[153.09828869981467,-27.684162169211643],[153.09831427779932,-27.684019572210236],[153.09834477278102,-27.68384949820852],[153.09836874176656,-27.68371584220716],[153.09838615375614,-27.683618731206174],[153.0983927027522,-27.683582193205762],[153.09841666373782,-27.683448530204434],[153.09844398472137,-27.6832961362029],[153.09847271370418,-27.683135769201254],[153.098507850683,-27.682939707199267],[153.09851136068096,-27.682920112199103],[153.0985397846639,-27.682761467197484],[153.09857171764463,-27.682583227195675],[153.09861323161974,-27.682351521193333],[153.09864993359767,-27.68214666019123],[153.09871403855914,-27.681788935187633],[153.09868574853994,-27.681661463191475],[153.09472768007683,-27.681389390592038],[153.09316793789426,-27.68128214674989],[153.09282656785484,-27.681262812784432],[153.09088966962605,-27.68111225098055],[153.0907439656088,-27.6811009259953],[153.09039903356796,-27.68107411203026],[153.08984353350354,-27.68103998808643],[153.0893353754394,-27.680967770138125],[153.08912603640618,-27.68088548515988],[153.08859565931482,-27.68061771921533],[153.0866558999714,-27.67956772341882],[153.08648522194363,-27.679494559436606],[153.0862612049086,-27.679409227459825],[153.08479674870298,-27.679038755610108],[153.08440542965067,-27.678961030650054],[153.0813123732185,-27.678195102967344],[153.0807560381409,-27.678057789024376],[153.0805865001161,-27.678007319041868],[153.08050041610326,-27.677979893050708],[153.08022932706265,-27.67789085107868],[153.07980439098765,-27.67766200712324],[153.0795841959439,-27.677505336146613],[153.07929073987884,-27.677243336178236],[153.07810690958948,-27.675973861307355],[153.0777404764994,-27.675576179347384],[153.07489502379352,-27.67244210065836],[153.07470016173718,-27.672163992680108],[153.07432110571517,-27.672314322717043],[153.07396656970232,-27.672514861751125],[153.07355226568274,-27.672714604791274],[153.0732442216668,-27.672851702821138],[153.0730778946605,-27.672944007837163],[153.07293424765624,-27.67303246885086],[153.0727695896534,-27.673150970866526],[153.07259835965274,-27.67329156288261],[153.0724037436566,-27.673488168900658],[153.0722411566628,-27.673675960915492],[153.07209708467008,-27.67385607892855],[153.07162674470072,-27.674499167970822],[153.0695717408347,-27.677308476155282],[153.0695357468562,-27.677508428157324],[153.0694504529077,-27.677987716162075],[153.06836964155588,-27.68401829122311],[153.06790815983743,-27.686630881248885],[153.06751390507407,-27.688832811271155],[153.0673811731537,-27.689573816278667],[153.06731333619467,-27.689954101282478],[153.06728856320962,-27.690092890283825],[153.06724879123357,-27.69031570028609],[153.06720901325758,-27.69053850228835],[153.0671692422815,-27.690761304290557],[153.06710403432075,-27.691126577294234],[153.06706051534698,-27.69137037429667],[153.06701596837382,-27.691619909299206],[153.06696630340372,-27.691898099301955],[153.06690155044282,-27.692260823305624],[153.06688564345237,-27.69234994030654],[153.0668840564533,-27.69235883630663],[153.06686732946326,-27.692452050307566],[153.06784500158784,-27.69259785820813],[153.0703552509066,-27.692966206952764],[153.07117286301036,-27.693085579869617],[153.07243239917034,-27.693271456741446],[153.07269986020435,-27.69331093071425],[153.0775051558149,-27.69401853422533],[153.07760190982702,-27.694030992215527],[153.07763356683222,-27.694044500212232],[153.077653131837,-27.69406557721008],[153.07766281084128,-27.694091379208874],[153.07766421084528,-27.694121904208508],[153.07765103885586,-27.694216310209104],[153.07736285802972,-27.69583130522534],[153.07732556005215,-27.69604031622741],[153.0772209991153,-27.696626342233316],[153.07717598214236,-27.69687849223586],[153.07734090116347,-27.69690398821903],[153.0780082872478,-27.696998521151198],[153.0783930722964,-27.69705302211201],[153.07863059632638,-27.69708666108791],[153.07971574446353,-27.697240351977502],[153.08098627562416,-27.69742028284825],[153.08159287970068,-27.697506194786584],[153.08165226870827,-27.69751460278052],[153.08217187977388,-27.697588172727624],[153.08218667677582,-27.69759026872614],[153.08282692685668,-27.697680942661044],[153.0829470828718,-27.697697959648767],[153.08295024887227,-27.697698407648478],[153.08305778388586,-27.69771363563755],[153.084134825022,-27.69786614652798],[153.0844346510598,-27.69790860249743],[153.08465119508725,-27.697939268475444],[153.08495066312506,-27.69798166244497],[153.08737513443145,-27.69832487319826],[153.0883561595836,-27.698685697096735],[153.08961591874169,-27.69885612896855],[153.0898723967739,-27.698890826942495],[153.09070780087873,-27.699003829857492],[153.09119508394005,-27.699069729807974],[153.09146875897432,-27.699106751780153],[153.0942171223194,-27.699478446500542],[153.09544371847346,-27.699644304375763],[153.09597855054056,-27.69971663432138],[153.0979984097942,-27.699989772115902],[153.0982992348319,-27.700030445085297],[153.09892083691,-27.700114488021995],[153.09921469496962,-27.70033345999072],[153.09932883096013,-27.700160568980547]]]}},{"type":"Feature","id":"2026-10-26-heritage-park","properties":{"collectionId":"2026-10-26","areaId":"heritage-park","areaName":"Heritage Park","startsOn":"2026-10-26","endsOn":"2026-11-06","putOutFrom":"2026-10-24"},"geometry":{"type":"Polygon","coordinates":[[[153.065299942518,-27.670575730638017],[153.06517900548164,-27.670391953651603],[153.06500268043808,-27.67019924467088],[153.06484633739498,-27.66999261768822],[153.06482633238946,-27.66996617569046],[153.0644183012953,-27.669571807734602],[153.0641362002289,-27.66928946876517],[153.0640303271851,-27.66903395077782],[153.06393954213942,-27.668751513789164],[153.06388362509432,-27.668443872797262],[153.06375778503065,-27.668049438812982],[153.06351298096163,-27.667713946840298],[153.06328143890366,-27.667454986865614],[153.06298384085133,-27.66729615489677],[153.06275241781816,-27.667231483920528],[153.06219541274876,-27.667160092977095],[153.06196935472192,-27.667141749],[153.0616794746888,-27.667127921029234],[153.06139220965505,-27.667107119058294],[153.06126163864215,-27.667116477071325],[153.06118331763787,-27.667149073078935],[153.0611154506369,-27.667200274085356],[153.0610658526375,-27.667246810089992],[153.06104624963965,-27.66728050909167],[153.0610084906495,-27.66739029309462],[153.06100333466543,-27.667520530094116],[153.06105562968705,-27.66764610208787],[153.06116013971007,-27.66773908507661],[153.0612489727274,-27.667799509067198],[153.0614317797501,-27.667822688048663],[153.0615780427695,-27.667850538033722],[153.06170346580018,-27.667985371020063],[153.06175059083176,-27.668194666013665],[153.0617245288396,-27.668278403015623],[153.06164100784179,-27.668366819023298],[153.06154704084284,-27.668455235032017],[153.06142176684642,-27.66859018704356],[153.0613695758502,-27.66866463304827],[153.06131739885632,-27.668757684052725],[153.06127566786358,-27.668850734056218],[153.06119221387993,-27.66905078906304],[153.06103038788254,-27.669209010078056],[153.06091553688125,-27.669297433088907],[153.06086170688616,-27.669381357093616],[153.06083219489287,-27.669460340096016],[153.06084028590107,-27.669517769094714],[153.06088064591816,-27.66961824808983],[153.06094784993275,-27.66967565508268],[153.0610795539567,-27.66975216506882],[153.06111184497172,-27.669843084064855],[153.06101808702556,-27.670348032070294],[153.060940243036,-27.670496433076938],[153.06084908505144,-27.670696362084534],[153.06075228806714,-27.670902572092622],[153.06065549008102,-27.671094387100823],[153.06054254609427,-27.671295813110582],[153.06042419410218,-27.67145887712118],[153.0603734031032,-27.671510621125915],[153.06010441510196,-27.67172992915121],[153.05968922409275,-27.672011672190745],[153.05897028706036,-27.672370835260143],[153.0588773410587,-27.67243712326893],[153.0587844030592,-27.672519981277663],[153.05869146406388,-27.67263594928608],[153.05861714507117,-27.67275743829257],[153.0584086920704,-27.672928980312214],[153.05815912807162,-27.673151440335495],[153.05795360407336,-27.673341184354687],[153.0576783200681,-27.673534221380795],[153.05746913707193,-27.673743575400163],[153.0573003370765,-27.673923499415714],[153.05724895707846,-27.673982373420454],[153.05716706108643,-27.674116134427607],[153.05707366010196,-27.67431776143541],[153.0570393201233,-27.67451499343732],[153.0569955411356,-27.674649901440606],[153.0569475811381,-27.674710347444964],[153.05686074513568,-27.67476562345328],[153.05676895413072,-27.674804336462174],[153.05667839212603,-27.674845255470967],[153.05655928011382,-27.674850835482886],[153.05648732910998,-27.674881800489885],[153.05643647910856,-27.674913867494734],[153.05638191811067,-27.674976869499734],[153.05631247911333,-27.675057559506083],[153.05624675011813,-27.675151511511924],[153.0561810281194,-27.675217829517972],[153.05606465011263,-27.67526316552936],[153.05584023909003,-27.67527658455177],[153.0556831360687,-27.675243332567856],[153.05534648902474,-27.675183511602185],[153.0549574419649,-27.67504377664239],[153.05476659492015,-27.67485400266304],[153.05463564389282,-27.674750804677025],[153.05440740284706,-27.674584358701235],[153.0543149708281,-27.674513697711102],[153.05428148081722,-27.674457080714937],[153.05423457179617,-27.674330435720673],[153.05419266177324,-27.674185900726016],[153.05418758775966,-27.67408308972731],[153.05419928575637,-27.674047312726426],[153.05424274474788,-27.673942990722914],[153.05424269973636,-27.673852092723582],[153.054266020712,-27.67364035472294],[153.05425927769846,-27.673539033724435],[153.05419893566645,-27.67333788273209],[153.0540900676282,-27.67312928874467],[153.05405098160847,-27.673006987749535],[153.05398166158767,-27.672901926757316],[153.05392388956855,-27.672801418763918],[153.05383533154705,-27.6727066327736],[153.05369804752158,-27.67262329778806],[153.0536250765115,-27.672606340795507],[153.0534552264914,-27.672592906812707],[153.05333692647488,-27.672563238824797],[153.05327017645945,-27.67249844883206],[153.05327619644913,-27.672412013832112],[153.05337620544043,-27.672258017823317],[153.0534095174296,-27.672144560820847],[153.05339430341635,-27.67205273282311],[153.05330932939276,-27.671939326832533],[153.05315762836298,-27.67183404284862],[153.05306658133674,-27.671704424858785],[153.05300794532343,-27.671650072865084],[153.05282773829535,-27.671582190883747],[153.05283570330175,-27.671626007882608],[153.05285076831228,-27.671696311880503],[153.0528606923293,-27.67182145187853],[153.05284968835144,-27.67200588287816],[153.05281311337131,-27.672193607880402],[153.05273566440877,-27.672555661885315],[153.05267426444993,-27.672931960888487],[153.0523295996332,-27.67467240090937],[153.05216681973135,-27.675585670918547],[153.05215139674849,-27.67573433991891],[153.05215428776688,-27.675876735917495],[153.05216212578216,-27.675990542915798],[153.05209076381988,-27.676348520920147],[153.0519997478404,-27.67658787092742],[153.05194930686113,-27.67679536993084],[153.05168163801196,-27.678213334946513],[153.0516448840329,-27.67840979894866],[153.05160694605493,-27.67861611995084],[153.05137763918316,-27.679822674964356],[153.05134312820292,-27.680008417966352],[153.0510361053683,-27.681575132984847],[153.05094935741684,-27.682031749989953],[153.05092299042252,-27.682099124992078],[153.05054031250512,-27.68307687202278],[153.05044605552544,-27.68331770503037],[153.05039490753646,-27.68344837303449],[153.0498120406621,-27.684937588081286],[153.04975717467389,-27.685077771085663],[153.0496375187417,-27.68571428109266],[153.04961153075635,-27.68585251209417],[153.0495639287833,-27.68610572009696],[153.04935381590226,-27.687223337109266],[153.049333184914,-27.687333061110433],[153.0492286759731,-27.687888927116568],[153.04920201698818,-27.688030734118122],[153.04909370804947,-27.68860682012446],[153.04906704306467,-27.68874863412604],[153.04902263708976,-27.68898481012862],[153.04899515210528,-27.68913105813026],[153.04915664312594,-27.689155123113828],[153.05098006935796,-27.68942685292847],[153.051577702434,-27.689515909867676],[153.0517179674519,-27.68953680885341],[153.0518179544646,-27.689551709843283],[153.0547064018321,-27.689982100549575],[153.05495395486363,-27.69001898152441],[153.05635538704206,-27.69022776838194],[153.05657757107033,-27.690260871359303],[153.056652814092,-27.69036757835088],[153.05682033320588,-27.691122240328113],[153.0567956792198,-27.691253393329543],[153.0567160032439,-27.691511012335503],[153.0566947612485,-27.691565580337215],[153.05652463426838,-27.691868207351916],[153.05632029528024,-27.69213587737038],[153.0562047293459,-27.69275196537707],[153.05570174763113,-27.695430881406498],[153.05673106776217,-27.69558387930182],[153.0567797267683,-27.6955911132969],[153.05681557177294,-27.695596441293233],[153.05909255906266,-27.6959351440617],[153.06023451720796,-27.696104070945573],[153.0601392462617,-27.69660992095112],[153.0600656273032,-27.69699965295549],[153.0604464263517,-27.697056269916743],[153.06087721140645,-27.697120322872955],[153.06125103645414,-27.697175871834936],[153.0612804144578,-27.697180277831905],[153.06152668648915,-27.6972168898069],[153.0631265036928,-27.69745473564419],[153.06525730296391,-27.697771496427418],[153.06641872111175,-27.697944122309277],[153.0671404612036,-27.69805140123588],[153.0672219212139,-27.698063507227573],[153.06760574126275,-27.698120556188567],[153.0677403878829,-27.695012717199567],[153.06780824769152,-27.693446233205094],[153.0678391306044,-27.69273345120762],[153.06784500158784,-27.69259785820813],[153.06686732946326,-27.692452050307566],[153.0668840564533,-27.69235883630663],[153.06688564345237,-27.69234994030654],[153.06690155044282,-27.692260823305624],[153.06696630340372,-27.691898099301955],[153.06701596837382,-27.691619909299206],[153.06706051534698,-27.69137037429667],[153.06710403432075,-27.691126577294234],[153.0671692422815,-27.690761304290557],[153.06720901325758,-27.69053850228835],[153.06724879123357,-27.69031570028609],[153.06728856320962,-27.690092890283825],[153.06731333619467,-27.689954101282478],[153.0673811731537,-27.689573816278667],[153.06751390507407,-27.688832811271155],[153.06790815983743,-27.686630881248885],[153.06836964155588,-27.68401829122311],[153.0694504529077,-27.677987716162075],[153.0695357468562,-27.677508428157324],[153.0695717408347,-27.677308476155282],[153.07162674470072,-27.674499167970822],[153.07209708467008,-27.67385607892855],[153.0722411566628,-27.673675960915492],[153.0724037436566,-27.673488168900658],[153.07259835965274,-27.67329156288261],[153.0727695896534,-27.673150970866526],[153.07293424765624,-27.67303246885086],[153.0730778946605,-27.672944007837163],[153.0732442216668,-27.672851702821138],[153.07355226568274,-27.672714604791274],[153.07396656970232,-27.672514861751125],[153.07432110571517,-27.672314322717043],[153.07470016173718,-27.672163992680108],[153.07456009769095,-27.671919062696126],[153.07436663662617,-27.671573355718362],[153.0741010755494,-27.671194902748024],[153.0736392744366,-27.670700220798423],[153.07321430034438,-27.670335872844046],[153.07272332925223,-27.67002839489581],[153.07196995612853,-27.669696590974223],[153.0709971929875,-27.669414571074295],[153.07024866287864,-27.66919527815127],[153.070039554846,-27.66911642917293],[153.0698433218138,-27.66903027819336],[153.0695980487699,-27.668893813219128],[153.06884753662652,-27.66840364729846],[153.06798192145592,-27.667796819390293],[153.06789472043874,-27.66773628339956],[153.06786190044448,-27.667809478402255],[153.06784536745178,-27.667881190403364],[153.0678431914706,-27.668030991402368],[153.06799270950543,-27.66817855738618],[153.06801480752034,-27.668276771383162],[153.06803654853366,-27.668363682380328],[153.0680311765447,-27.668455458380134],[153.06804753056372,-27.66859067137743],[153.06804682257555,-27.668684854376743],[153.06803789658542,-27.668770864376995],[153.0680252605986,-27.668885185377317],[153.0680012476088,-27.668986275378973],[153.0679635176258,-27.669151670381414],[153.06787075763515,-27.669304862389545],[153.06780209365147,-27.669491722394955],[153.0677128206724,-27.669733717402043],[153.0676131986861,-27.66992671741056],[153.0674036287073,-27.67027290842884],[153.06710013670735,-27.67053180845733],[153.06681898169847,-27.67070192048427],[153.0666196196946,-27.67084149250321],[153.06623671865492,-27.670855313541608],[153.0658141745878,-27.670686870585428],[153.0657128315741,-27.67066520459578],[153.06549131855292,-27.670687734617893],[153.065299942518,-27.670575730638017]]]}},{"type":"Feature","id":"2026-11-09-browns-plains","properties":{"collectionId":"2026-11-09","areaId":"browns-plains","areaName":"Browns Plains","startsOn":"2026-11-09","endsOn":"2026-11-20","putOutFrom":"2026-11-07"},"geometry":{"type":"Polygon","coordinates":[[[153.06810116006386,-27.65672016846584],[153.0681238470505,-27.656595512464524],[153.0681465120371,-27.656470864463238],[153.06816923602378,-27.656346231461946],[153.06821488599704,-27.656096212459307],[153.06836867290727,-27.65525751545047],[153.0685299108132,-27.65437818244121],[153.0685347768104,-27.65435160644093],[153.06796984366835,-27.653714179502767],[153.06823181351103,-27.652250021488022],[153.06828969047655,-27.65192878948476],[153.06837324142677,-27.65146504248001],[153.06786129633588,-27.65118453653367],[153.06765453529806,-27.65106260755544],[153.067651883298,-27.65106430555569],[153.0674715942927,-27.651176392572925],[153.06700553728032,-27.651476874617423],[153.06676156127392,-27.651634156640732],[153.06647463126635,-27.6518193626681],[153.06605359225526,-27.652091145708294],[153.0660386162549,-27.652100793709742],[153.06590496725138,-27.652187056722504],[153.06543865123908,-27.652487961766962],[153.06540152423818,-27.652511923770515],[153.0653862662377,-27.652521780771973],[153.06519126123254,-27.652647665790592],[153.0649372642259,-27.65281165281484],[153.0648597632239,-27.652861690822284],[153.06474360822085,-27.652936680833317],[153.06462677621778,-27.653012117844504],[153.06450928021465,-27.65308797285569],[153.06438551821134,-27.653167887867507],[153.06435338421053,-27.653188629870577],[153.06373601419432,-27.653587295929473],[153.0632264241809,-27.653916349978118],[153.06294716117353,-27.654096476004753],[153.06257598816376,-27.654335900040195],[153.0619680361477,-27.654728032098223],[153.06193872514686,-27.654746934101045],[153.06179840914325,-27.654837488114403],[153.06122655412818,-27.65520647116898],[153.06116867112658,-27.655243798174478],[153.06093062512036,-27.655397295197233],[153.06074526211546,-27.655516802214883],[153.06057252711088,-27.6556281882314],[153.06039956210628,-27.6557397092479],[153.0603715111056,-27.65575779925055],[153.06022644010173,-27.655851408264414],[153.06001273509602,-27.655989288284818],[153.0596565750867,-27.656219094318814],[153.0595728610844,-27.65627310332679],[153.05930965407745,-27.656442932351865],[153.05928071607673,-27.656461603354657],[153.05917893407405,-27.656527697364393],[153.05914718707325,-27.65654831336738],[153.05898334806912,-27.65665470738301],[153.05892375106754,-27.6566934133887],[153.0587747100637,-27.656790226402936],[153.05875334906315,-27.656804069404966],[153.05856317303915,-27.656777433424303],[153.05847488302803,-27.656765065433294],[153.05837298901523,-27.656750790443635],[153.05827456000284,-27.656737006453604],[153.05817276999002,-27.656722761463953],[153.05807424297763,-27.65670896247398],[153.0578763339527,-27.656681246494063],[153.05767363292713,-27.656652859514665],[153.05765043192423,-27.656649611517057],[153.0574702399015,-27.65662436853538],[153.05729005487882,-27.656599118553657],[153.05727302287661,-27.656596734555364],[153.0571098548561,-27.65657387657199],[153.05707270685147,-27.65656866857575],[153.05692875383332,-27.656548507590376],[153.05687240482618,-27.6565405055961],[153.05672859380797,-27.6565200906107],[153.05666352079982,-27.656510851617313],[153.05652843378274,-27.65649168163106],[153.05632827375754,-27.656463257651414],[153.0561281137322,-27.656434818671745],[153.05600534371675,-27.65641738468421],[153.05592793970698,-27.656406387692062],[153.0557277796818,-27.65637793371244],[153.05567536467515,-27.65637049071775],[153.05552761965643,-27.65634948673275],[153.0553274526312,-27.656321032753134],[153.05515379460928,-27.656296341770755],[153.05512729260596,-27.65629257177349],[153.0549835635878,-27.656272134788036],[153.05492712558066,-27.656264109793785],[153.0548183395669,-27.65624863580488],[153.05472696555546,-27.656235641814142],[153.05465312254614,-27.65622513582168],[153.0545267975302,-27.656207172834506],[153.0544028945142,-27.656187033847093],[153.05434665750735,-27.656181550852803],[153.0542732184981,-27.656171104860228],[153.0541464984821,-27.656153073873142],[153.05411799347857,-27.656149020876047],[153.05396276745893,-27.656126944891824],[153.0539463314568,-27.656124605893506],[153.0538075424394,-27.656104868907605],[153.05374615643163,-27.656096136913824],[153.05365231641971,-27.65608279292333],[153.0535459894064,-27.65606767593417],[153.05349711340017,-27.656060723939145],[153.05334581438106,-27.656039221954476],[153.05333190437932,-27.656037239955932],[153.0531817083603,-27.65601589397117],[153.05314564035578,-27.65601076797487],[153.05303151234142,-27.655994547986445],[153.05294547233055,-27.655982321995165],[153.05288130832238,-27.65597320200171],[153.05274529830535,-27.65595387601551],[153.0527311043035,-27.655951864016963],[153.0525809152845,-27.65593052603225],[153.05254513027998,-27.655925437035854],[153.05234494825476,-27.65589700505622],[153.0521447882295,-27.65586856707656],[153.0519890342098,-27.655846438092386],[153.05194462120426,-27.655840128096884],[153.05174444617896,-27.655811674117196],[153.05173812817813,-27.65581078011787],[153.05158795415923,-27.65578942613312],[153.05154430115368,-27.65578322013759],[153.05143778014022,-27.655768081148377],[153.05134416412844,-27.655754774157895],[153.05128760612132,-27.655746735163657],[153.05114063610273,-27.655725836178604],[153.050912447074,-27.655693493201746],[153.05071112504857,-27.655664942222252],[153.05065168404107,-27.655656508228223],[153.05050980302317,-27.655636384242698],[153.05035560600368,-27.655614502258377],[153.05030846599777,-27.655607811263156],[153.05010713597235,-27.655579231283618],[153.04990581394688,-27.65555065030404],[153.04970446992152,-27.655522070324505],[153.0495031248961,-27.65549350434499],[153.04930178787077,-27.655464931365422],[153.04910042884535,-27.655436373385918],[153.0488990618199,-27.655407838406347],[153.04869768779452,-27.65537930942679],[153.04849631276917,-27.65535079644723],[153.04829491674369,-27.655322320467743],[153.04809351971832,-27.655293873488173],[153.04787147769034,-27.655262544510755],[153.04765001666237,-27.655231318533225],[153.04742856263448,-27.65520012355577],[153.04720713160657,-27.65516893557822],[153.04698570057866,-27.655137732600732],[153.0467716525517,-27.655107579622445],[153.04655819352473,-27.655077449644164],[153.04635682749938,-27.6550489956646],[153.046155520474,-27.65502045968506],[153.045949928448,-27.654991305705934],[153.0457445164221,-27.6549621657268],[153.04553909639623,-27.654933048747687],[153.0453336543703,-27.65490393976854],[153.04512864434446,-27.65487490478934],[153.04497417132444,-27.654849237805085],[153.0442653222329,-27.65473147387724],[153.0440351592031,-27.65469326690068],[153.04380503317333,-27.654655089924084],[153.04357489914364,-27.654616942947513],[153.0433447731139,-27.654578788970948],[153.0431146770842,-27.654540634994316],[153.0428845960544,-27.65450247301778],[153.04284670904954,-27.654496177021617],[153.04242530499505,-27.65442624606451],[153.0423050369796,-27.654406271076756],[153.04212775095664,-27.654376834094773],[153.0419813249377,-27.654352500109685],[153.0418146399162,-27.65432482112661],[153.0416466438944,-27.654296911143746],[153.04154190388093,-27.654279522154408],[153.04146341187078,-27.65426648316239],[153.0413924748616,-27.6542546961696],[153.04132434685283,-27.654243394176504],[153.04125439384373,-27.654231778183643],[153.041163041832,-27.654216594192924],[153.04107180182012,-27.654201447202205],[153.04100208681112,-27.65418985420936],[153.04094079080318,-27.65417969121557],[153.0409374308028,-27.65417912521588],[153.0408063827858,-27.654157354229245],[153.04080191278533,-27.6541566172297],[153.0406180547608,-27.654120139248445],[153.040369055728,-27.65407453427382],[153.0400291896841,-27.654018267308423],[153.0400256806866,-27.654040649308595],[153.03986077779635,-27.65504801931716],[153.03940216483676,-27.655758432357647],[153.0392332298516,-27.6560201263725],[153.03875436589374,-27.656761891414785],[153.0384832919084,-27.657109178439214],[153.0384418519165,-27.65720795744265],[153.03821839395854,-27.65773113046093],[153.0380067679984,-27.65822660847829],[153.03780585503628,-27.65869700149475],[153.03755454708352,-27.659285358515348],[153.03731493713468,-27.659893683534577],[153.03721541916514,-27.660218782542007],[153.0376737792261,-27.66030833049529],[153.03757517025463,-27.660617857502768],[153.03744348929837,-27.661075300512323],[153.03726495133253,-27.66149773352696],[153.03703001136626,-27.661964818546824],[153.03674151738912,-27.66239135657243],[153.03594978942843,-27.663379042644173],[153.0351241084622,-27.6643505687194],[153.03560303152494,-27.664436853670605],[153.03593078956982,-27.664510920637102],[153.03593202656998,-27.664511121637002],[153.03607987558894,-27.66453459062196],[153.03588516957984,-27.66462915364077],[153.03587285357932,-27.66463503964196],[153.03593266760097,-27.664754949634982],[153.03594519160157,-27.664748861633797],[153.0361388546106,-27.664654790615053],[153.03663741767457,-27.66473402056441],[153.0366486006619,-27.664624668564112],[153.03686029468903,-27.664658255542605],[153.03705990271467,-27.664689920522292],[153.03708746271823,-27.664694293519524],[153.03725949674032,-27.664721577502032],[153.0374590977659,-27.664753242481726],[153.03747174876753,-27.664755247480425],[153.03765866879155,-27.66478490746141],[153.03785826981715,-27.66481657244112],[153.0379462318285,-27.664830535432188],[153.0380578558428,-27.66484823742081],[153.03825744986844,-27.664879910400543],[153.03832875187763,-27.66489122039328],[153.03845703589406,-27.664911575380238],[153.03857821190962,-27.66493081236792],[153.0386566069196,-27.66494325435995],[153.03882766494166,-27.664970397342515],[153.0388561859453,-27.664974919339667],[153.0390557649709,-27.665006599319366],[153.03925532799656,-27.665038287299062],[153.03925671399674,-27.66503851029888],[153.03945490702213,-27.665069974278744],[153.03965447104778,-27.665101684258474],[153.0398254620697,-27.665128789241056],[153.0398540570734,-27.66513332623814],[153.04005363609897,-27.665164976217884],[153.0400783351022,-27.665168895215366],[153.04026517312616,-27.665198541196343],[153.04037933114083,-27.66521665418474],[153.04047671015329,-27.66523209917485],[153.04058344716697,-27.665249034163974],[153.04068825418048,-27.66526565615335],[153.04089980620765,-27.665299221131804],[153.04111132823476,-27.665332778110276],[153.0411269742367,-27.665335259108705],[153.0413229022619,-27.665366388088767],[153.0415344312891,-27.6653999680673],[153.04174596131625,-27.665433570045746],[153.04188530933408,-27.66545569103159],[153.04195748334337,-27.66546714202424],[153.04216902037055,-27.665500714002736],[153.0423805493977,-27.665534278981184],[153.0424323834043,-27.66554249697593],[153.04259208642483,-27.665567828959684],[153.04265230143258,-27.66557737295357],[153.04289139846324,-27.665615288929246],[153.04295970547204,-27.66562612292233],[153.04310688449095,-27.66564972590736],[153.04331635651792,-27.665683312886003],[153.04352583654486,-27.665716907864745],[153.04373530957167,-27.6657504948434],[153.04394478359868,-27.665784074822124],[153.04415425662563,-27.6658176548008],[153.0443637296525,-27.66585123377946],[153.0445732096795,-27.665884806758147],[153.04478268270634,-27.66591837873686],[153.04498217973205,-27.665950349716557],[153.04518168375765,-27.665982312696293],[153.04538118078335,-27.666014283675977],[153.04558068480895,-27.666046246655664],[153.0458799378474,-27.66609419862521],[153.04619914288853,-27.666145346592756],[153.04632286690446,-27.666165172580175],[153.04646122492255,-27.666190206566075],[153.04677592996387,-27.666247121534028],[153.04704116299862,-27.666295103507004],[153.04724972702599,-27.66633284048571],[153.047448359052,-27.666368796465502],[153.04764698407814,-27.66640473844524],[153.04784560910423,-27.666440687425006],[153.04804424213026,-27.666476629404784],[153.0482428741563,-27.66651258538451],[153.0484434741826,-27.666548877364097],[153.04865203820995,-27.666586622342813],[153.04887450523918,-27.666626877320127],[153.04911284927044,-27.66667000129584],[153.04939094930685,-27.666720300267503],[153.04966904234337,-27.6667705912392],[153.04994715037995,-27.666820883210836],[153.0503197244287,-27.666888258172868],[153.05048856945095,-27.666918806155646],[153.05147904158073,-27.66709737405473],[153.0517277936134,-27.66714230102935],[153.05159193973154,-27.66819097003473],[153.0515969467377,-27.668234697033864],[153.051606453745,-27.668283648032517],[153.0516216607568,-27.66836466503036],[153.05164822176914,-27.668438933027094],[153.05167032777547,-27.668470344024634],[153.051738395792,-27.668542563017226],[153.0518064868121,-27.66864275100957],[153.05183006082027,-27.66868702200689],[153.0518537538384,-27.668809674003555],[153.05185977385275,-27.668917946002068],[153.05181600186287,-27.669035084005554],[153.05175626287036,-27.669145144010695],[153.05165470388098,-27.669315568019524],[153.05156307688168,-27.669399015028056],[153.05154318388622,-27.669452256029636],[153.05152925089195,-27.669509060030578],[153.05155319690257,-27.669572941027695],[153.05160902391702,-27.669638588021556],[153.0516469029249,-27.669668741017517],[153.05173612394427,-27.669745064007977],[153.05179278596108,-27.66982907700161],[153.05181170297453,-27.669919832998957],[153.05179287498405,-27.67001059600014],[153.05173630999371,-27.67013531800483],[153.05170614299857,-27.670199192007416],[153.05178172903274,-27.67040420999817],[153.0518874900625,-27.67054871398638],[153.0519291761139,-27.67091845597931],[153.05195941012695,-27.670995755975635],[153.0519708321542,-27.671200795972826],[153.05200105216304,-27.671244485969492],[153.05208035618267,-27.67133185896083],[153.05224646621005,-27.671405738943566],[153.05243520423346,-27.671429200924408],[153.05263529726705,-27.671523241903557],[153.0527446202841,-27.6715646598922],[153.05282773829535,-27.671582190883747],[153.05300794532343,-27.671650072865084],[153.05306658133674,-27.671704424858785],[153.05315762836298,-27.67183404284862],[153.05330932939276,-27.671939326832533],[153.05339430341635,-27.67205273282311],[153.0534095174296,-27.672144560820847],[153.05337620544043,-27.672258017823317],[153.05327619644913,-27.672412013832112],[153.05327017645945,-27.67249844883206],[153.05333692647488,-27.672563238824797],[153.0534552264914,-27.672592906812707],[153.0536250765115,-27.672606340795507],[153.05369804752158,-27.67262329778806],[153.05383533154705,-27.6727066327736],[153.05392388956855,-27.672801418763918],[153.05398166158767,-27.672901926757316],[153.05405098160847,-27.673006987749535],[153.0540900676282,-27.67312928874467],[153.05419893566645,-27.67333788273209],[153.05425927769846,-27.673539033724435],[153.054266020712,-27.67364035472294],[153.05424269973636,-27.673852092723582],[153.05424274474788,-27.673942990722914],[153.05419928575637,-27.674047312726426],[153.05418758775966,-27.67408308972731],[153.05419266177324,-27.674185900726016],[153.05423457179617,-27.674330435720673],[153.05428148081722,-27.674457080714937],[153.0543149708281,-27.674513697711102],[153.05440740284706,-27.674584358701235],[153.05463564389282,-27.674750804677025],[153.05476659492015,-27.67485400266304],[153.0549574419649,-27.67504377664239],[153.05534648902474,-27.675183511602185],[153.0556831360687,-27.675243332567856],[153.05584023909003,-27.67527658455177],[153.05606465011263,-27.67526316552936],[153.0561810281194,-27.675217829517972],[153.05624675011813,-27.675151511511924],[153.05631247911333,-27.675057559506083],[153.05638191811067,-27.674976869499734],[153.05643647910856,-27.674913867494734],[153.05648732910998,-27.674881800489885],[153.05655928011382,-27.674850835482886],[153.05667839212603,-27.674845255470967],[153.05676895413072,-27.674804336462174],[153.05686074513568,-27.67476562345328],[153.0569475811381,-27.674710347444964],[153.0569955411356,-27.674649901440606],[153.0570393201233,-27.67451499343732],[153.05707366010196,-27.67431776143541],[153.05716706108643,-27.674116134427607],[153.05724895707846,-27.673982373420454],[153.0573003370765,-27.673923499415714],[153.05746913707193,-27.673743575400163],[153.0576783200681,-27.673534221380795],[153.05795360407336,-27.673341184354687],[153.05815912807162,-27.673151440335495],[153.0584086920704,-27.672928980312214],[153.05861714507117,-27.67275743829257],[153.05869146406388,-27.67263594928608],[153.0587844030592,-27.672519981277663],[153.0588773410587,-27.67243712326893],[153.05897028706036,-27.672370835260143],[153.05968922409275,-27.672011672190745],[153.06010441510196,-27.67172992915121],[153.0603734031032,-27.671510621125915],[153.06042419410218,-27.67145887712118],[153.06054254609427,-27.671295813110582],[153.06065549008102,-27.671094387100823],[153.06075228806714,-27.670902572092622],[153.06084908505144,-27.670696362084534],[153.060940243036,-27.670496433076938],[153.06101808702556,-27.670348032070294],[153.06111184497172,-27.669843084064855],[153.0610795539567,-27.66975216506882],[153.06094784993275,-27.66967565508268],[153.06088064591816,-27.66961824808983],[153.06084028590107,-27.669517769094714],[153.06083219489287,-27.669460340096016],[153.06086170688616,-27.669381357093616],[153.06091553688125,-27.669297433088907],[153.06103038788254,-27.669209010078056],[153.06119221387993,-27.66905078906304],[153.06127566786358,-27.668850734056218],[153.06131739885632,-27.668757684052725],[153.0613695758502,-27.66866463304827],[153.06142176684642,-27.66859018704356],[153.06154704084284,-27.668455235032017],[153.06164100784179,-27.668366819023298],[153.0617245288396,-27.668278403015623],[153.06175059083176,-27.668194666013665],[153.06170346580018,-27.667985371020063],[153.0615780427695,-27.667850538033722],[153.0614317797501,-27.667822688048663],[153.0612489727274,-27.667799509067198],[153.06116013971007,-27.66773908507661],[153.06105562968705,-27.66764610208787],[153.06100333466543,-27.667520530094116],[153.0610084906495,-27.66739029309462],[153.06104624963965,-27.66728050909167],[153.0610658526375,-27.667246810089992],[153.0611154506369,-27.667200274085356],[153.06118331763787,-27.667149073078935],[153.06126163864215,-27.667116477071325],[153.06139220965505,-27.667107119058294],[153.0616794746888,-27.667127921029234],[153.06196935472192,-27.667141749],[153.06219541274876,-27.667160092977095],[153.06275241781816,-27.667231483920528],[153.06298384085133,-27.66729615489677],[153.06328143890366,-27.667454986865614],[153.06351298096163,-27.667713946840298],[153.06375778503065,-27.668049438812982],[153.06388362509432,-27.668443872797262],[153.06393954213942,-27.668751513789164],[153.0640303271851,-27.66903395077782],[153.0641362002289,-27.66928946876517],[153.0644183012953,-27.669571807734602],[153.06482633238946,-27.66996617569046],[153.06484633739498,-27.66999261768822],[153.06500268043808,-27.67019924467088],[153.06517900548164,-27.670391953651603],[153.065299942518,-27.670575730638017],[153.06549131855292,-27.670687734617893],[153.0657128315741,-27.67066520459578],[153.0658141745878,-27.670686870585428],[153.06623671865492,-27.670855313541608],[153.0666196196946,-27.67084149250321],[153.06681898169847,-27.67070192048427],[153.06710013670735,-27.67053180845733],[153.0674036287073,-27.67027290842884],[153.0676131986861,-27.66992671741056],[153.0677128206724,-27.669733717402043],[153.06780209365147,-27.669491722394955],[153.06787075763515,-27.669304862389545],[153.0679635176258,-27.669151670381414],[153.0680012476088,-27.668986275378973],[153.0680252605986,-27.668885185377317],[153.06803789658542,-27.668770864376995],[153.06804682257555,-27.668684854376743],[153.06804753056372,-27.66859067137743],[153.0680311765447,-27.668455458380134],[153.06803654853366,-27.668363682380328],[153.06801480752034,-27.668276771383162],[153.06799270950543,-27.66817855738618],[153.0678431914706,-27.668030991402368],[153.06784536745178,-27.667881190403364],[153.06786190044448,-27.667809478402255],[153.06789472043874,-27.66773628339956],[153.06779938942,-27.667670092409647],[153.06632091112982,-27.66664368656642],[153.06618834310376,-27.66655164158049],[153.06632295302254,-27.665795877572915],[153.06722791350134,-27.66091504052047],[153.06725484948586,-27.660769760518946],[153.06726563147967,-27.66071181051833],[153.06728103847084,-27.660629003517418],[153.06742209938963,-27.659868277509236],[153.06752280140233,-27.65988291749902],[153.0677162192892,-27.658825993487913],[153.06774749627095,-27.65865504648609],[153.06792926016473,-27.657662391475654],[153.06800045112303,-27.657273284471575],[153.06803068510536,-27.65710759846985],[153.0680558230905,-27.65696953946841],[153.06807851007724,-27.656844853467145],[153.06810116006386,-27.65672016846584]]]}},{"type":"Feature","id":"2026-11-09-regents-park","properties":{"collectionId":"2026-11-09","areaId":"regents-park","areaName":"Regents Park","startsOn":"2026-11-09","endsOn":"2026-11-20","putOutFrom":"2026-11-07"},"geometry":{"type":"Polygon","coordinates":[[[153.04899515210528,-27.68913105813026],[153.04902263708976,-27.68898481012862],[153.04906704306467,-27.68874863412604],[153.04909370804947,-27.68860682012446],[153.04920201698818,-27.688030734118122],[153.0492286759731,-27.687888927116568],[153.049333184914,-27.687333061110433],[153.04935381590226,-27.687223337109266],[153.0495639287833,-27.68610572009696],[153.04961153075635,-27.68585251209417],[153.0496375187417,-27.68571428109266],[153.04975717467389,-27.685077771085663],[153.0498120406621,-27.684937588081286],[153.05039490753646,-27.68344837303449],[153.05044605552544,-27.68331770503037],[153.05054031250512,-27.68307687202278],[153.05092299042252,-27.682099124992078],[153.05094935741684,-27.682031749989953],[153.0510361053683,-27.681575132984847],[153.05134312820292,-27.680008417966352],[153.05137763918316,-27.679822674964356],[153.05160694605493,-27.67861611995084],[153.0516448840329,-27.67840979894866],[153.05168163801196,-27.678213334946513],[153.05194930686113,-27.67679536993084],[153.0519997478404,-27.67658787092742],[153.05209076381988,-27.676348520920147],[153.05216212578216,-27.675990542915798],[153.05215428776688,-27.675876735917495],[153.05215139674849,-27.67573433991891],[153.05216681973135,-27.675585670918547],[153.0523295996332,-27.67467240090937],[153.05267426444993,-27.672931960888487],[153.05273566440877,-27.672555661885315],[153.05281311337131,-27.672193607880402],[153.05284968835144,-27.67200588287816],[153.0528606923293,-27.67182145187853],[153.05285076831228,-27.671696311880503],[153.05283570330175,-27.671626007882608],[153.05282773829535,-27.671582190883747],[153.0527446202841,-27.6715646598922],[153.05263529726705,-27.671523241903557],[153.05243520423346,-27.671429200924408],[153.05224646621005,-27.671405738943566],[153.05208035618267,-27.67133185896083],[153.05200105216304,-27.671244485969492],[153.0519708321542,-27.671200795972826],[153.05195941012695,-27.670995755975635],[153.0519291761139,-27.67091845597931],[153.0518874900625,-27.67054871398638],[153.05178172903274,-27.67040420999817],[153.05170614299857,-27.670199192007416],[153.05173630999371,-27.67013531800483],[153.05179287498405,-27.67001059600014],[153.05181170297453,-27.669919832998957],[153.05179278596108,-27.66982907700161],[153.05173612394427,-27.669745064007977],[153.0516469029249,-27.669668741017517],[153.05160902391702,-27.669638588021556],[153.05155319690257,-27.669572941027695],[153.05152925089195,-27.669509060030578],[153.05154318388622,-27.669452256029636],[153.05156307688168,-27.669399015028056],[153.05165470388098,-27.669315568019524],[153.05175626287036,-27.669145144010695],[153.05181600186287,-27.669035084005554],[153.05185977385275,-27.668917946002068],[153.0518537538384,-27.668809674003555],[153.05183006082027,-27.66868702200689],[153.0518064868121,-27.66864275100957],[153.051738395792,-27.668542563017226],[153.05167032777547,-27.668470344024634],[153.05164822176914,-27.668438933027094],[153.0516216607568,-27.66836466503036],[153.051606453745,-27.668283648032517],[153.0515969467377,-27.668234697033864],[153.05159193973154,-27.66819097003473],[153.0517277936134,-27.66714230102935],[153.05147904158073,-27.66709737405473],[153.05048856945095,-27.666918806155646],[153.0503197244287,-27.666888258172868],[153.04994715037995,-27.666820883210836],[153.04966904234337,-27.6667705912392],[153.04939094930685,-27.666720300267503],[153.04911284927044,-27.66667000129584],[153.04887450523918,-27.666626877320127],[153.04865203820995,-27.666586622342813],[153.0484434741826,-27.666548877364097],[153.0482428741563,-27.66651258538451],[153.04804424213026,-27.666476629404784],[153.04784560910423,-27.666440687425006],[153.04764698407814,-27.66640473844524],[153.047448359052,-27.666368796465502],[153.04724972702599,-27.66633284048571],[153.04704116299862,-27.666295103507004],[153.04677592996387,-27.666247121534028],[153.04646122492255,-27.666190206566075],[153.04632286690446,-27.666165172580175],[153.04619914288853,-27.666145346592756],[153.0458799378474,-27.66609419862521],[153.04558068480895,-27.666046246655664],[153.04538118078335,-27.666014283675977],[153.04518168375765,-27.665982312696293],[153.04498217973205,-27.665950349716557],[153.04478268270634,-27.66591837873686],[153.0445732096795,-27.665884806758147],[153.0443637296525,-27.66585123377946],[153.04415425662563,-27.6658176548008],[153.04394478359868,-27.665784074822124],[153.04373530957167,-27.6657504948434],[153.04352583654486,-27.665716907864745],[153.04331635651792,-27.665683312886003],[153.04310688449095,-27.66564972590736],[153.04295970547204,-27.66562612292233],[153.04289139846324,-27.665615288929246],[153.04265230143258,-27.66557737295357],[153.04259208642483,-27.665567828959684],[153.0424323834043,-27.66554249697593],[153.0423805493977,-27.665534278981184],[153.04216902037055,-27.665500714002736],[153.04195748334337,-27.66546714202424],[153.04188530933408,-27.66545569103159],[153.04174596131625,-27.665433570045746],[153.0415344312891,-27.6653999680673],[153.0413229022619,-27.665366388088767],[153.0411269742367,-27.665335259108705],[153.04111132823476,-27.665332778110276],[153.04089980620765,-27.665299221131804],[153.04068825418048,-27.66526565615335],[153.04058344716697,-27.665249034163974],[153.04047671015329,-27.66523209917485],[153.04037933114083,-27.66521665418474],[153.04026517312616,-27.665198541196343],[153.0400783351022,-27.665168895215366],[153.04005363609897,-27.665164976217884],[153.0398540570734,-27.66513332623814],[153.0398254620697,-27.665128789241056],[153.03965447104778,-27.665101684258474],[153.03945490702213,-27.665069974278744],[153.03925671399674,-27.66503851029888],[153.03925532799656,-27.665038287299062],[153.0390557649709,-27.665006599319366],[153.0388561859453,-27.664974919339667],[153.03882766494166,-27.664970397342515],[153.0386566069196,-27.66494325435995],[153.03857821190962,-27.66493081236792],[153.03845703589406,-27.664911575380238],[153.03832875187763,-27.66489122039328],[153.03825744986844,-27.664879910400543],[153.0380578558428,-27.66484823742081],[153.0379462318285,-27.664830535432188],[153.03785826981715,-27.66481657244112],[153.03765866879155,-27.66478490746141],[153.03747174876753,-27.664755247480425],[153.0374590977659,-27.664753242481726],[153.03725949674032,-27.664721577502032],[153.03708746271823,-27.664694293519524],[153.03705990271467,-27.664689920522292],[153.03686029468903,-27.664658255542605],[153.0366486006619,-27.664624668564112],[153.03663741767457,-27.66473402056441],[153.0361388546106,-27.664654790615053],[153.03594519160157,-27.664748861633797],[153.03593266760097,-27.664754949634982],[153.03587285357932,-27.66463503964196],[153.03588516957984,-27.66462915364077],[153.03607987558894,-27.66453459062196],[153.03593202656998,-27.664511121637002],[153.03593078956982,-27.664510920637102],[153.03560303152494,-27.664436853670605],[153.0351241084622,-27.6643505687194],[153.0346045874834,-27.664961843766736],[153.03433438350177,-27.665337866790907],[153.0341054125232,-27.665703175811032],[153.03371190257758,-27.66646858884446],[153.03344876262148,-27.667040376866368],[153.0332015226702,-27.667636266886483],[153.03299292871384,-27.66815817990333],[153.0325604598272,-27.669423526936736],[153.03170369600022,-27.671521774006195],[153.031289041087,-27.672560996039657],[153.03118665511744,-27.672888874047345],[153.0311105551472,-27.6731888420526],[153.03104249418104,-27.673513814056847],[153.0310221542251,-27.673879071056003],[153.03102856941442,-27.675368442043577],[153.0310496535249,-27.67622195103475],[153.03111654473201,-27.677800096015577],[153.03112678977047,-27.6780947730122],[153.03118655105513,-27.68029039998885],[153.03119018707426,-27.68043863698736],[153.0311960500915,-27.680569021985683],[153.03144200144948,-27.68318383294035],[153.0315779966267,-27.684467127916566],[153.03169753378853,-27.68564151889528],[153.03181163194296,-27.68676231687495],[153.03185748297463,-27.68697310086869],[153.03225444299582,-27.686800843830195],[153.03248319001227,-27.686735762807757],[153.03315977809055,-27.686774617739523],[153.03466219528238,-27.687003433586828],[153.03498356032208,-27.687042198554263],[153.037190339603,-27.68737129033],[153.03737927162706,-27.68739946831083],[153.0395245779001,-27.687719359092828],[153.0399380619527,-27.687781027050825],[153.04074915505598,-27.68790195796835],[153.04285038332327,-27.688215202754858],[153.04308287835295,-27.6882498627312],[153.04334590638638,-27.68828906870446],[153.04487253658073,-27.68851663154931],[153.04882781208403,-27.689106113147247],[153.04899515210528,-27.68913105813026]]]}},{"type":"Feature","id":"2026-11-23-forestdale","properties":{"collectionId":"2026-11-23","areaId":"forestdale","areaName":"Forestdale","startsOn":"2026-11-23","endsOn":"2026-12-04","putOutFrom":"2026-11-21"},"geometry":{"type":"Polygon","coordinates":[[[153.01609753123827,-27.678853086514888],[153.01641735427907,-27.678901254482394],[153.01676052132262,-27.67895188144757],[153.01713182029576,-27.678422256414454],[153.0172684272702,-27.678103006403326],[153.01733399925786,-27.677949793397918],[153.01742705024043,-27.677732355390294],[153.01748117823024,-27.6776058513859],[153.0175353142201,-27.67747937038146],[153.0176002682079,-27.677327587376098],[153.01765807719713,-27.67719250137138],[153.0177259521844,-27.6770339153658],[153.01778014017418,-27.676907404361355],[153.0178342611641,-27.67678090135693],[153.0178883821539,-27.676654405352487],[153.01794250314381,-27.676527894348105],[153.01799663913366,-27.67640140634363],[153.01805075312342,-27.676274902339227],[153.01810488111335,-27.676148414334826],[153.01817704009977,-27.67597974732888],[153.01825811708457,-27.675790264322245],[153.01830995107485,-27.675669125318016],[153.0184591190469,-27.675320572305754],[153.01857823102458,-27.67504224129601],[153.01866203500876,-27.674846432289144],[153.01873420199522,-27.674677803283256],[153.0187883149851,-27.674551307278826],[153.01884242097492,-27.67442487127438],[153.01889651996484,-27.674298427269964],[153.0189506259547,-27.67417197626549],[153.01899549394622,-27.674067101261848],[153.01900472494452,-27.67404551726107],[153.01908903592872,-27.6738485012542],[153.0191719979131,-27.673654637247374],[153.01927005489478,-27.673425450239332],[153.01938480887316,-27.673157125229952],[153.01944033786285,-27.673027745225433],[153.0195180098483,-27.67284652521907],[153.01968211681765,-27.67246361020556],[153.01974376280603,-27.672319761200534],[153.01989501677758,-27.67196573218817],[153.01995459876642,-27.671826831183267],[153.02007691574366,-27.671541727173246],[153.0201629847267,-27.671334482166237],[153.02027017570663,-27.671084567157468],[153.02043592167564,-27.67069815014386],[153.02054312765566,-27.670448198135098],[153.02062351264058,-27.670260764128514],[153.02080102260626,-27.669837489114027],[153.02083738059943,-27.669752433111075],[153.0209009195584,-27.669374353107663],[153.02095799852194,-27.669037378104612],[153.02099631049552,-27.668795786102674],[153.02095857338958,-27.66799214411281],[153.02092646836945,-27.66786004511709],[153.0208535573236,-27.667560033126755],[153.02074657425624,-27.667119778140968],[153.02065736122225,-27.666927925151438],[153.02040977012808,-27.666395469180532],[153.02022764107713,-27.66614965220077],[153.01982281396423,-27.665603242245677],[153.01980810596004,-27.665583393247292],[153.01962003090546,-27.665313027268297],[153.01943867685281,-27.6650523612886],[153.01921012976982,-27.664592220315143],[153.0190788877222,-27.664327986330427],[153.0190340057059,-27.664237617335615],[153.01881969657347,-27.663375384363977],[153.01883144655923,-27.663253060363765],[153.01880835048476,-27.66268394837058],[153.01884340544623,-27.662349491369692],[153.0188797644061,-27.662001698368783],[153.01905934525473,-27.66065230936143],[153.0190861822322,-27.660450681360306],[153.01911302720953,-27.660248971359238],[153.01914107818587,-27.660038291358063],[153.01916823516294,-27.659834391356974],[153.0191715881602,-27.659809447356828],[153.0191962941416,-27.659641816355656],[153.01922403312088,-27.65945374135438],[153.01926083109328,-27.65920434835265],[153.01929517106748,-27.65897175635101],[153.01931763405074,-27.65881966734999],[153.01935779302056,-27.658547639348114],[153.01938413800087,-27.65836906334689],[153.0194063629821,-27.658202222345974],[153.01942941496273,-27.658028959344993],[153.01945267594314,-27.65785420634403],[153.01948576391524,-27.65760534234274],[153.01948589091506,-27.6576044473427],[153.01949308790395,-27.657510041342686],[153.0195060888939,-27.65741997934214],[153.01918028285223,-27.657369151375264],[153.01684920455324,-27.657000429612083],[153.01624439747576,-27.656904935673545],[153.01573987341433,-27.656851096724555],[153.01504911533607,-27.656823693794106],[153.0145305542792,-27.656818313846188],[153.01412606228917,-27.657243198883446],[153.0129376281558,-27.657205059002983],[153.0124078320904,-27.657141372056635],[153.01203909505074,-27.657143800093603],[153.0075804224813,-27.65645732654634],[153.00725458643964,-27.656406923579436],[153.0036162439746,-27.655844046948857],[153.00332626692793,-27.655723063978904],[153.0025633798219,-27.65553832705689],[153.00237109479588,-27.655497349076487],[153.00219527577315,-27.655467912094327],[153.0019173987382,-27.655428707122503],[153.00164882070482,-27.655394955149756],[153.00140883767418,-27.655358477174122],[153.000999912619,-27.65527214021579],[153.00023921551323,-27.655087083293523],[153.000200733508,-27.65507797829746],[153.00016155750254,-27.655069052301478],[152.99983598345804,-27.654995358334684],[152.9983017152449,-27.654623262491523],[152.99794822219542,-27.65453492852767],[152.99762911314863,-27.654437645560424],[152.99733115010378,-27.65433788959111],[152.99667727199903,-27.654069266658777],[152.99628694393581,-27.65390422869925],[152.99428211861044,-27.653046993907026],[152.99382805054037,-27.65288130095389],[152.99323920245286,-27.652693047014385],[152.9897454459356,-27.651593028373362],[152.9894411788896,-27.651489950404677],[152.98913314183957,-27.651357762436593],[152.98879968378273,-27.65119355147131],[152.98850015573024,-27.651035032502605],[152.98471877706803,-27.649033857897418],[152.98426800199374,-27.648832252944203],[152.98409719796578,-27.648757448961913],[152.98407418997948,-27.64888545796319],[152.98303025156721,-27.65442895002405],[152.98254357984976,-27.65708168505181],[152.98249757987648,-27.657332613054454],[152.98217551406356,-27.6590881260729],[152.9822726920758,-27.659101537063034],[152.98307931417818,-27.65922016598125],[152.98388391728014,-27.659338487899667],[152.98468852838226,-27.65945680281811],[152.98549315348436,-27.659575118736523],[152.98629777858645,-27.659693426654897],[152.98710241168854,-27.659811734573342],[152.98790703679063,-27.659930034491754],[152.98871166289268,-27.660048327410188],[152.98951629499481,-27.66016662032859],[152.9903209210969,-27.66028492124698],[152.9913251182242,-27.66043246414511],[152.99160729325962,-27.660470589116535],[152.9913522972464,-27.660584121141184],[152.99101434623805,-27.66080741517334],[152.99056736424234,-27.66122487821487],[152.99028390623621,-27.661419040241718],[152.99018579024408,-27.661564670250407],[152.9901530672565,-27.66169089025264],[152.99018576727838,-27.66183652624826],[152.99034925632554,-27.66206955123002],[152.9906762763942,-27.662331722195184],[152.9910686605275,-27.663050226150144],[152.99116674758474,-27.663419186137382],[152.9913411356552,-27.66382697911671],[152.99142832270658,-27.66415797810531],[152.99153730975522,-27.66444925109212],[152.9915372798043,-27.664837620089063],[152.99161357385432,-27.66516773307883],[152.99165715289834,-27.66547843007198],[152.99154812092084,-27.665750279080765],[152.99155900595275,-27.66599300407777],[152.9916789009977,-27.666245445063733],[152.9918969200496,-27.666468768040115],[152.99206043008942,-27.666643544022335],[152.99214762414303,-27.666993081010816],[152.99208218618006,-27.667342602014646],[152.99198404719894,-27.667575619022593],[152.99168968919284,-27.667779497050546],[152.99160245819448,-27.66786687005859],[152.99154192219962,-27.667959302063906],[152.99161398420955,-27.66797660905656],[152.9916568922152,-27.667983658052226],[152.99234363430384,-27.668096838982432],[152.99307166839736,-27.668212971908552],[152.9943130015569,-27.668410962782552],[152.994811839621,-27.6684905207319],[152.99482480362255,-27.668491563730594],[152.99505919965242,-27.668527066706798],[152.99816192704694,-27.66898953139201],[152.99817930904916,-27.66899212339024],[152.99864211710806,-27.669061101343274],[152.99903029915737,-27.66911896230392],[152.99947300621375,-27.66918494525901],[152.99999750428043,-27.669263034205787],[153.0005486383501,-27.669342517149868],[153.00103575041186,-27.669412977100478],[153.00144276046336,-27.66947181405919],[153.00181331451037,-27.669526598021562],[153.00218749755814,-27.669583110983588],[153.0025899856094,-27.66964395994276],[153.00299679466104,-27.669704242901457],[153.00342129171517,-27.66976830285838],[153.00392337077918,-27.669844841807432],[153.00437382583667,-27.669912917761728],[153.00459790986508,-27.669946244738956],[153.0056776330024,-27.670106462629395],[153.0059837030412,-27.670151881598343],[153.00619638006827,-27.670183427576767],[153.00644744210018,-27.670220680551306],[153.00740794122223,-27.670363053453787],[153.00786476628033,-27.67043075640743],[153.00829131933452,-27.670493997364172],[153.00866109138153,-27.670548840326617],[153.0089809004221,-27.670596278294187],[153.0089578934366,-27.670730076295417],[153.0088882894802,-27.671134635299204],[153.00877818454862,-27.671769074305246],[153.00865063762848,-27.672509423312146],[153.00862025464664,-27.672678730313876],[153.00811477794844,-27.67549589934236],[153.0079620850395,-27.676346629350924],[153.0078101681303,-27.677193194359493],[153.00773822517317,-27.677594169363537],[153.0085377842751,-27.67771465228236],[153.00908748834516,-27.677797466226558],[153.0097171224254,-27.677892304162647],[153.01018047348444,-27.677962101115636],[153.01149702065217,-27.67816036098197],[153.012830450822,-27.678361190846587],[153.01326903687797,-27.67842724780208],[153.01369882393266,-27.678491963758436],[153.01417857399383,-27.678564190709682],[153.01465831705502,-27.678636408661],[153.01513805211613,-27.67870862761229],[153.01561778817722,-27.678780845563583],[153.01609753123827,-27.678853086514888]]]}},{"type":"Feature","id":"2026-11-23-boronia-heights","properties":{"collectionId":"2026-11-23","areaId":"boronia-heights","areaName":"Boronia Heights","startsOn":"2026-11-23","endsOn":"2026-12-04","putOutFrom":"2026-11-21"},"geometry":{"type":"Polygon","coordinates":[[[153.0271385979259,-27.698517634251306],[153.0272223498787,-27.698073550246427],[153.02730626583144,-27.69762849024151],[153.02761405665805,-27.695996216223527],[153.0294707268945,-27.696274011034895],[153.029487549895,-27.69626361803329],[153.0295246388996,-27.69626824502953],[153.02953238789542,-27.696228473029084],[153.02965129181476,-27.695490009022983],[153.0297374647563,-27.69495490801855],[153.02986157668641,-27.694297670011295],[153.02989693666635,-27.694109141009214],[153.0300211905972,-27.693456708001865],[153.0304251236486,-27.693517445960843],[153.03054197058358,-27.69290389795394],[153.03055041957884,-27.69285923095346],[153.0306554355198,-27.692303223947317],[153.03074692246864,-27.69182158894189],[153.02770823208218,-27.691371306250566],[153.02732860992003,-27.690416231296208],[153.02769087995864,-27.690411097259883],[153.02803835299179,-27.690375431225306],[153.02833813402992,-27.690420127194827],[153.02896551010977,-27.69051366213111],[153.0295929761896,-27.690607219067395],[153.02966000915154,-27.69024898006343],[153.03045763817713,-27.689768722987164],[153.03087751619063,-27.689515954947005],[153.03121312720137,-27.68931386491491],[153.03144981026446,-27.68960948888884],[153.03167383432418,-27.68988931086412],[153.03192343639083,-27.69020103583659],[153.03204135642224,-27.69034829582362],[153.03215979045382,-27.690496189810485],[153.0329730444766,-27.689979939732943],[153.03313072848124,-27.68988208471789],[153.03325841648692,-27.689817368705583],[153.0325205482499,-27.688578946789445],[153.03220976114068,-27.68798287082533],[153.0319765880316,-27.68732119285401],[153.03185748297463,-27.68697310086869],[153.03181163194296,-27.68676231687495],[153.03169753378853,-27.68564151889528],[153.0315779966267,-27.684467127916566],[153.03144200144948,-27.68318383294035],[153.0311960500915,-27.680569021985683],[153.03119018707426,-27.68043863698736],[153.0305784789956,-27.680340416049514],[153.02970385588557,-27.680219456138257],[153.02931406283562,-27.680159083177887],[153.02836040371372,-27.68001185327481],[153.02811388668226,-27.67997494229985],[153.0276463776228,-27.679905771347347],[153.02738176958732,-27.67985134537433],[153.02600053741028,-27.679635121514718],[153.0258553033917,-27.67961239052946],[153.02542515833656,-27.67954505157318],[153.02511276329648,-27.67949609460495],[153.02498123827957,-27.679475485618315],[153.02269467698645,-27.679117111850662],[153.0223635439442,-27.679066276884313],[153.02158108384393,-27.67894361096379],[153.0211005427836,-27.678878277012533],[153.02097031478482,-27.679000168024697],[153.02044630779162,-27.67950200207332],[153.02027360276992,-27.67947807109083],[153.01987540671928,-27.67941860013125],[153.01977673170668,-27.679403848141288],[153.0195039656719,-27.67936306316897],[153.01946361366686,-27.679357028173047],[153.01946378466675,-27.679356142173027],[153.0192242336362,-27.679320319197398],[153.01913534062493,-27.679307028206402],[153.01676052132262,-27.67895188144757],[153.01658436733507,-27.679200782463287],[153.01627472834681,-27.679558053491522],[153.0160843363539,-27.6797774425089],[153.015948102359,-27.679934411521312],[153.01575105636024,-27.680112346539694],[153.01537913136244,-27.68044821857436],[153.01521722236342,-27.68059442158943],[153.0150810033613,-27.680694177602312],[153.01478705635668,-27.68090943963016],[153.01442194735097,-27.68117681066468],[153.01440534035072,-27.681188970666224],[153.01397430233132,-27.681404664707788],[153.0135163743108,-27.6816338067519],[153.01326806829957,-27.681758044775854],[153.0127721282772,-27.682006201823636],[153.0113405812127,-27.682722507961643],[153.01019176116108,-27.68329724607237],[153.01009149815698,-27.68335091208199],[153.00927364812372,-27.68378802316058],[153.00848224010684,-27.6843327572357],[153.00777181210944,-27.684961020302016],[153.00768236111182,-27.685056574310206],[153.00726220012305,-27.685505598348794],[153.0067826361383,-27.686036660392702],[153.0063027891536,-27.68656803643667],[153.00617966115993,-27.686723790447772],[153.0049263908763,-27.693455866520313],[153.00490651988775,-27.69356262652146],[153.0050477909057,-27.693583957507144],[153.01150989472995,-27.694559893851107],[153.01181039976785,-27.694601646820647],[153.0119313747798,-27.694592526808613],[153.0120344527879,-27.694568140798467],[153.01205295279271,-27.69459009779642],[153.01250113492605,-27.695259062746175],[153.0127579200122,-27.69572010571675],[153.01286166206324,-27.696033477703907],[153.01293182409532,-27.696227423695287],[153.01296062811966,-27.69639444369109],[153.01320336814962,-27.696423448666494],[153.01365492520722,-27.69649131562068],[153.0138278682292,-27.696517347603116],[153.01391636624044,-27.69653066159413],[153.01416776327252,-27.696568361568616],[153.01418777627515,-27.69657135756655],[153.01434876829558,-27.696595504550245],[153.0145297723187,-27.69662265453187],[153.014688849339,-27.69664653351568],[153.01470984534166,-27.696649685513588],[153.01484129635833,-27.69666942150018],[153.01488968736456,-27.696676685495312],[153.0149949573779,-27.696692503484638],[153.01507946138872,-27.696705191476006],[153.01514740339735,-27.696715414469132],[153.01527919641418,-27.69673523245574],[153.01530104941702,-27.69673852545354],[153.01547911843966,-27.696765347435463],[153.015607141456,-27.696784622422463],[153.01567421146456,-27.696794725415618],[153.01593210549743,-27.696833565389422],[153.0161820045293,-27.696871213364094],[153.0164595395647,-27.69691301033591],[153.01665648758987,-27.696942679315928],[153.01677941460557,-27.696961193303434],[153.0170293146374,-27.696998849278053],[153.01722924366288,-27.697028979257727],[153.0174544596916,-27.69706289423489],[153.01765569971718,-27.697093158214418],[153.01785515174265,-27.69712310219417],[153.01816502978207,-27.697169661162704],[153.01825480879359,-27.69718315415363],[153.01838573781026,-27.697202823140294],[153.01860567183832,-27.697235889117998],[153.01890557287652,-27.697280957087504],[153.0190535338954,-27.697303205072473],[153.01923546191856,-27.697330556054023],[153.01950329495276,-27.697370804026836],[153.01970323897822,-27.697400859006503],[153.0198522359972,-27.697423247991388],[153.01990317600374,-27.697430907986217],[153.0201081040299,-27.697461722965407],[153.02038959406568,-27.69750402793679],[153.02063585109713,-27.697541056911774],[153.0209704941398,-27.697591400877833],[153.02114041916147,-27.697616970860576],[153.02145030320096,-27.69766358182904],[153.0216502172264,-27.697693651808788],[153.02187009225455,-27.697726717786484],[153.0220500232774,-27.69775377876816],[153.0222299553004,-27.69778082374991],[153.02240990132333,-27.697807869731598],[153.02245277932857,-27.697813069727296],[153.0225898333462,-27.697834915713333],[153.02276977236917,-27.69786194669505],[153.02294971039208,-27.697888977676797],[153.02312964941498,-27.6979159936585],[153.02325170543043,-27.697933226646125],[153.0233095964379,-27.697943008640237],[153.02348954246088,-27.69797000262193],[153.02366950448385,-27.697997003603703],[153.02396931452208,-27.698041974573226],[153.02405051053242,-27.698054164564983],[153.02421496055334,-27.69807881854829],[153.0244606055847,-27.698115683523376],[153.02465405260935,-27.69814469650369],[153.02484849763405,-27.69817386548394],[153.0250429506589,-27.69820302646419],[153.02523639768356,-27.69823205444456],[153.0254177147066,-27.69825924142614],[153.0255876707283,-27.698284752408863],[153.02575762574992,-27.698310270391577],[153.0271385979259,-27.698517634251306]]]}},{"type":"Feature","id":"2026-11-23-hillcrest","properties":{"collectionId":"2026-11-23","areaId":"hillcrest","areaName":"Hillcrest","startsOn":"2026-11-23","endsOn":"2026-12-04","putOutFrom":"2026-11-21"},"geometry":{"type":"Polygon","coordinates":[[[153.02542515833656,-27.67954505157318],[153.0258553033917,-27.67961239052946],[153.02600053741028,-27.679635121514718],[153.02738176958732,-27.67985134537433],[153.0276463776228,-27.679905771347347],[153.02811388668226,-27.67997494229985],[153.02836040371372,-27.68001185327481],[153.02931406283562,-27.680159083177887],[153.02970385588557,-27.680219456138257],[153.0305784789956,-27.680340416049514],[153.03119018707426,-27.68043863698736],[153.03118655105513,-27.68029039998885],[153.03112678977047,-27.6780947730122],[153.03111654473201,-27.677800096015577],[153.0310496535249,-27.67622195103475],[153.03102856941442,-27.675368442043577],[153.0310221542251,-27.673879071056003],[153.03104249418104,-27.673513814056847],[153.0311105551472,-27.6731888420526],[153.03118665511744,-27.672888874047345],[153.031289041087,-27.672560996039657],[153.03170369600022,-27.671521774006195],[153.0325604598272,-27.669423526936736],[153.03299292871384,-27.66815817990333],[153.0332015226702,-27.667636266886483],[153.03344876262148,-27.667040376866368],[153.03371190257758,-27.66646858884446],[153.0341054125232,-27.665703175811032],[153.03433438350177,-27.665337866790907],[153.0346045874834,-27.664961843766736],[153.0351241084622,-27.6643505687194],[153.03594978942843,-27.663379042644173],[153.03674151738912,-27.66239135657243],[153.03703001136626,-27.661964818546824],[153.03726495133253,-27.66149773352696],[153.03744348929837,-27.661075300512323],[153.03757517025463,-27.660617857502768],[153.0376737792261,-27.66030833049529],[153.03721541916514,-27.660218782542007],[153.03670279709866,-27.66013186359418],[153.03615997703196,-27.66006994164921],[153.03565727196366,-27.659959338700574],[153.0351070238814,-27.65978102275722],[153.03461357981317,-27.659663765807714],[153.03315786262826,-27.6594478109556],[153.03280965158572,-27.659409111990858],[153.03187919447018,-27.659291602085222],[153.03059884231405,-27.659153907214897],[153.02870425607145,-27.65885706140744],[153.02849243604436,-27.658824011428955],[153.02605922473285,-27.658444284676246],[153.02570553069341,-27.658434777711847],[153.02536600764995,-27.658381661746358],[153.0236753084334,-27.65811713691814],[153.02336495439366,-27.65806857394966],[153.02176994818942,-27.65781898711175],[153.02146451915038,-27.657771206142815],[153.0211656841065,-27.657680510173492],[153.0209869220836,-27.657651937191638],[153.02062767703742,-27.657594516228148],[153.0195060888939,-27.65741997934214],[153.01949308790395,-27.657510041342686],[153.01948589091506,-27.6576044473427],[153.01948576391524,-27.65760534234274],[153.01945267594314,-27.65785420634403],[153.01942941496273,-27.658028959344993],[153.0194063629821,-27.658202222345974],[153.01938413800087,-27.65836906334689],[153.01935779302056,-27.658547639348114],[153.01931763405074,-27.65881966734999],[153.01929517106748,-27.65897175635101],[153.01926083109328,-27.65920434835265],[153.01922403312088,-27.65945374135438],[153.0191962941416,-27.659641816355656],[153.0191715881602,-27.659809447356828],[153.01916823516294,-27.659834391356974],[153.01914107818587,-27.660038291358063],[153.01911302720953,-27.660248971359238],[153.0190861822322,-27.660450681360306],[153.01905934525473,-27.66065230936143],[153.0188797644061,-27.662001698368783],[153.01884340544623,-27.662349491369692],[153.01880835048476,-27.66268394837058],[153.01883144655923,-27.663253060363765],[153.01881969657347,-27.663375384363977],[153.0190340057059,-27.664237617335615],[153.0190788877222,-27.664327986330427],[153.01921012976982,-27.664592220315143],[153.01943867685281,-27.6650523612886],[153.01962003090546,-27.665313027268297],[153.01980810596004,-27.665583393247292],[153.01982281396423,-27.665603242245677],[153.02022764107713,-27.66614965220077],[153.02040977012808,-27.666395469180532],[153.02065736122225,-27.666927925151438],[153.02074657425624,-27.667119778140968],[153.0208535573236,-27.667560033126755],[153.02092646836945,-27.66786004511709],[153.02095857338958,-27.66799214411281],[153.02099631049552,-27.668795786102674],[153.02095799852194,-27.669037378104612],[153.0209009195584,-27.669374353107663],[153.02083738059943,-27.669752433111075],[153.02080102260626,-27.669837489114027],[153.02062351264058,-27.670260764128514],[153.02054312765566,-27.670448198135098],[153.02043592167564,-27.67069815014386],[153.02027017570663,-27.671084567157468],[153.0201629847267,-27.671334482166237],[153.02007691574366,-27.671541727173246],[153.01995459876642,-27.671826831183267],[153.01989501677758,-27.67196573218817],[153.01974376280603,-27.672319761200534],[153.01968211681765,-27.67246361020556],[153.0195180098483,-27.67284652521907],[153.01944033786285,-27.673027745225433],[153.01938480887316,-27.673157125229952],[153.01927005489478,-27.673425450239332],[153.0191719979131,-27.673654637247374],[153.01908903592872,-27.6738485012542],[153.01900472494452,-27.67404551726107],[153.01899549394622,-27.674067101261848],[153.0189506259547,-27.67417197626549],[153.01889651996484,-27.674298427269964],[153.01884242097492,-27.67442487127438],[153.0187883149851,-27.674551307278826],[153.01873420199522,-27.674677803283256],[153.01866203500876,-27.674846432289144],[153.01857823102458,-27.67504224129601],[153.0184591190469,-27.675320572305754],[153.01830995107485,-27.675669125318016],[153.01825811708457,-27.675790264322245],[153.01817704009977,-27.67597974732888],[153.01810488111335,-27.676148414334826],[153.01805075312342,-27.676274902339227],[153.01799663913366,-27.67640140634363],[153.01794250314381,-27.676527894348105],[153.0178883821539,-27.676654405352487],[153.0178342611641,-27.67678090135693],[153.01778014017418,-27.676907404361355],[153.0177259521844,-27.6770339153658],[153.01765807719713,-27.67719250137138],[153.0176002682079,-27.677327587376098],[153.0175353142201,-27.67747937038146],[153.01748117823024,-27.6776058513859],[153.01742705024043,-27.677732355390294],[153.01733399925786,-27.677949793397918],[153.0172684272702,-27.678103006403326],[153.01713182029576,-27.678422256414454],[153.01676052132262,-27.67895188144757],[153.01913534062493,-27.679307028206402],[153.0192242336362,-27.679320319197398],[153.01946378466675,-27.679356142173027],[153.01946361366686,-27.679357028173047],[153.0195039656719,-27.67936306316897],[153.01977673170668,-27.679403848141288],[153.01987540671928,-27.67941860013125],[153.02027360276992,-27.67947807109083],[153.02044630779162,-27.67950200207332],[153.02097031478482,-27.679000168024697],[153.0211005427836,-27.678878277012533],[153.02158108384393,-27.67894361096379],[153.0223635439442,-27.679066276884313],[153.02269467698645,-27.679117111850662],[153.02498123827957,-27.679475485618315],[153.02511276329648,-27.67949609460495],[153.02542515833656,-27.67954505157318]]]}},{"type":"Feature","id":"2026-12-07-greenbank","properties":{"collectionId":"2026-12-07","areaId":"greenbank","areaName":"Greenbank","startsOn":"2026-12-07","endsOn":"2026-12-18","putOutFrom":"2026-12-05"},"geometry":{"type":"Polygon","coordinates":[[[152.97136536218085,-27.63761908532566],[152.97102497511725,-27.63740657236141],[152.97059217103853,-27.637154601406813],[152.97017034096444,-27.63692891545083],[152.9696245418719,-27.636664106507602],[152.96908633378368,-27.636426336563385],[152.96836695067023,-27.636144652637668],[152.9677183625724,-27.635925441704355],[152.9670636654747,-27.63571236177163],[152.96635094337495,-27.635532876844437],[152.96530770524242,-27.635376816950163],[152.96448635314283,-27.635291851033045],[152.95836877842797,-27.634872368649],[152.9577740803578,-27.634826153708882],[152.9570822642742,-27.634756347778715],[152.9563619571812,-27.634636586851755],[152.95566084208494,-27.634475564923186],[152.9551856000165,-27.634340627971856],[152.95336324674568,-27.633756637158907],[152.95317320471688,-27.633691109178457],[152.95247014561238,-27.633465639250588],[152.95224901258092,-27.633406564273223],[152.95200785954745,-27.63334752529782],[152.95184610752526,-27.63331087631433],[152.95164623949896,-27.63327339933457],[152.95131130545627,-27.633222050368513],[152.9509499074116,-27.63317801740507],[152.9506525993745,-27.63313876743515],[152.95026929732435,-27.633070311474043],[152.94988761127215,-27.6329833785129],[152.94953467022094,-27.63288078454903],[152.9491487151631,-27.632752656588707],[152.94869359609103,-27.632571756635652],[152.94829239002343,-27.63237994167733],[152.94786445794645,-27.63213644172206],[152.9475562948883,-27.631939938754478],[152.9472625178301,-27.63173063678557],[152.94694702276402,-27.631477518819157],[152.9461193605789,-27.630719846907947],[152.94478243627853,-27.62948554705146],[152.94451855122475,-27.6292855060795],[152.9442656411791,-27.629140354105935],[152.94392033712197,-27.62898340714173],[152.94355081806683,-27.62886368417964],[152.94316901301517,-27.62878118421846],[152.9427339959655,-27.62876041926219],[152.94192938488047,-27.62877637834255],[152.94141352182203,-27.628755576394354],[152.9408830177534,-27.628666094448175],[152.94067581685812,-27.6296744864609],[152.9402814510576,-27.631593606485207],[152.93928517353115,-27.636202565548462],[152.93855272192917,-27.639986887591824],[152.9383639690026,-27.640730715604835],[152.93781399011903,-27.64212526364884],[152.93723872320055,-27.6432656196974],[152.93666938725622,-27.644195532747016],[152.93615043928813,-27.64489322079339],[152.93496359133172,-27.64625811490134],[152.9325341434128,-27.648985459122795],[152.92904620552315,-27.65285530644107],[152.92642408560468,-27.655753269680396],[152.92555195063184,-27.656717544759985],[152.9247186926577,-27.65763881683606],[152.92455456366275,-27.65781928485104],[152.92462172370494,-27.658096289842124],[152.9247129707605,-27.65845862683015],[152.92481878382497,-27.658878809816212],[152.9248552468472,-27.659023566811456],[152.92491216188182,-27.65924967680396],[152.92502413692387,-27.659486739790864],[152.9251791759663,-27.659690140773794],[152.92529843699896,-27.65984660276064],[152.9254475090398,-27.66004217274419],[152.92560255508226,-27.660245588727072],[152.92574567312144,-27.66043334471126],[152.92589474516222,-27.66062890669479],[152.92609753521776,-27.66089492967243],[152.92620978524855,-27.661042183660037],[152.9262325542551,-27.66107471265753],[152.92628620627062,-27.661151371651552],[152.92633984228604,-27.66122800064557],[152.92644716831703,-27.661381303633608],[152.92655446434802,-27.661534614621694],[152.92662153436737,-27.661630413614233],[152.92668861238664,-27.66172622860677],[152.92675567440608,-27.66182204259928],[152.92687102443935,-27.661986842586476],[152.92706417349504,-27.662262781564948],[152.9273001915632,-27.662600047538703],[152.9273859485879,-27.662722594529157],[152.9275027066216,-27.662889427516138],[152.92760278964118,-27.662958643505622],[152.92770288866083,-27.663027874495054],[152.92780299468038,-27.663097097484478],[152.92796555171213,-27.663209519467365],[152.92807766073412,-27.663287043455547],[152.928189768756,-27.66336457344371],[152.92834992678738,-27.663475326426827],[152.92851007681864,-27.663586072409892],[152.9286697128499,-27.66369647439306],[152.9288298708812,-27.663807212376174],[152.9289419799032,-27.663884743364335],[152.92904207092266,-27.66395397435377],[152.92914217694224,-27.66402319034326],[152.92924222396186,-27.66409237633266],[152.9294023659932,-27.664203114315832],[152.929610960034,-27.664347364293775],[152.92964631304085,-27.664371810290103],[152.92970655905614,-27.66444127228354],[152.92979331307828,-27.66454131127403],[152.92990569010675,-27.664670884261795],[152.93139284848428,-27.66638567209947],[152.93128224454492,-27.66696190010598],[152.93124296456648,-27.6671665671083],[152.93122161157822,-27.667277797109563],[152.93120026558992,-27.667389027110833],[152.93117634960313,-27.667513600112226],[152.93114560761995,-27.667673773114018],[152.93111486663682,-27.667833946115877],[152.93105508366963,-27.668145395119367],[152.9309953077025,-27.668456837122886],[152.93092869173904,-27.668803877126827],[152.9308979507559,-27.66896405012863],[152.93086720977286,-27.66912422213041],[152.93084329378593,-27.669248796131882],[152.93081938479907,-27.669373377133233],[152.93079803081085,-27.669484614134497],[152.9307766848225,-27.669595844135767],[152.93074132484196,-27.66978005213785],[152.93070716386066,-27.669958024139834],[152.93068581087243,-27.670069254141094],[152.93066445688407,-27.670180491142347],[152.9306431108959,-27.67029172114364],[152.93060894291455,-27.670469700145645],[152.9305747819333,-27.670647672147673],[152.93055770494271,-27.67073665514862],[152.93054062095212,-27.670825644149645],[152.93052353696143,-27.670914634150645],[152.93049962797454,-27.671039215152064],[152.93047571198775,-27.671163796153497],[152.93044155100648,-27.671341768155475],[152.93040738302525,-27.67151974015749],[152.93039030603458,-27.6716087301585],[152.9303698090458,-27.671715512159707],[152.9303505050565,-27.67181607216084],[152.9303069930803,-27.672042734163412],[152.93024149511626,-27.672383956167295],[152.9301884101454,-27.672660484170386],[152.9301644941586,-27.67278506517181],[152.93014741716794,-27.672874055172834],[152.93013033317732,-27.672963037173805],[152.93011324918672,-27.673052027174787],[152.93010830118936,-27.67307781317512],[152.93009563519598,-27.673140927175883],[152.9300733362076,-27.67325201517723],[152.9300376622261,-27.67342975617939],[152.93000198224468,-27.67360749718159],[152.9299716502605,-27.673758580183417],[152.9299413262763,-27.673909656185263],[152.92992785628329,-27.673976756186047],[152.92962560844046,-27.67548236220442],[152.9294545345294,-27.67633450721481],[152.92938049856795,-27.67670329621928],[152.92935989057864,-27.6768059422205],[152.9293420455879,-27.676894813221583],[152.9293242095972,-27.67698368322268],[152.9293063656065,-27.677072554223777],[152.9292840656181,-27.67718363522511],[152.92926176562975,-27.677294723226453],[152.92922608564834,-27.677472456228653],[152.92919039666688,-27.677650197230783],[152.92915107268732,-27.67784606623322],[152.92912424370124,-27.677979714234795],[152.92908131272364,-27.678193561237425],[152.9290430467435,-27.67838417623974],[152.92902071775512,-27.678495391241096],[152.92899838776674,-27.678606599242478],[152.92898052877595,-27.678695566243515],[152.9289626697853,-27.67878453324461],[152.92894480379456,-27.678873501245697],[152.92890194081687,-27.67908701224832],[152.92887514783084,-27.67922044424994],[152.9276927344458,-27.685109815321702],[152.92761477848632,-27.685498110326407],[152.92633581215145,-27.691867522403978],[152.92628946917552,-27.69209828140683],[152.92491546297072,-27.69958008048518],[152.92351730879838,-27.70733988956371],[152.92330660688006,-27.708168111578228],[152.92290872282987,-27.70811302961843],[152.92271773480803,-27.708104170637622],[152.92152723665757,-27.707936352757926],[152.92110256060215,-27.70786242080102],[152.9211007126019,-27.7078621678012],[152.9209003365767,-27.70783442182146],[152.9197529854321,-27.707675559937396],[152.91845475926843,-27.707495785068595],[152.9174095541367,-27.707351035174213],[152.91740749813633,-27.707350745174452],[152.91699213508397,-27.7072932112164],[152.91064960528445,-27.706414653857315],[152.9083078649892,-27.706090189093878],[152.90670810578754,-27.70586851925548],[152.89436804522623,-27.704112626502095],[152.89435517022454,-27.704110793503393],[152.8906506747567,-27.70359007887749],[152.88810011028406,-27.7179028380192],[152.88675761220733,-27.726383581086324],[152.88445798345873,-27.738289340221947],[152.8827885394207,-27.747357747317103],[152.87464975639995,-27.746285587137905],[152.8733596131401,-27.753269783211568],[152.87334258114947,-27.753359019212592],[152.8813770191771,-27.75457318840107],[152.88633088780963,-27.755312426900716],[152.88643884682355,-27.755329495889757],[152.8865379388115,-27.75514897588134],[152.88695784680286,-27.754717870842804],[152.8873622268094,-27.754420301804753],[152.88756634981044,-27.754252685785715],[152.88762419680165,-27.754132880780876],[152.88765530276524,-27.75381787778024],[152.88784965073685,-27.753424940763963],[152.88800366974195,-27.753332620749312],[152.88822302976536,-27.753329364727403],[152.88878455786505,-27.75363457866897],[152.88893460488444,-27.753658666653763],[152.88940048990446,-27.75341591960915],[152.88977014291663,-27.753193638573997],[152.8903914019625,-27.75302122451331],[152.89094187299958,-27.752840183459792],[152.89154995205718,-27.752772174399595],[152.89197830909637,-27.752712949357303],[152.89219393610298,-27.752579576336778],[152.8924135640906,-27.75229211831711],[152.89275283404723,-27.751655473288274],[152.89301104802516,-27.7512584622656],[152.89331542001085,-27.75088203623817],[152.89357552699062,-27.750498070215258],[152.89376065095595,-27.750063336200174],[152.89378391993608,-27.749885290199234],[152.89397278391638,-27.749566994182896],[152.89423469491211,-27.749306946158818],[152.89449283489955,-27.748985275135574],[152.89470958690254,-27.74882194311521],[152.8951426369108,-27.748514316074356],[152.89528744690557,-27.748347483061234],[152.89574876395366,-27.748330451015264],[152.89644059504428,-27.748452691945232],[152.8970699761164,-27.748480981882146],[152.8977630811997,-27.748543886812403],[152.89841587127958,-27.7486139377466],[152.89906082336083,-27.74870137068152],[152.89937932041522,-27.74885815364845],[152.8996528914564,-27.74894880462045],[152.90000843252454,-27.749182126583076],[152.9003131905815,-27.749370201551137],[152.90054969461428,-27.74942603652706],[152.90077649062977,-27.749353140504997],[152.90097601663123,-27.749193258486326],[152.90106601962927,-27.749099403478073],[152.90121468862958,-27.74897427846421],[152.9014886686133,-27.7486091994397],[152.90182530058811,-27.748118929409937],[152.90202253258764,-27.747945136391625],[152.9022102575966,-27.747854828373548],[152.90235487361724,-27.747893198358824],[152.9025384626573,-27.748053349339212],[152.90280023170874,-27.748234427311647],[152.9031596177861,-27.748537331273326],[152.90334716382057,-27.748648777253724],[152.90396282789985,-27.748746618191444],[152.9042676989414,-27.74881291316048],[152.90454135797117,-27.748813107133117],[152.90477598498714,-27.74873673811027],[152.90519254700519,-27.748521334070333],[152.90550554500194,-27.748225859041412],[152.90578725899667,-27.74794079301551],[152.90593597298863,-27.74774956600215],[152.9060650689908,-27.747655725990015],[152.90619017200487,-27.74765928697746],[152.90628777403182,-27.747788070966717],[152.90627954909243,-27.74827507796371],[152.9062245191308,-27.74862639496639],[152.90629478515422,-27.748751683958414],[152.90644138317504,-27.748790054943427],[152.90662129218228,-27.748692764926236],[152.9068365101745,-27.748445911906654],[152.90704398615586,-27.748119054888498],[152.90722399214914,-27.74791045387215],[152.90740016813007,-27.747607922856947],[152.9074722831144,-27.747421866851244],[152.90751938509277,-27.74720969684817],[152.90767584709528,-27.747095009833487],[152.90785170312327,-27.747164694815336],[152.9080313441713,-27.747390931795596],[152.9082853352174,-27.747537209769042],[152.90849628326194,-27.747707805746654],[152.9086095022971,-27.74788877273391],[152.9087657933277,-27.747996724717442],[152.90917227438382,-27.748090907676065],[152.9095889854367,-27.748150325633944],[152.90993077348392,-27.748230598599193],[152.91035759355776,-27.748447179554795],[152.91055739661,-27.748688786532945],[152.91064768264872,-27.74891762352211],[152.91086658769342,-27.749082989498895],[152.9111188947321,-27.749172120472956],[152.9114093997606,-27.74914687844415],[152.91180942178852,-27.749024323405177],[152.911976105803,-27.74899477438871],[152.91239044083474,-27.748889103348162],[152.91258573484373,-27.74879177632942],[152.912690586839,-27.748664736319935],[152.91268601980755,-27.748418986322296],[152.9127671497874,-27.748190238316024],[152.91271490576096,-27.748024969322508],[152.9125387817337,-27.747961297340648],[152.91229589971536,-27.748024709364422],[152.91217677971517,-27.7481263203755],[152.91201944573118,-27.748388908389156],[152.9118717457301,-27.748507454402997],[152.911633647708,-27.748536958426545],[152.9115004086811,-27.74843941544066],[152.91147668666574,-27.748337722443804],[152.91151967564957,-27.748172506440845],[152.91165786164743,-27.74803700242808],[152.9117913616336,-27.747812531416546],[152.91181052461752,-27.74766848141574],[152.91185354359658,-27.747465133413044],[152.9119203165856,-27.747321113407516],[152.9120251305868,-27.747240684397696],[152.9122203656043,-27.747211142378347],[152.91237273762144,-27.747215486363142],[152.9125964336576,-27.747308842340026],[152.9129272997084,-27.747425995306067],[152.91324629574743,-27.747460096273887],[152.91339394475594,-27.747400871259618],[152.9134987887508,-27.747269577250137],[152.91361324473436,-27.747040852240517],[152.91373724471526,-27.746782473230148],[152.91389463069007,-27.746447845217034],[152.91407100867661,-27.74618951120149],[152.91424730367447,-27.74602013718521],[152.91443314367115,-27.74583382116811],[152.9146331766843,-27.745766162148616],[152.91498283270153,-27.74560111711497],[152.91521613972589,-27.74559279409171],[152.9153874737563,-27.74568611307385],[152.9156825988002,-27.74577950604365],[152.91593498682235,-27.745737283018716],[152.91612075982974,-27.745635717000923],[152.91624277782634,-27.745503975989816],[152.91631146482314,-27.7454198289836],[152.91636867782373,-27.745374409978236],[152.91642662082413,-27.74532841797279],[152.9165287838324,-27.745305462962815],[152.91663093884287,-27.745300351952633],[152.91680826186655,-27.745334929934614],[152.91708992390815,-27.74542269790574],[152.91725503694033,-27.745534567888352],[152.91734319896366,-27.745643353878673],[152.91734762498112,-27.745778283877183],[152.91732833498935,-27.745859830878494],[152.91724793599164,-27.745947389885792],[152.9172066379934,-27.74599712988954],[152.9172621370161,-27.746128922882992],[152.91743528805523,-27.746289557864397],[152.91756780407354,-27.746320119850914],[152.91785847410205,-27.74629524982204],[152.9181441441296,-27.746267794793695],[152.91823191914656,-27.74632675078443],[152.91844829218246,-27.746424204762047],[152.91861183920585,-27.746468870745353],[152.91884126522848,-27.746450370722552],[152.91895441024175,-27.746457918711226],[152.91903758825356,-27.74648022670273],[152.91920444429906,-27.746695942684347],[152.91921862231825,-27.74683577568182],[152.919113718333,-27.747043318690636],[152.91913764234786,-27.747139706687474],[152.91929096038123,-27.747272088671117],[152.9193909543968,-27.747309542660815],[152.91954869841535,-27.747320562645],[152.91968195141905,-27.74723549163235],[152.91977319941805,-27.747148192623897],[152.9198850624166,-27.747040807613566],[152.9202090734076,-27.746690049583925],[152.92036688340238,-27.74651355256955],[152.92048142940865,-27.746463976558516],[152.9205512634156,-27.74645883555153],[152.92062298242993,-27.746511235543974],[152.92065199544876,-27.746634959540092],[152.92073574747388,-27.746761686530718],[152.92096335350755,-27.746832578507394],[152.921210802539,-27.746867849482385],[152.92150556956966,-27.746857270453003],[152.92166794058076,-27.746804557437187],[152.92186773558788,-27.746689341418147],[152.9220853746114,-27.746688410396334],[152.92228021462589,-27.74663478037733],[152.92248080664245,-27.746593534357554],[152.92271050766232,-27.74655312933491],[152.92282539566753,-27.746495045323893],[152.92292445166828,-27.74641581531464],[152.92298384767582,-27.746424659308598],[152.92315608969787,-27.746451183291192],[152.92326500270758,-27.746433622280392],[152.9234492997007,-27.74622051326369],[152.9235227406764,-27.745965063258375],[152.92353874364812,-27.745727195258638],[152.92349003961073,-27.745473645265484],[152.92348059260334,-27.745423353266876],[152.92350777160044,-27.745376191264477],[152.92358390959754,-27.745288274257565],[152.92366515759488,-27.74519704925016],[152.9236611565764,-27.745054073251687],[152.92366521755773,-27.74490253525248],[152.92388712555467,-27.744687690232006],[152.92412893453562,-27.74432836421064],[152.92427145652346,-27.744110010198096],[152.9244162365291,-27.744029849184287],[152.92464704755454,-27.74403198716119],[152.92486543957304,-27.743990823139637],[152.9249334625581,-27.743813774134228],[152.92496700552465,-27.743520184133246],[152.9250359385121,-27.74336179212759],[152.9251284075038,-27.743215865119478],[152.92517942850088,-27.743149153114878],[152.92524928649738,-27.743061549108585],[152.9252196924868,-27.74300341211202],[152.9251578974619,-27.742859310119368],[152.92495303642932,-27.742777905140464],[152.92476758440066,-27.742710798159546],[152.92455397535682,-27.742546990182174],[152.92443932631681,-27.742329291195393],[152.92436319629888,-27.742252982203617],[152.92418703425452,-27.742053426222746],[152.9241560332184,-27.741794377227933],[152.9242446052063,-27.741621620220407],[152.92450187420414,-27.7413836411966],[152.92460677818778,-27.741163372187827],[152.92460221115195,-27.740883729190504],[152.9245404451195,-27.74068032919824],[152.92442728606684,-27.740360654212132],[152.92441703403753,-27.740137919214895],[152.9246028440348,-27.739955827197736],[152.92479109802537,-27.73971869018081],[152.9250110760105,-27.739412217161213],[152.92518985299685,-27.739149651145393],[152.92528429599724,-27.7390720311366],[152.92532955900046,-27.73905882113217],[152.92540843800793,-27.73904965712434],[152.92544464001847,-27.73910143912033],[152.92550517603328,-27.739166967113743],[152.9258219301001,-27.739423423080037],[152.92608824414214,-27.7395269790526],[152.92641424418622,-27.73959539701946],[152.92646922916074,-27.73934633901591],[152.92646540713412,-27.73913842301792],[152.92638830110363,-27.73896393102703],[152.92615476306403,-27.738851032051283],[152.92607677004625,-27.73877748005965],[152.9261192380372,-27.738669521056273],[152.92626784003218,-27.738502211042746],[152.92653890703446,-27.738286233017305],[152.9264390170075,-27.738159059028302],[152.92641054798509,-27.738006516032335],[152.92651068396762,-27.73778200802412],[152.92685837997712,-27.73755763399111],[152.92714527199803,-27.73747609496308],[152.92741075201798,-27.737405388937066],[152.92774883704402,-27.73732082390393],[152.92798266607176,-27.737339510880403],[152.928379767125,-27.73741856084009],[152.92894812719885,-27.737514092782476],[152.9295202342626,-27.737527137725166],[152.92953015925642,-27.737468762724596],[152.93013144992227,-27.734306722689446],[152.93016162490727,-27.734161927687534],[152.9299700478821,-27.73412762570701],[152.9299882348722,-27.734033598705885],[152.93044495562336,-27.731670774678864],[152.93067984349622,-27.730462043664964],[152.93101999153544,-27.730479925630725],[152.93426932395084,-27.73097293730183],[152.93481631602083,-27.731055899246467],[152.93507183305343,-27.73109465022066],[152.93598041716965,-27.731232456128662],[152.9362942872098,-27.731280050096853],[152.9377076403904,-27.73149437395378],[152.93926599559134,-27.731744571795886],[152.9401551926771,-27.731657653707593],[152.9412590937647,-27.731401681599177],[152.94172523881383,-27.73138932055261],[152.94213022985994,-27.731406039511977],[152.9437466860462,-27.731490209349545],[152.9442719971151,-27.73158311029626],[152.94483052220596,-27.73182217723848],[152.94642189949596,-27.732748634071896],[152.94648495251545,-27.732848032064833],[152.94672089756207,-27.733014150039907],[152.94687958758294,-27.73304245502379],[152.94691903855283,-27.732771008022006],[152.94703057446802,-27.73200346401686],[152.94807242644245,-27.73090588192123],[152.94816137946546,-27.731011232911495],[152.9512493911515,-27.733783624580532],[152.95141606818848,-27.733932665562726],[152.9520632332712,-27.734030380497142],[152.95981940626214,-27.735201164711388],[152.96049547934854,-27.735303073642903],[152.96995892355736,-27.736729219683806],[152.97053711063185,-27.736821203625176],[152.97244641887713,-27.737119808431576],[152.97289506292512,-27.737113706386683],[152.97323917596148,-27.737105749352278],[152.97356169701035,-27.73721459431911],[152.97713548746722,-27.73775553595676],[152.97750929651554,-27.737816809918836],[152.97741362451313,-27.737879520927912],[152.9768780765064,-27.738286277978325],[152.97668850350377,-27.738428688996215],[152.97583127046784,-27.738880119078544],[152.9747765063865,-27.73914384018216],[152.9737731963092,-27.739394485280698],[152.973602712296,-27.739437095297475],[152.97279515123793,-27.739671319376516],[152.9726408572268,-27.739716097391607],[152.9717346801863,-27.74017414447874],[152.97161068818076,-27.740236781490722],[152.97075074917868,-27.740959353571135],[152.9706116321876,-27.741149454583557],[152.97042815419942,-27.74140005559997],[152.97010597622034,-27.741842098628776],[152.969715901304,-27.74283792065998],[152.9696012214633,-27.744195579660765],[152.96962208964453,-27.745609767647537],[152.9696278646955,-27.746007859643807],[152.96964091081296,-27.746924213635243],[152.97364945032584,-27.747533127228863],[152.97375054733874,-27.747548438218658],[152.9737726453163,-27.747352018217974],[152.97378567630076,-27.74721792221772],[152.973903060315,-27.747230052205882],[152.98154496429052,-27.74837232343111],[152.98552143563072,-27.747645072038303],[152.9858663076617,-27.747593201004165],[152.98585069864342,-27.747462443006754],[152.9854468782096,-27.744382798071523],[152.98533542511575,-27.743737801087782],[152.98574367917226,-27.743833481046114],[152.9879646154879,-27.744419990818866],[152.98857720158267,-27.744642591755664],[152.98881159662312,-27.74476084773124],[152.98904131367067,-27.74493890970684],[152.9891538246965,-27.745046019694705],[152.9907478091199,-27.747021302519297],[152.99145187430634,-27.747889123441905],[152.99346665276806,-27.749804593224766],[152.9936045328074,-27.74999765220944],[152.99377954785894,-27.750253602189865],[152.9951255323033,-27.75260613003631],[152.99518154632173,-27.752703390029932],[152.9956958073796,-27.752719192978265],[152.99922668877747,-27.752828724623328],[152.9996236558273,-27.752882189583087],[152.99996213587565,-27.752972565548436],[153.0004263519478,-27.75314389850051],[153.00476186664437,-27.754920742051628],[153.00502186968524,-27.75501996902478],[153.0053839527368,-27.755116222987684],[153.00552242175556,-27.755145049973574],[153.0066280218946,-27.75529399386152],[153.00697802793835,-27.755339114826015],[153.0093561112374,-27.75565791858496],[153.0097227842837,-27.755708209547755],[153.01167199752953,-27.755975752350064],[153.01171108250645,-27.75576110134783],[153.01202005133027,-27.754106267329917],[153.01230785316585,-27.752562447313238],[153.0117624250963,-27.752481750368595],[153.01155799607028,-27.752451441389344],[153.01131618003947,-27.752415634413854],[153.0108178849759,-27.752341828464466],[153.0098665798547,-27.75220110256103],[153.00955856581547,-27.752155549592292],[153.0093464547884,-27.75212414561379],[153.00901451674605,-27.752074978647492],[153.00875586971307,-27.752036734673744],[153.00805409262358,-27.751932790744977],[153.0080059616175,-27.751925668749873],[153.0074123735418,-27.751837885810094],[153.00748857149853,-27.751430994805638],[153.00761161042868,-27.75077409179849],[153.00767827839073,-27.750418020794605],[153.00774493835286,-27.75006194279074],[153.00781142731495,-27.7497058717869],[153.00787809527714,-27.74934989078297],[153.00794474823923,-27.7489938197791],[153.00801317420024,-27.748627825775117],[153.0080825161608,-27.748257412771107],[153.008044362156,-27.748251816774992],[153.00807772613706,-27.748073822773037],[153.00820595006437,-27.74739064876555],[153.00828096302178,-27.746990083761233],[153.0083561539792,-27.74658951075681],[153.0084298399374,-27.746196879752503],[153.00853739687636,-27.74562319974624],[153.00861927083,-27.74518707274146],[153.00872012977283,-27.744648857735648],[153.00885704169508,-27.743918827727672],[153.0088918356754,-27.743732994725598],[153.00908368056662,-27.74271018771445],[153.00939194139167,-27.741065754696486],[153.01035060684876,-27.73596014764062],[153.01038405282983,-27.735782153638663],[153.01084437156962,-27.733334317611828],[153.00802750121022,-27.732911920897738],[153.0043207627371,-27.732355921273953],[153.00436031771466,-27.73214524927165],[153.0045192536248,-27.731299533262376],[153.00455445760488,-27.731111794260315],[153.00467807053488,-27.730453900253142],[153.0046924645268,-27.730377628252295],[153.00483045744883,-27.729643463244262],[153.0048371554451,-27.729608267243858],[153.00496846437085,-27.728909298236164],[153.00499605435522,-27.728762715234573],[153.00510654629278,-27.728175222228153],[153.0055706200305,-27.725707448201067],[153.0060084307833,-27.723379849175515],[153.00602646877394,-27.723290539174442],[153.01216301255587,-27.724203831551577],[153.0123655865806,-27.724225103531058],[153.01250901759667,-27.72422956651661],[153.01271299261776,-27.724220640496256],[153.0159776579108,-27.723736173172448],[153.0182049951082,-27.723385690951694],[153.018338360121,-27.723372226938416],[153.0184591411322,-27.723357646926434],[153.0185912401454,-27.723348668913186],[153.0188152721714,-27.723361662890643],[153.02054005139044,-27.72361247171559],[153.02086031443127,-27.723660617683045],[153.02759693628406,-27.724618209999246],[153.02801978634443,-27.72473277795584],[153.02821576637672,-27.7248189809355],[153.02830384739244,-27.72486796892628],[153.02894963250048,-27.725166736859077],[153.03022850266447,-27.725365056729085],[153.0303689455877,-27.724639884720727],[153.0308080544135,-27.72289008569046],[153.0310049363452,-27.722182154676258],[153.03118171528615,-27.72156545466341],[153.03162972618105,-27.720353304627995],[153.03232403102754,-27.71854782057253],[153.0326393099703,-27.71782661954653],[153.03346759081245,-27.715873188478792],[153.03354698379638,-27.715678885472343],[153.03362920878033,-27.71548179446568],[153.03370935476545,-27.715295373459078],[153.03391442373305,-27.714864097441904],[153.03429637069664,-27.7142504444084],[153.034649081674,-27.713770195376732],[153.03485733966698,-27.713536448357686],[153.035296745662,-27.713121473316818],[153.03630748366535,-27.71228305922196],[153.03674281365596,-27.711835801181753],[153.03735499761513,-27.710990681126926],[153.03782802052712,-27.709891773088135],[153.0380171693952,-27.708689756078616],[153.0380290973424,-27.708262524080787],[153.03806544125595,-27.707550659082724],[153.03811329612324,-27.706462576086555],[153.03813961107215,-27.70603688008724],[153.03816453404588,-27.70580875008655],[153.03819998396762,-27.70516093708813],[153.03823805590113,-27.70460427508867],[153.03829521681232,-27.703854478088832],[153.03834228970447,-27.702964417091188],[153.03811222267194,-27.702904358114754],[153.03784429263501,-27.70284181014214],[153.03400794414594,-27.702265895531955],[153.03297821401463,-27.702111206636584],[153.03277826298913,-27.702081173656914],[153.0319080728782,-27.70195048174531],[153.03194445381837,-27.70144666574564],[153.03197862176202,-27.70097309974596],[153.0320099817103,-27.700538715746223],[153.03191042664423,-27.700102767759727],[153.03185959861054,-27.699880211766533],[153.0316836314938,-27.699109798790303],[153.0316735884449,-27.698732359794306],[153.0313153493471,-27.698267056833952],[153.0312437563275,-27.69817407284189],[153.03103378427994,-27.697978226864528],[153.03070272520492,-27.697669474900174],[153.03025545210355,-27.697252324948394],[153.02969346197625,-27.696728109008934],[153.0297706429327,-27.69631874500441],[153.02977373493158,-27.69630686800424],[153.0295246388996,-27.69626824502953],[153.029487549895,-27.69626361803329],[153.0294707268945,-27.696274011034895],[153.02761405665805,-27.695996216223527],[153.02730626583144,-27.69762849024151],[153.0272223498787,-27.698073550246427],[153.0271385979259,-27.698517634251306],[153.02575762574992,-27.698310270391577],[153.0255876707283,-27.698284752408863],[153.0254177147066,-27.69825924142614],[153.02523639768356,-27.69823205444456],[153.0250429506589,-27.69820302646419],[153.02484849763405,-27.69817386548394],[153.02465405260935,-27.69814469650369],[153.0244606055847,-27.698115683523376],[153.02421496055334,-27.69807881854829],[153.02405051053242,-27.698054164564983],[153.02396931452208,-27.698041974573226],[153.02366950448385,-27.697997003603703],[153.02348954246088,-27.69797000262193],[153.0233095964379,-27.697943008640237],[153.02325170543043,-27.697933226646125],[153.02312964941498,-27.6979159936585],[153.02294971039208,-27.697888977676797],[153.02276977236917,-27.69786194669505],[153.0225898333462,-27.697834915713333],[153.02245277932857,-27.697813069727296],[153.02240990132333,-27.697807869731598],[153.0222299553004,-27.69778082374991],[153.0220500232774,-27.69775377876816],[153.02187009225455,-27.697726717786484],[153.0216502172264,-27.697693651808788],[153.02145030320096,-27.69766358182904],[153.02114041916147,-27.697616970860576],[153.0209704941398,-27.697591400877833],[153.02063585109713,-27.697541056911774],[153.02038959406568,-27.69750402793679],[153.0201081040299,-27.697461722965407],[153.01990317600374,-27.697430907986217],[153.0198522359972,-27.697423247991388],[153.01970323897822,-27.697400859006503],[153.01950329495276,-27.697370804026836],[153.01923546191856,-27.697330556054023],[153.0190535338954,-27.697303205072473],[153.01890557287652,-27.697280957087504],[153.01860567183832,-27.697235889117998],[153.01838573781026,-27.697202823140294],[153.01825480879359,-27.69718315415363],[153.01816502978207,-27.697169661162704],[153.01785515174265,-27.69712310219417],[153.01765569971718,-27.697093158214418],[153.0174544596916,-27.69706289423489],[153.01722924366288,-27.697028979257727],[153.0170293146374,-27.696998849278053],[153.01677941460557,-27.696961193303434],[153.01665648758987,-27.696942679315928],[153.0164595395647,-27.69691301033591],[153.0161820045293,-27.696871213364094],[153.01593210549743,-27.696833565389422],[153.01567421146456,-27.696794725415618],[153.015607141456,-27.696784622422463],[153.01547911843966,-27.696765347435463],[153.01530104941702,-27.69673852545354],[153.01527919641418,-27.69673523245574],[153.01514740339735,-27.696715414469132],[153.01507946138872,-27.696705191476006],[153.0149949573779,-27.696692503484638],[153.01488968736456,-27.696676685495312],[153.01484129635833,-27.69666942150018],[153.01470984534166,-27.696649685513588],[153.014688849339,-27.69664653351568],[153.0145297723187,-27.69662265453187],[153.01434876829558,-27.696595504550245],[153.01418777627515,-27.69657135756655],[153.01416776327252,-27.696568361568616],[153.01391636624044,-27.69653066159413],[153.0138278682292,-27.696517347603116],[153.01365492520722,-27.69649131562068],[153.01320336814962,-27.696423448666494],[153.01296062811966,-27.69639444369109],[153.01293182409532,-27.696227423695287],[153.01286166206324,-27.696033477703907],[153.0127579200122,-27.69572010571675],[153.01250113492605,-27.695259062746175],[153.01205295279271,-27.69459009779642],[153.0120344527879,-27.694568140798467],[153.0119313747798,-27.694592526808613],[153.01181039976785,-27.694601646820647],[153.01150989472995,-27.694559893851107],[153.0050477909057,-27.693583957507144],[153.00490651988775,-27.69356262652146],[153.0049263908763,-27.693455866520313],[153.00617966115993,-27.686723790447772],[153.0063027891536,-27.68656803643667],[153.0067826361383,-27.686036660392702],[153.00726220012305,-27.685505598348794],[153.00768236111182,-27.685056574310206],[153.00777181210944,-27.684961020302016],[153.00848224010684,-27.6843327572357],[153.00927364812372,-27.68378802316058],[153.01009149815698,-27.68335091208199],[153.01019176116108,-27.68329724607237],[153.0113405812127,-27.682722507961643],[153.0127721282772,-27.682006201823636],[153.01326806829957,-27.681758044775854],[153.0135163743108,-27.6816338067519],[153.01397430233132,-27.681404664707788],[153.01440534035072,-27.681188970666224],[153.01442194735097,-27.68117681066468],[153.01478705635668,-27.68090943963016],[153.0150810033613,-27.680694177602312],[153.01521722236342,-27.68059442158943],[153.01537913136244,-27.68044821857436],[153.01575105636024,-27.680112346539694],[153.015948102359,-27.679934411521312],[153.0160843363539,-27.6797774425089],[153.01627472834681,-27.679558053491522],[153.01658436733507,-27.679200782463287],[153.01676052132262,-27.67895188144757],[153.01641735427907,-27.678901254482394],[153.01609753123827,-27.678853086514888],[153.01561778817722,-27.678780845563583],[153.01513805211613,-27.67870862761229],[153.01465831705502,-27.678636408661],[153.01417857399383,-27.678564190709682],[153.01369882393266,-27.678491963758436],[153.01326903687797,-27.67842724780208],[153.012830450822,-27.678361190846587],[153.01149702065217,-27.67816036098197],[153.01018047348444,-27.677962101115636],[153.0097171224254,-27.677892304162647],[153.00908748834516,-27.677797466226558],[153.0085377842751,-27.67771465228236],[153.00773822517317,-27.677594169363537],[153.0078101681303,-27.677193194359493],[153.0079620850395,-27.676346629350924],[153.00811477794844,-27.67549589934236],[153.00862025464664,-27.672678730313876],[153.00865063762848,-27.672509423312146],[153.00877818454862,-27.671769074305246],[153.0088882894802,-27.671134635299204],[153.0089578934366,-27.670730076295417],[153.0089809004221,-27.670596278294187],[153.00866109138153,-27.670548840326617],[153.00829131933452,-27.670493997364172],[153.00786476628033,-27.67043075640743],[153.00740794122223,-27.670363053453787],[153.00644744210018,-27.670220680551306],[153.00619638006827,-27.670183427576767],[153.0059837030412,-27.670151881598343],[153.0056776330024,-27.670106462629395],[153.00459790986508,-27.669946244738956],[153.00437382583667,-27.669912917761728],[153.00392337077918,-27.669844841807432],[153.00342129171517,-27.66976830285838],[153.00299679466104,-27.669704242901457],[153.0025899856094,-27.66964395994276],[153.00218749755814,-27.669583110983588],[153.00181331451037,-27.669526598021562],[153.00144276046336,-27.66947181405919],[153.00103575041186,-27.669412977100478],[153.0005486383501,-27.669342517149868],[152.99999750428043,-27.669263034205787],[152.99947300621375,-27.66918494525901],[152.99903029915737,-27.66911896230392],[152.99864211710806,-27.669061101343274],[152.99817930904916,-27.66899212339024],[152.99816192704694,-27.66898953139201],[152.99505919965242,-27.668527066706798],[152.99482480362255,-27.668491563730594],[152.994811839621,-27.6684905207319],[152.9943130015569,-27.668410962782552],[152.99307166839736,-27.668212971908552],[152.99234363430384,-27.668096838982432],[152.9916568922152,-27.667983658052226],[152.99161398420955,-27.66797660905656],[152.99154192219962,-27.667959302063906],[152.99160245819448,-27.66786687005859],[152.99168968919284,-27.667779497050546],[152.99198404719894,-27.667575619022593],[152.99208218618006,-27.667342602014646],[152.99214762414303,-27.666993081010816],[152.99206043008942,-27.666643544022335],[152.9918969200496,-27.666468768040115],[152.9916789009977,-27.666245445063733],[152.99155900595275,-27.66599300407777],[152.99154812092084,-27.665750279080765],[152.99165715289834,-27.66547843007198],[152.99161357385432,-27.66516773307883],[152.9915372798043,-27.664837620089063],[152.99153730975522,-27.66444925109212],[152.99142832270658,-27.66415797810531],[152.9913411356552,-27.66382697911671],[152.99116674758474,-27.663419186137382],[152.9910686605275,-27.663050226150144],[152.9906762763942,-27.662331722195184],[152.99034925632554,-27.66206955123002],[152.99018576727838,-27.66183652624826],[152.9901530672565,-27.66169089025264],[152.99018579024408,-27.661564670250407],[152.99028390623621,-27.661419040241718],[152.99056736424234,-27.66122487821487],[152.99101434623805,-27.66080741517334],[152.9913522972464,-27.660584121141184],[152.99160729325962,-27.660470589116535],[152.9913251182242,-27.66043246414511],[152.9903209210969,-27.66028492124698],[152.98951629499481,-27.66016662032859],[152.98871166289268,-27.660048327410188],[152.98790703679063,-27.659930034491754],[152.98710241168854,-27.659811734573342],[152.98629777858645,-27.659693426654897],[152.98549315348436,-27.659575118736523],[152.98468852838226,-27.65945680281811],[152.98388391728014,-27.659338487899667],[152.98307931417818,-27.65922016598125],[152.9822726920758,-27.659101537063034],[152.98217551406356,-27.6590881260729],[152.98249757987648,-27.657332613054454],[152.98254357984976,-27.65708168505181],[152.98303025156721,-27.65442895002405],[152.98407418997948,-27.64888545796319],[152.98409719796578,-27.648757448961913],[152.98396965094523,-27.648703446975126],[152.98019342933299,-27.64709356336628],[152.97948291921384,-27.646758630440143],[152.97883165609545,-27.646379991508375],[152.97814056996236,-27.645918085581275],[152.9775033148298,-27.645414925649114],[152.97688205469112,-27.64484942671583],[152.97634965856054,-27.644272020773744],[152.97592486444822,-27.643746471820428],[152.97551687133014,-27.643161168865944],[152.97513572120528,-27.64249970690938],[152.97478114107696,-27.641787832950484],[152.97442700694242,-27.641025884992],[152.9740484278092,-27.64029551903572],[152.97363206668737,-27.63968779808223],[152.9732148195758,-27.63916154912819],[152.9727543224664,-27.638690068178093],[152.9722820223631,-27.63827657622865],[152.97189357128295,-27.637975170269954],[152.97136536218085,-27.63761908532566]]]}},{"type":"Feature","id":"2026-12-07-new-beith","properties":{"collectionId":"2026-12-07","areaId":"new-beith","areaName":"New Beith","startsOn":"2026-12-07","endsOn":"2026-12-18","putOutFrom":"2026-12-05"},"geometry":{"type":"Polygon","coordinates":[[[152.9434442521966,-27.780390886994063],[152.94188083006972,-27.78863974608546],[152.94231250114754,-27.788883260040382],[152.9425524701944,-27.789046607015088],[152.94271130922976,-27.789189687998046],[152.94300832627533,-27.789293198967517],[152.9434925173593,-27.78954038691711],[152.94381047042123,-27.78975572288361],[152.94399248145245,-27.789845755864675],[152.94410695947954,-27.7899612398523],[152.94410685350084,-27.790129809851017],[152.94418699952593,-27.790259523841932],[152.94433997556814,-27.79046058582508],[152.94473357462658,-27.790583951784683],[152.9450540686427,-27.790435133753768],[152.94540449965706,-27.790247082720217],[152.9457905666771,-27.79007233668295],[152.94602431369754,-27.79003339265988],[152.9463639627255,-27.789961844626443],[152.94679303476178,-27.78987839758414],[152.94736322779679,-27.789664342528752],[152.9478451828361,-27.789560004481373],[152.94785375083376,-27.78953419548069],[152.94794671980847,-27.789254292473615],[152.94818308880755,-27.789044253451603],[152.94851859683436,-27.78896658041862],[152.94939534393788,-27.78902990333036],[152.94966825797235,-27.789067454302735],[152.94976215099024,-27.789127855292914],[152.9499479090108,-27.78913003127424],[152.95037587705448,-27.789107195231605],[152.95064868807899,-27.789065487204613],[152.9508460690931,-27.789007268185323],[152.95091858510048,-27.789003498178133],[152.951140396118,-27.788950480156316],[152.95134513114036,-27.788950569135856],[152.9516053271596,-27.788878581110374],[152.9517460611749,-27.788878641096268],[152.95190593620117,-27.78894881807972],[152.95231328925354,-27.789011634038413],[152.95256494727477,-27.788962400013652],[152.95277322829594,-27.788951157992862],[152.95353666736153,-27.788811957917552],[152.9541318194341,-27.788873641857503],[152.954400614463,-27.788870325830604],[152.9545988744862,-27.788882738810642],[152.95483959548324,-27.788652373788363],[152.95500626447154,-27.788416510773548],[152.9552159094896,-27.788378185752865],[152.95573738159064,-27.788728370697896],[152.9559808076493,-27.788982010671504],[152.95615901069922,-27.78922314865179],[152.95636254474852,-27.78943720462968],[152.95671054682197,-27.789718016592655],[152.95703909486147,-27.789746343559525],[152.95754791080776,-27.788884348515403],[152.95781671977937,-27.78842893149206],[152.95804325475734,-27.788059845472315],[152.95844519871812,-27.787404983437213],[152.95872164469125,-27.786954543413056],[152.95888211567188,-27.786663680399318],[152.95896018966883,-27.78657201639219],[152.95923819362832,-27.786012380368792],[152.9595511625952,-27.785481467341647],[152.9599608925518,-27.784786089306056],[152.96037173250824,-27.784088789270452],[152.96072964447035,-27.78348133623937],[152.96108283843293,-27.782881870208744],[152.96148598939035,-27.78219847317376],[152.9618988483467,-27.78149861013792],[152.96193453733858,-27.781404412135107],[152.9621760402843,-27.78076719411599],[152.96230606025495,-27.780424117105646],[152.96235039822542,-27.780152439103354],[152.96245390915647,-27.779518275097985],[152.96255776308712,-27.778881974092595],[152.9628971138881,-27.777016989073324],[152.96299596883074,-27.77647968306764],[152.96307349977818,-27.775997794063663],[152.9631115717524,-27.775761067061772],[152.96320501666395,-27.774982399058555],[152.963263160609,-27.774497866056517],[152.96334285255494,-27.77400253605248],[152.96349463645225,-27.7730608800447],[152.96373891134357,-27.771992265028633],[152.96387177019702,-27.770720384025392],[152.96418193707603,-27.76949714800392],[152.96437122701377,-27.76884265099016],[152.96457717594606,-27.768130539975168],[152.96529363103755,-27.76823753790256],[152.9659736596553,-27.764632871862876],[152.96591772064906,-27.764632007868485],[152.96600797763637,-27.76445393186084],[152.96606285860597,-27.764166681857624],[152.9667541384496,-27.762336453802796],[152.96704504638356,-27.761565661779787],[152.9673261723199,-27.7608208717575],[152.96760483825685,-27.760082578735368],[152.9678663981975,-27.759389608714645],[152.96813441113687,-27.758679531693403],[152.9684231880714,-27.75791470667052],[152.96875656399595,-27.7570313586441],[152.96889289496497,-27.75667014663327],[152.9690410718958,-27.755996115623773],[152.9690902898729,-27.755772277620597],[152.9691797637635,-27.754831186619064],[152.9692918656266,-27.7536531456171],[152.96939308850295,-27.75258930761537],[152.96948140939526,-27.751663088613817],[152.96956250829646,-27.75081288761242],[152.9696110712371,-27.75030159161156],[152.96966140718234,-27.749826207610305],[152.9697066771332,-27.749398797609167],[152.96968100205893,-27.74883410261617],[152.96966243500526,-27.748425624621234],[152.96965433693316,-27.747862539626475],[152.96964091081296,-27.746924213635243],[152.9696278646955,-27.746007859643807],[152.96962208964453,-27.745609767647537],[152.9696012214633,-27.744195579660765],[152.969715901304,-27.74283792065998],[152.97010597622034,-27.741842098628776],[152.97042815419942,-27.74140005559997],[152.9706116321876,-27.741149454583557],[152.97075074917868,-27.740959353571135],[152.97161068818076,-27.740236781490722],[152.9717346801863,-27.74017414447874],[152.9726408572268,-27.739716097391607],[152.97279515123793,-27.739671319376516],[152.973602712296,-27.739437095297475],[152.9737731963092,-27.739394485280698],[152.9747765063865,-27.73914384018216],[152.97583127046784,-27.738880119078544],[152.97668850350377,-27.738428688996215],[152.9768780765064,-27.738286277978325],[152.97741362451313,-27.737879520927912],[152.97750929651554,-27.737816809918836],[152.97713548746722,-27.73775553595676],[152.97356169701035,-27.73721459431911],[152.97323917596148,-27.737105749352278],[152.97289506292512,-27.737113706386683],[152.97244641887713,-27.737119808431576],[152.97053711063185,-27.736821203625176],[152.96995892355736,-27.736729219683806],[152.96049547934854,-27.735303073642903],[152.95981940626214,-27.735201164711388],[152.9520632332712,-27.734030380497142],[152.95141606818848,-27.733932665562726],[152.9512493911515,-27.733783624580532],[152.94816137946546,-27.731011232911495],[152.94807242644245,-27.73090588192123],[152.94703057446802,-27.73200346401686],[152.94691903855283,-27.732771008022006],[152.94687958758294,-27.73304245502379],[152.94672089756207,-27.733014150039907],[152.94648495251545,-27.732848032064833],[152.94642189949596,-27.732748634071896],[152.94483052220596,-27.73182217723848],[152.9442719971151,-27.73158311029626],[152.9437466860462,-27.731490209349545],[152.94213022985994,-27.731406039511977],[152.94172523881383,-27.73138932055261],[152.9412590937647,-27.731401681599177],[152.9401551926771,-27.731657653707593],[152.93926599559134,-27.731744571795886],[152.9377076403904,-27.73149437395378],[152.9362942872098,-27.731280050096853],[152.93598041716965,-27.731232456128662],[152.93507183305343,-27.73109465022066],[152.93481631602083,-27.731055899246467],[152.93426932395084,-27.73097293730183],[152.93101999153544,-27.730479925630725],[152.93067984349622,-27.730462043664964],[152.93044495562336,-27.731670774678864],[152.9299882348722,-27.734033598705885],[152.9299700478821,-27.73412762570701],[152.93016162490727,-27.734161927687534],[152.93013144992227,-27.734306722689446],[152.92953015925642,-27.737468762724596],[152.9295202342626,-27.737527137725166],[152.92894812719885,-27.737514092782476],[152.928379767125,-27.73741856084009],[152.92798266607176,-27.737339510880403],[152.92774883704402,-27.73732082390393],[152.92741075201798,-27.737405388937066],[152.92714527199803,-27.73747609496308],[152.92685837997712,-27.73755763399111],[152.92651068396762,-27.73778200802412],[152.92641054798509,-27.738006516032335],[152.9264390170075,-27.738159059028302],[152.92653890703446,-27.738286233017305],[152.92626784003218,-27.738502211042746],[152.9261192380372,-27.738669521056273],[152.92607677004625,-27.73877748005965],[152.92615476306403,-27.738851032051283],[152.92638830110363,-27.73896393102703],[152.92646540713412,-27.73913842301792],[152.92646922916074,-27.73934633901591],[152.92641424418622,-27.73959539701946],[152.92608824414214,-27.7395269790526],[152.9258219301001,-27.739423423080037],[152.92550517603328,-27.739166967113743],[152.92544464001847,-27.73910143912033],[152.92540843800793,-27.73904965712434],[152.92532955900046,-27.73905882113217],[152.92528429599724,-27.7390720311366],[152.92518985299685,-27.739149651145393],[152.9250110760105,-27.739412217161213],[152.92479109802537,-27.73971869018081],[152.9246028440348,-27.739955827197736],[152.92441703403753,-27.740137919214895],[152.92442728606684,-27.740360654212132],[152.9245404451195,-27.74068032919824],[152.92460221115195,-27.740883729190504],[152.92460677818778,-27.741163372187827],[152.92450187420414,-27.7413836411966],[152.9242446052063,-27.741621620220407],[152.9241560332184,-27.741794377227933],[152.92418703425452,-27.742053426222746],[152.92436319629888,-27.742252982203617],[152.92443932631681,-27.742329291195393],[152.92455397535682,-27.742546990182174],[152.92476758440066,-27.742710798159546],[152.92495303642932,-27.742777905140464],[152.9251578974619,-27.742859310119368],[152.9252196924868,-27.74300341211202],[152.92524928649738,-27.743061549108585],[152.92517942850088,-27.743149153114878],[152.9251284075038,-27.743215865119478],[152.9250359385121,-27.74336179212759],[152.92496700552465,-27.743520184133246],[152.9249334625581,-27.743813774134228],[152.92486543957304,-27.743990823139637],[152.92464704755454,-27.74403198716119],[152.9244162365291,-27.744029849184287],[152.92427145652346,-27.744110010198096],[152.92412893453562,-27.74432836421064],[152.92388712555467,-27.744687690232006],[152.92366521755773,-27.74490253525248],[152.9236611565764,-27.745054073251687],[152.92366515759488,-27.74519704925016],[152.92358390959754,-27.745288274257565],[152.92350777160044,-27.745376191264477],[152.92348059260334,-27.745423353266876],[152.92349003961073,-27.745473645265484],[152.92353874364812,-27.745727195258638],[152.9235227406764,-27.745965063258375],[152.9234492997007,-27.74622051326369],[152.92326500270758,-27.746433622280392],[152.92315608969787,-27.746451183291192],[152.92298384767582,-27.746424659308598],[152.92292445166828,-27.74641581531464],[152.92282539566753,-27.746495045323893],[152.92271050766232,-27.74655312933491],[152.92248080664245,-27.746593534357554],[152.92228021462589,-27.74663478037733],[152.9220853746114,-27.746688410396334],[152.92186773558788,-27.746689341418147],[152.92166794058076,-27.746804557437187],[152.92150556956966,-27.746857270453003],[152.921210802539,-27.746867849482385],[152.92096335350755,-27.746832578507394],[152.92073574747388,-27.746761686530718],[152.92065199544876,-27.746634959540092],[152.92062298242993,-27.746511235543974],[152.9205512634156,-27.74645883555153],[152.92048142940865,-27.746463976558516],[152.92036688340238,-27.74651355256955],[152.9202090734076,-27.746690049583925],[152.9198850624166,-27.747040807613566],[152.91977319941805,-27.747148192623897],[152.91968195141905,-27.74723549163235],[152.91954869841535,-27.747320562645],[152.9193909543968,-27.747309542660815],[152.91929096038123,-27.747272088671117],[152.91913764234786,-27.747139706687474],[152.919113718333,-27.747043318690636],[152.91921862231825,-27.74683577568182],[152.91920444429906,-27.746695942684347],[152.91903758825356,-27.74648022670273],[152.91895441024175,-27.746457918711226],[152.91884126522848,-27.746450370722552],[152.91861183920585,-27.746468870745353],[152.91844829218246,-27.746424204762047],[152.91823191914656,-27.74632675078443],[152.9181441441296,-27.746267794793695],[152.91785847410205,-27.74629524982204],[152.91756780407354,-27.746320119850914],[152.91743528805523,-27.746289557864397],[152.9172621370161,-27.746128922882992],[152.9172066379934,-27.74599712988954],[152.91724793599164,-27.745947389885792],[152.91732833498935,-27.745859830878494],[152.91734762498112,-27.745778283877183],[152.91734319896366,-27.745643353878673],[152.91725503694033,-27.745534567888352],[152.91708992390815,-27.74542269790574],[152.91680826186655,-27.745334929934614],[152.91663093884287,-27.745300351952633],[152.9165287838324,-27.745305462962815],[152.91642662082413,-27.74532841797279],[152.91636867782373,-27.745374409978236],[152.91631146482314,-27.7454198289836],[152.91624277782634,-27.745503975989816],[152.91622140983796,-27.74561472099105],[152.9152980073448,-27.750423527045438],[152.91510362945155,-27.75143569605686],[152.91392029110094,-27.757597401126535],[152.9138392881454,-27.75801917113133],[152.91362611227026,-27.759191348143393],[152.91370550530365,-27.759387574133918],[152.91267636384282,-27.764543190196072],[152.9116724883935,-27.769768096255238],[152.910924143804,-27.773662641299307],[152.90608365119158,-27.77298870578834],[152.9058174943459,-27.774439556803504],[152.90415640233994,-27.783742545896114],[152.9041564463591,-27.7838947688949],[152.90432441234825,-27.78366330187997],[152.90450748134072,-27.783445915863393],[152.9046308033428,-27.783355808851773],[152.90493498737086,-27.78331534482171],[152.90558500644192,-27.783317564756743],[152.90598054249068,-27.783362037716874],[152.90627467553284,-27.783441818686804],[152.90653099057843,-27.783581703660104],[152.90666411060252,-27.783657833646217],[152.90683107062367,-27.78368093062935],[152.90704382163898,-27.783619179608557],[152.90736009164408,-27.78338596157882],[152.9076107806367,-27.78311201855593],[152.9079849566092,-27.782571129522818],[152.90824946761856,-27.78241746049756],[152.90867095365496,-27.782341688456018],[152.9092136167155,-27.78235266340172],[152.90998082581342,-27.782466344324167],[152.9103047848563,-27.78252667829133],[152.91058710188108,-27.78247911426348],[152.91091307991883,-27.782497010230742],[152.91127094594964,-27.782431810195497],[152.91182732604165,-27.78267973613792],[152.91206817307764,-27.782757155113277],[152.91228971610036,-27.78274647809118],[152.91250741511763,-27.782695188069823],[152.91268435112164,-27.782574280053122],[152.9128375131184,-27.78241705003903],[152.91296003011843,-27.782311237027624],[152.91310626313282,-27.782299220013098],[152.9132423251431,-27.782263001999777],[152.91334779614857,-27.78221541498963],[152.91349409515266,-27.782121716975734],[152.91365749414413,-27.781913055961073],[152.91376303913765,-27.78177092095162],[152.91390255113953,-27.78166512293852],[152.91402500114822,-27.781628890926534],[152.91417469815497,-27.781553341912208],[152.91430061315498,-27.781444503900456],[152.91439255314629,-27.781296311892454],[152.91461035614515,-27.781099787872257],[152.91499481415818,-27.78087159883563],[152.91516830816755,-27.780796064818876],[152.91547110717917,-27.78062683178993],[152.91571949418488,-27.78045754776645],[152.91586922118555,-27.78033359175242],[152.91614475120215,-27.78022786872572],[152.91620597220808,-27.780221856719677],[152.91628758621815,-27.780230976711405],[152.91637255323508,-27.780291541702447],[152.91642344026118,-27.78045494869607],[152.9163722842802,-27.780648558699664],[152.91632110630283,-27.780872411703033],[152.91639577633507,-27.781063064694067],[152.91654531736503,-27.781172073678228],[152.9167560864015,-27.781278088656354],[152.91684449541307,-27.78129327264741],[152.91702137142616,-27.78124497063005],[152.91720846343858,-27.78118154361188],[152.9173275384423,-27.781109004600562],[152.91746024844377,-27.781006216588064],[152.9177222034548,-27.780867203563012],[152.91793913446617,-27.780770465542062],[152.918122813479,-27.780713088524188],[152.91844596749925,-27.780595287492766],[152.9186228585098,-27.780525810475673],[152.9188031545206,-27.780456318458175],[152.9189970195368,-27.78041709943913],[152.9191670565549,-27.78041417842214],[152.91929812656667,-27.78039372640917],[152.91938560457092,-27.780352286400745],[152.91959163458557,-27.78029016338067],[152.91966743759207,-27.780276372373173],[152.91983067960854,-27.78026609035695],[152.91996280762493,-27.780281736343618],[152.92009884063756,-27.780264526330143],[152.9202876306496,-27.78019677031185],[152.92054275366667,-27.78011220628697],[152.92081142969218,-27.780082106260355],[152.92103928271618,-27.7800761902376],[152.92119228073972,-27.78013072822191],[152.92134528576102,-27.780167124206308],[152.92147453877175,-27.780139967193605],[152.92160040077732,-27.780076510181516],[152.92170582678764,-27.78006748817102],[152.92209010582997,-27.780070729132575],[152.92228393285492,-27.780101097112976],[152.92254917288534,-27.780113346086367],[152.92335899898214,-27.78018108700486],[152.923559195997,-27.7801258779853],[152.92378470300474,-27.779992876963732],[152.92389554500394,-27.779890938953457],[152.92409966101238,-27.779782122933938],[152.92423570902358,-27.77975281192058],[152.92436006703866,-27.77976497890801],[152.92446885305745,-27.779820366896722],[152.92454845507928,-27.77992413788795],[152.92462657410545,-27.780063575879062],[152.924711503133,-27.780208839869385],[152.92490862317598,-27.780378377848365],[152.92509210122418,-27.780602371828262],[152.92522794027417,-27.780880792812436],[152.92531960531363,-27.781113809801475],[152.92541813134272,-27.781259080790463],[152.92552690236377,-27.781331753779007],[152.9256833203847,-27.781362092763096],[152.92590592840745,-27.78135055174094],[152.92609447241995,-27.781286685722577],[152.92624218043403,-27.78127121170798],[152.9263703974548,-27.781324877694725],[152.92652577948724,-27.781447708678215],[152.92662484850402,-27.781494438667938],[152.92688716153873,-27.781542986641323],[152.92721362357713,-27.78156562860846],[152.92740550560245,-27.781600735589045],[152.92776505563157,-27.78152140155369],[152.92798859564562,-27.78144026453197],[152.92819841965544,-27.78133642651178],[152.928589604679,-27.78118535847387],[152.9288107076904,-27.78108562445254],[152.92913052369923,-27.780880048422194],[152.92922916270584,-27.780846826412574],[152.92966452973752,-27.780722997369995],[152.92985504074645,-27.78062930635171],[152.93014763975117,-27.780414647324143],[152.93037216375882,-27.780281625302734],[152.9306374857763,-27.780190996276904],[152.93079699578604,-27.7801306762614],[152.93105212579783,-27.78000373323688],[152.93119157880838,-27.779967501223272],[152.9312969888206,-27.77997360321265],[152.93163025386036,-27.780000991179104],[152.93181726288572,-27.7800404201601],[152.9321436959282,-27.780095040126973],[152.9323035109498,-27.780128396110737],[152.93243949897342,-27.78019804409661],[152.93266048300987,-27.780294976073716],[152.93283729303522,-27.78034346505568],[152.93298688505948,-27.780407078040174],[152.933126278082,-27.78046463302579],[152.9332316591027,-27.780537291014692],[152.93331325811533,-27.780567593006257],[152.93344588612987,-27.780567651993007],[152.93359550114994,-27.780597975977823],[152.9337926881818,-27.780679760957465],[152.93397863221026,-27.780744513938313],[152.93431779726046,-27.780849254903565],[152.93450223729124,-27.78093405688446],[152.9346449973188,-27.781029431869435],[152.93481158535042,-27.781135401851927],[152.93498409538324,-27.7812466688338],[152.93503759840178,-27.781347288827632],[152.93505538341853,-27.78146377882497],[152.93497785944416,-27.781733772830613],[152.934942052461,-27.78189788683288],[152.93481694947351,-27.782104326843744],[152.9346561514794,-27.78228955585839],[152.9345701494973,-27.78250508686526],[152.93458698653612,-27.78279770786129],[152.93448191055228,-27.783015488870095],[152.93437481658566,-27.783371588877984],[152.9343883096096,-27.783549664875224],[152.93445434362613,-27.783624036868044],[152.93459618764538,-27.78365349685365],[152.93478275066445,-27.78364321483506],[152.93505566569232,-27.78362876780785],[152.93520003570563,-27.78361005979355],[152.93533994972262,-27.783623954779433],[152.9354129057272,-27.78359695377237],[152.9354565287327,-27.783602742767947],[152.93571840175858,-27.78358168774194],[152.9359326807758,-27.783533371720864],[152.9362047837989,-27.783482066694035],[152.93632382180957,-27.78346396968228],[152.9366027188335,-27.78341266465479],[152.93674556184874,-27.783409706640523],[152.93694958087477,-27.783440052619838],[152.93709921789142,-27.783443144604878],[152.9371910538976,-27.783412932595933],[152.93728631689962,-27.78334641458694],[152.93742619490038,-27.78323174257386],[152.93759292389842,-27.78307298555842],[152.93783110389558,-27.78284541453635],[152.93801569189563,-27.78268665751919],[152.93809907089198,-27.782586104511587],[152.9381409058571,-27.782273739509854],[152.9381946028328,-27.782035499506378],[152.93840342773564,-27.781087845492948],[152.9385048516918,-27.780653729486257],[152.9386001296888,-27.78054787947756],[152.93877873569284,-27.780426188460638],[152.93898110770817,-27.780373326440788],[152.93918343573426,-27.780405185420282],[152.9400816108543,-27.780581160329074],[152.94116010497734,-27.78062485122079],[152.94136415399933,-27.780623204200417],[152.9416886720352,-27.78062680316788],[152.94183828705604,-27.780663169152653],[152.94191988606914,-27.78069605614421],[152.94204034709117,-27.78076699313161],[152.94212583510202,-27.780779122122937],[152.9422153011125,-27.780784673113953],[152.9434442521966,-27.780390886994063]]]}},{"type":"Feature","id":"2027-01-11-cedar-grove","properties":{"collectionId":"2027-01-11","areaId":"cedar-grove","areaName":"Cedar Grove","startsOn":"2027-01-11","endsOn":"2027-01-22","putOutFrom":"2027-01-09"},"geometry":{"type":"Polygon","coordinates":[[[152.98460871739806,-27.84127421639157],[152.98435296145664,-27.84195612341184],[152.9840520165035,-27.842585354437045],[152.98385135754424,-27.843078255453243],[152.98322524064835,-27.84443841850529],[152.9834531917865,-27.84533166847539],[152.983588672839,-27.84562848445949],[152.98370248094554,-27.846370279442255],[152.98393675705935,-27.847065388413277],[152.98417102517044,-27.847739599384482],[152.98459827932598,-27.848597704334924],[152.98505214646647,-27.84931530728376],[152.98572285464715,-27.850161611209856],[152.9859176797349,-27.850685484186226],[152.98589948579843,-27.85120128018394],[152.98579067681408,-27.85141886719313],[152.98555041780833,-27.851580030215963],[152.98540990080068,-27.851640462229568],[152.98495662176393,-27.851741156274187],[152.9844942837185,-27.85178139732023],[152.98392770365507,-27.851769245377113],[152.98352430760187,-27.85169666241816],[152.98273563350793,-27.851636126497638],[152.9821826594434,-27.85160382055334],[152.9817158133781,-27.85149092160102],[152.98142687233246,-27.851379848630827],[152.98102287225973,-27.851153812673072],[152.98071622819828,-27.850933350705592],[152.9802561101042,-27.850587791754386],[152.9798266960042,-27.85016949380071],[152.97937680791233,-27.84983302584845],[152.97889628279992,-27.849360173900365],[152.97818449063632,-27.84868377297699],[152.9773821014512,-27.847915239063475],[152.9760991412216,-27.847209996197552],[152.97567997113435,-27.84688290124214],[152.97474566796242,-27.846331729340132],[152.97375212580982,-27.845983616442393],[152.97321050571517,-27.845703988498872],[152.9724669825395,-27.844958833579234],[152.97160081631355,-27.84392327767412],[152.97121387019862,-27.843349627717426],[152.97037531404732,-27.84287910780512],[152.96952059890413,-27.84248539689388],[152.96890787776735,-27.841934619959602],[152.9685467626538,-27.841349489000354],[152.96786951951873,-27.84086751807197],[152.96617014027515,-27.84040986624584],[152.96522206811895,-27.839994362344083],[152.96430553494127,-27.839382439440694],[152.96282257870303,-27.838780424593907],[152.96150246951962,-27.838470107728554],[152.96033232738358,-27.83840460984628],[152.95947217927463,-27.838286361933374],[152.9592287322258,-27.83811063195909],[152.95903219319484,-27.838036088979372],[152.95871639315857,-27.83802166501108],[152.95845160614545,-27.83814605203664],[152.95814185614643,-27.838421210065448],[152.9576065911133,-27.838620401117517],[152.95667048507426,-27.83911945620729],[152.95623600510243,-27.839715934246065],[152.9563259931923,-27.840347669232088],[152.95721810349116,-27.841936967130245],[152.95780250364118,-27.84261761506639],[152.95881598380404,-27.843029609961658],[152.95999304200578,-27.84360668683924],[152.96039497909055,-27.843929103796455],[152.96051850225015,-27.845082385775015],[152.96023324129644,-27.84569357979878],[152.95998565133618,-27.846220305819433],[152.95990292033986,-27.846320851826942],[152.95968127333435,-27.84646846984792],[152.95909275127903,-27.846538445906337],[152.95833330619635,-27.846541142982293],[152.95776189912107,-27.846439219040338],[152.95692627101272,-27.84630470612509],[152.95630214390658,-27.846005312189916],[152.95602597272324,-27.844796671227098],[152.95529634460112,-27.844462163302797],[152.95436284749113,-27.844397946396786],[152.95298785736807,-27.844612344532695],[152.9526338063275,-27.84459767456827],[152.95232382429683,-27.844622618599118],[152.9520869032793,-27.8446887876223],[152.9508068560614,-27.84407253475531],[152.9498560799369,-27.843909262851763],[152.94871045581954,-27.84396994796592],[152.94725733966627,-27.84401317611103],[152.94678596358077,-27.843745193160316],[152.94654204654336,-27.843660376185426],[152.94643311850615,-27.84346012719786],[152.94616042849268,-27.843589595224135],[152.94550138743742,-27.8437210012891],[152.94481796042174,-27.844186849353775],[152.94469108446222,-27.84461574936309],[152.9449289216781,-27.84611511132748],[152.94499912076975,-27.846778086315247],[152.94498079289102,-27.847751214309408],[152.94482740804295,-27.849082894314286],[152.9449042901456,-27.849826506300737],[152.94552175721878,-27.849871955238577],[152.94623424927482,-27.84970021116861],[152.94687592235536,-27.849782481103745],[152.94789109350464,-27.85008472799973],[152.94963210081474,-27.851031480818083],[152.9501024339147,-27.851415044767997],[152.95079289405953,-27.85196174669451],[152.9509599211544,-27.85256674867307],[152.95071734515207,-27.85275740169585],[152.94833350899955,-27.853609813927726],[152.94764219198458,-27.85408802199316],[152.94754415801364,-27.854401915000484],[152.9482725041526,-27.854870682923927],[152.9487556822142,-27.854939489875008],[152.94919686826094,-27.85492781383095],[152.9496093763503,-27.855277775786877],[152.94995862241362,-27.855475856750374],[152.95003801644782,-27.855677513740826],[152.95041420255748,-27.856218188698946],[152.9508047326243,-27.85640884865833],[152.95170035976815,-27.856771721565778],[152.95192323587523,-27.857424720538354],[152.95195631690814,-27.857655465533227],[152.9518274439253,-27.857901855544156],[152.95160081993632,-27.858185037564642],[152.95132246591587,-27.858263432591908],[152.95099913288962,-27.85833502562366],[152.95071558687437,-27.858459405651107],[152.95061989887702,-27.858562588659854],[152.95045333387534,-27.8586930776755],[152.95026501986035,-27.858737505693995],[152.94981671881402,-27.85875860473872],[152.94942821576348,-27.858694700778106],[152.9478679146501,-27.85914572993069],[152.94670779261324,-27.859855807041242],[152.94518024452745,-27.86049675818905],[152.94334928741918,-27.861221253366626],[152.9428993613994,-27.861453502409777],[152.94259526644447,-27.86207179643538],[152.9429087705869,-27.86292540239724],[152.94364710176743,-27.863713532317146],[152.94442656595766,-27.864541775232613],[152.9447896850965,-27.865324206190127],[152.944761656151,-27.865778870189356],[152.94396348324966,-27.867245658257698],[152.94395900539877,-27.868426441248854],[152.9442980894383,-27.868446237214776],[152.94607192964298,-27.86853052603655],[152.946634195714,-27.868605731979716],[152.95697557204892,-27.8702153699318],[152.95712744406848,-27.870239032916444],[152.95715408805438,-27.870104557914807],[152.95722130701867,-27.869765451910713],[152.95732244103175,-27.86978123990052],[152.95854888119015,-27.8699729577762],[152.96146120856633,-27.87042809248097],[152.9621287956526,-27.87053240741328],[152.9625213817033,-27.870593949373507],[152.96277393373595,-27.8706332143479],[152.96335515381097,-27.870724260288995],[152.96341670281896,-27.87073364828273],[152.96386817787732,-27.87080444323696],[152.96405711790172,-27.87083371621779],[152.9642282869238,-27.870860725200455],[152.9645884039703,-27.870917006163936],[152.96470607098553,-27.870935111152008],[152.96494852001686,-27.870973288127445],[152.9653086360634,-27.871029570090947],[152.96533503406673,-27.871033377088256],[152.9656687531098,-27.8710858440544],[152.96595582414687,-27.871130361025287],[152.96600434915317,-27.87113828902037],[152.96643681820902,-27.87120587297654],[152.9665687682261,-27.871226175963148],[152.96686928726496,-27.87127344993267],[152.96717875530484,-27.871321527901305],[152.96730174932077,-27.871341033888854],[152.9677342183766,-27.871408610844988],[152.967783175383,-27.871416001840018],[152.96816668743256,-27.8714761868011],[152.96837411145933,-27.871508365780095],[152.9685668204842,-27.871538712760554],[152.96896696053588,-27.871601222720003],[152.9693670865875,-27.871663748679403],[152.9695358866094,-27.871689959662337],[152.96976721963927,-27.87172627363886],[152.97010854568336,-27.871779456604223],[152.97016736069097,-27.87178878459824],[152.97056750174266,-27.871851294557676],[152.97068101875723,-27.871868930546153],[152.97096762779427,-27.87191382051713],[152.971259816832,-27.87195938748747],[152.97136776084605,-27.871976337476553],[152.9718606769097,-27.872053294426525],[152.97224584995934,-27.872113510387482],[152.9724135549811,-27.872139691370496],[152.97244714198538,-27.872144937367093],[152.97295485405093,-27.872224270315566],[152.97314674407582,-27.87225426629613],[152.97444695224377,-27.872457444164255],[152.9745472302567,-27.872473038154073],[152.97464603226965,-27.87248986914403],[152.97404566443782,-27.87433337318968],[152.97399810745068,-27.87447577619331],[152.9726195408597,-27.878887295296717],[152.97276493888032,-27.878924682281813],[152.97837231260104,-27.879771172713316],[152.97884410566178,-27.879842377665508],[152.9800957288226,-27.880031279538606],[152.9813072899783,-27.880214139415713],[152.9828811361813,-27.880456849256074],[152.98353447026557,-27.880557596189796],[152.98380654330057,-27.880599557162192],[152.9840361553302,-27.880634963138927],[152.98393726338443,-27.881147406144784],[152.9842597694118,-27.881085656112948],[152.98420509044252,-27.881373926116154],[152.98564907162813,-27.881592145969677],[152.98580126464776,-27.88161516095424],[152.9862252767031,-27.881686119911212],[152.9874191357158,-27.88075745779882],[152.9877584647146,-27.880455365767215],[152.98865286272184,-27.879742025683154],[152.98919812571773,-27.87924052763245],[152.98941515371024,-27.87899399461262],[152.98975762669693,-27.87859477758145],[152.99056406264967,-27.877527437508967],[152.9915630365892,-27.876191630419353],[152.9917781045807,-27.875938459399812],[152.9919887325725,-27.875692627380616],[152.99230494356624,-27.875371597351414],[152.99266441156294,-27.875035501318013],[152.9931750515668,-27.87462612927006],[152.9937888005747,-27.874160006212172],[152.9948724955882,-27.873333066110035],[152.9963120966077,-27.872247135974256],[152.99675964560979,-27.871878220932253],[152.99716108260463,-27.87149242189502],[152.99758440258992,-27.87101241085637],[152.99782176257665,-27.870703285835017],[152.99799417656496,-27.87046326581962],[152.99821018354447,-27.870115308800663],[152.99843870051683,-27.869701175781024],[152.99873501846403,-27.869030332756584],[152.9989376964061,-27.868399231741243],[152.9991157353208,-27.867574712729837],[152.99969865405996,-27.86501857569152],[152.99984587700607,-27.864467426681113],[152.99996791797173,-27.864092543671816],[153.0000133139628,-27.86398310166813],[153.0001640389819,-27.864003389652883],[153.00099594109102,-27.864147379568283],[153.00112469507687,-27.863924912557163],[153.00294876800962,-27.861825972390687],[153.00402618186442,-27.859755135298958],[153.00339723375762,-27.859455368364422],[153.00327260773787,-27.859407036377288],[153.00387334073568,-27.85887338932124],[153.00516683576194,-27.857967100198625],[153.0061529947845,-27.85729610110497],[153.0062209367862,-27.85725118109852],[153.00610033376216,-27.85716580511127],[153.0060333907435,-27.857076569118743],[153.00599645773323,-27.857027567122795],[153.00596018072045,-27.856957599127],[153.00593089271246,-27.856920413130243],[153.0058911517048,-27.856894395134397],[153.00583467569726,-27.856883242140153],[153.0057802946913,-27.85688324914558],[153.00571963168653,-27.856898121151577],[153.0056694366837,-27.856918565156477],[153.00560062368103,-27.856956682163055],[153.00553404467868,-27.856995082169423],[153.00547106567475,-27.857019066175543],[153.00542606366966,-27.857017471180118],[153.00539007766446,-27.85700787518376],[153.0053702816587,-27.856979093186023],[153.00535588665284,-27.85694549918771],[153.00535588664758,-27.85690391718806],[153.00537027364302,-27.85685592818701],[153.00540086563927,-27.856799952184367],[153.0054170636315,-27.856724775183284],[153.00542604862602,-27.856673590182822],[153.0054224506203,-27.85663200818347],[153.00539725961275,-27.856593623186317],[153.00537385760754,-27.856572828188817],[153.0053396666019,-27.856558441192387],[153.00530547559742,-27.856552041195865],[153.0052694825934,-27.856552041199475],[153.00523349559074,-27.856561637202994],[153.0052011005896,-27.856580830206106],[153.0051741075913,-27.856617621208535],[153.00515071959612,-27.85667520721039],[153.00513811360264,-27.85673757521121],[153.00511112760563,-27.856783963213537],[153.00507333860557,-27.85681595621708],[153.00502654860261,-27.856833554221623],[153.0049797585978,-27.856835156226303],[153.00494375759223,-27.856822363230016],[153.00491497658547,-27.85679356723315],[153.00489697557896,-27.856758385235192],[153.0048645805698,-27.856713599238816],[153.00483398856298,-27.85668641224208],[153.00480519155835,-27.856675222245066],[153.00475839455265,-27.856670416249806],[153.00471880954876,-27.85667361225379],[153.0046756115452,-27.85668321625798],[153.00461442754062,-27.856699212264],[153.00449746053246,-27.856736003275458],[153.00438228952356,-27.85676479228679],[153.00424191350967,-27.856776006300745],[153.00410874249408,-27.8567680113142],[153.00403495948376,-27.856750413321738],[153.0039827754748,-27.856724827327174],[153.00393418246202,-27.856665640332558],[153.00390178745008,-27.8566000683363],[153.0038783924366,-27.856513700339327],[153.00387838542957,-27.856457724339755],[153.00389997742272,-27.85638574433813],[153.00393956942034,-27.856332964334594],[153.0039935564216,-27.856296173329454],[153.004058339427,-27.856283381323063],[153.004137523433,-27.856262579315292],[153.0042022994369,-27.856236993309007],[153.0042670894377,-27.856187402302897],[153.00430307543567,-27.856141015299663],[153.00434266843004,-27.85606265029633],[153.00438585142604,-27.855993866292533],[153.00446323342265,-27.855901099285482],[153.00453161442323,-27.85584671027903],[153.00459820042565,-27.855808324272687],[153.0046719834309,-27.85578592826545],[153.00475116843754,-27.855769924257643],[153.00486453644984,-27.85576992424628],[153.00498511646222,-27.855763524234224],[153.0050786884702,-27.855745925224983],[153.0052046554777,-27.855696334212737],[153.0052532484791,-27.85566595120809],[153.0052820304789,-27.855638756205387],[153.0052982274771,-27.855611562203975],[153.00531262247378,-27.855573176202856],[153.00530902346682,-27.855520396203623],[153.00529281845849,-27.855469218205666],[153.00522082341993,-27.855227700214808],[153.00521363341267,-27.855176522215878],[153.00522442940905,-27.855138129215153],[153.00524421840743,-27.855109340213396],[153.00527840940921,-27.855093344210086],[153.0053215924135,-27.85509014820576],[153.00537738941836,-27.855080544200213],[153.00541877742165,-27.855070948196158],[153.00544937042176,-27.855045355193315],[153.00546016541705,-27.85499896819255],[153.0054583624101,-27.854946188193185],[153.0054457564013,-27.85488701519489],[153.00544035438966,-27.85480064119614],[153.00543494536575,-27.854616701198136],[153.00541875535689,-27.854560724200198],[153.00537554934363,-27.85449355020504],[153.00534496533703,-27.854467957208332],[153.00531256933243,-27.854459963211657],[153.00528378032928,-27.854459963214534],[153.00525498432722,-27.854467965217324],[153.005215399326,-27.854491963221122],[153.00516320832637,-27.854539945225994],[153.0050894323256,-27.854597523232954],[153.00494547231716,-27.854655116246942],[153.00486808331172,-27.854679107254483],[153.00481769430584,-27.854675910259548],[153.00478170830013,-27.85466151626326],[153.0047583062935,-27.854629531265907],[153.00474391128708,-27.85459114526762],[153.00473131227756,-27.85452716726945],[153.0047349042692,-27.85445838326961],[153.00474030526001,-27.854381620269653],[153.0047672912547,-27.85431603226746],[153.00478888325134,-27.854271254265637],[153.0048392712501,-27.854218467261024],[153.00490945625168,-27.854170478254375],[153.00498683825444,-27.85412570024697],[153.00503002125348,-27.854080907242942],[153.00505701524992,-27.85402972224068],[153.00505520424082,-27.853959343241403],[153.00504440823337,-27.853909767242886],[153.0050210132224,-27.853844195245713],[153.00500121020767,-27.853745027248518],[153.0050048011971,-27.853658653248814],[153.00499940718106,-27.853537097250328],[153.00497960317423,-27.853500306252617],[153.00495080616795,-27.853474720255704],[153.00490941916115,-27.85345712226],[153.00486443215624,-27.853457122264505],[153.00481764215186,-27.853463530269142],[153.004765458147,-27.853469930274343],[153.0046916751402,-27.85347952628166],[153.00463049113412,-27.853484324287717],[153.00455130612545,-27.853484324295646],[153.00444693911248,-27.853471539306263],[153.0043731561017,-27.853450752313844],[153.0043425630951,-27.853425159317077],[153.0043245630897,-27.853397972319105],[153.00432276708506,-27.853362783319536],[153.0043335560814,-27.853324397318804],[153.00435695107967,-27.8532908033167],[153.00439833808096,-27.853265210312735],[153.00446852308485,-27.853236413305936],[153.00452431308696,-27.85320442830055],[153.00457649708935,-27.853178835295562],[153.00462868108946,-27.85313405029068],[153.0046646670874,-27.853087663287443],[153.0046916600839,-27.853036477285116],[153.0047312450835,-27.85299968628143],[153.00480682408818,-27.852970897274083],[153.00490580509526,-27.85294210826438],[153.00494357909477,-27.852905317260866],[153.00495618608903,-27.852849341260047],[153.00495798108378,-27.852806150260243],[153.00494538207627,-27.85275816826186],[153.00491479006803,-27.85271978326524],[153.0048715920601,-27.852694197269795],[153.00479780904874,-27.852668605277366],[153.00472582903893,-27.852652608284703],[153.00465925002916,-27.85263341629157],[153.00458546701546,-27.852588638299324],[153.00451348700372,-27.85255825430676],[153.00445949299674,-27.85255025231229],[153.00441991499392,-27.852561450316138],[153.00436952699476,-27.8526110423208],[153.0043029409944,-27.852665423327032],[153.00423096099115,-27.852702214333956],[153.0041535869853,-27.852723009341585],[153.00410319898,-27.852724603346644],[153.00406000797295,-27.85270541835107],[153.0040330139648,-27.85266543135413],[153.00402401395857,-27.852623842355378],[153.0040168089501,-27.852563067356556],[153.0040024149404,-27.852499089358496],[153.00396822392594,-27.85241431636257],[153.00391963090553,-27.85229595736839],[153.00390703189362,-27.852212786370337],[153.00391062288608,-27.852150409370463],[153.00394121587988,-27.852075233367984],[153.0039825958732,-27.851987272364525],[153.00403837887106,-27.851921684359436],[153.0041103588705,-27.851856104352724],[153.0041589438696,-27.851806528348256],[153.0041769438666,-27.851768142346728],[153.00417873986316,-27.851739353346765],[153.00416254985714,-27.851705759348658],[153.0041337528503,-27.851676970351786],[153.00407975883942,-27.851636982357544],[153.00399337681833,-27.851545817366915],[153.00391419179792,-27.85145305037558],[153.00383681777652,-27.85135069438413],[153.003750428748,-27.851200349394038],[153.00370004773677,-27.851155563399402],[153.00364785572742,-27.851126767404857],[153.0035956727199,-27.851112380410203],[153.0035362907124,-27.851104385416246],[153.00346070470476,-27.851109191423777],[153.0033797246971,-27.851118787431805],[153.00314039667643,-27.851161971455518],[153.00303062766852,-27.851193971466273],[153.00290106965994,-27.851237154478923],[153.00280569465153,-27.851253151488347],[153.00274810864525,-27.85125315149411],[153.0026923266377,-27.851241953499827],[153.00265812862995,-27.851209975503465],[153.0026293316213,-27.85116678450672],[153.00260234560906,-27.85109320951003],[153.0026041416015,-27.851032427510322],[153.00262573359586,-27.850970051508643],[153.00265272659337,-27.850926868506264],[153.00273550259243,-27.85084849549858],[153.0028434615905,-27.85073972448861],[153.00293344258768,-27.850640557480343],[153.00296943558104,-27.850557386477416],[153.00299282356534,-27.85041343347618],[153.0030216125622,-27.85036385747372],[153.00306479556002,-27.850309468469796],[153.00312418456238,-27.850277482464076],[153.00321955156912,-27.850248686454766],[153.00352726059563,-27.850192702424376],[153.0035848386013,-27.850187904418604],[153.00362983260771,-27.850199095414],[153.00368202461667,-27.850224688408538],[153.00370720762277,-27.850251875405792],[153.00373241263188,-27.850301458402914],[153.00373241263736,-27.850344642402533],[153.00371621464026,-27.8503814334039],[153.00368741864253,-27.850424617406446],[153.00362804464604,-27.850502989411797],[153.003563262653,-27.850613355417433],[153.00355607265786,-27.8506581404178],[153.00357046666474,-27.85069972941599],[153.00359386167082,-27.85072691641345],[153.00363704567815,-27.850747704408974],[153.00368024368342,-27.8507525094046],[153.00372702568836,-27.850750900399873],[153.00379180169395,-27.850739702393494],[153.0038637816994,-27.850720509386413],[153.0039915517055,-27.8506581253741],[153.0041121167109,-27.850597351362463],[153.0041930967135,-27.850547760354747],[153.00425787271357,-27.850493378348702],[153.00429745771007,-27.85043099434517],[153.0043226477049,-27.85036862534317],[153.0043298446977,-27.850306242342924],[153.00434063369056,-27.8502406693424],[153.00435682368544,-27.850186280341195],[153.0043964156837,-27.850138291337583],[153.00444140268414,-27.85010310233334],[153.00452597368852,-27.85006471632514],[153.0045943626941,-27.850050322318452],[153.0046771387019,-27.850040725310183],[153.00474191470678,-27.850023127303825],[153.00478150670767,-27.849995932300086],[153.0048084857064,-27.849962345297637],[153.00482288670096,-27.84990795629662],[153.0048282816959,-27.84986317129642],[153.00482647869077,-27.849824793296904],[153.00481028868296,-27.849776811298888],[153.00477429467293,-27.849728829302915],[153.00472570165977,-27.849666453308263],[153.0046339176361,-27.849559291318318],[153.00456914262247,-27.849508106325192],[153.00444138059805,-27.849424935338696],[153.00427582056795,-27.849330581356053],[153.00415345254603,-27.849263406368834],[153.0040760705348,-27.84924101737679],[153.00401488652662,-27.849229819383034],[153.00394651252003,-27.849236227389838],[153.00389252551614,-27.849252216395087],[153.00381874951233,-27.849285810402208],[153.00375396751136,-27.849333792408338],[153.00368019851248,-27.849405765415167],[153.00360101450926,-27.84944895642282],[153.00351431950224,-27.849468223431323],[153.0034091554908,-27.849468230441914],[153.0032873824737,-27.849438711454354],[153.00320158946286,-27.84942641846306],[153.00310473145103,-27.849416583472838],[153.00303276644433,-27.849426418479986],[153.00294975243935,-27.84945839548807],[153.00287225843553,-27.8494952984955],[153.00279477243095,-27.849524817503053],[153.00270897942337,-27.84953957751154],[153.002659164417,-27.84953219351664],[153.0026204144099,-27.849510058520654],[153.00258444240256,-27.84948300552448],[153.00255676439463,-27.849443643527565],[153.00254846438736,-27.849394447528812],[153.00255399938237,-27.849350176528585],[153.00257889937893,-27.849300972526482],[153.00262872137776,-27.84924931752189],[153.00269790037936,-27.84920257251529],[153.002814129383,-27.849131233504217],[153.00285841538255,-27.849089420500107],[153.0028805513806,-27.84905497649816],[153.00289162237559,-27.849005788497447],[153.00288885136965,-27.84896150949808],[153.00287777936342,-27.848922147499493],[153.00285010035662,-27.848892628502497],[153.00280582934775,-27.848860658507174],[153.00270619233254,-27.84882621451746],[153.00261486332036,-27.848809003526743],[153.00252077730912,-27.848801619536225],[153.0024211412983,-27.848801619546215],[153.00226339727823,-27.848779491562254],[153.0021665392639,-27.8487499725722],[153.00204753124376,-27.848693400584587],[153.00190638821735,-27.848607301599422],[153.00169329317416,-27.848449877622034],[153.0016130361532,-27.848353944630833],[153.00155767813303,-27.84824325063726],[153.00154384211905,-27.848144858639422],[153.00153553510822,-27.848066135640888],[153.00152446310202,-27.848026789642315],[153.00149679209525,-27.84799727064531],[153.0014497410879,-27.84798004465015],[153.0013860910806,-27.847977585656537],[153.00131137707433,-27.847992352663947],[153.0011895970661,-27.848031706675815],[153.00111211805722,-27.848029247683627],[153.00105399604686,-27.847997270689714],[153.00102078903763,-27.847952991693376],[153.00100694602577,-27.847871817695427],[153.00100694601764,-27.847807853695922],[153.0010235460079,-27.84771684569496],[153.0010401529907,-27.847566797694498],[153.00103738898008,-27.847485623695412],[153.0010290819701,-27.847414284696775],[153.00097650295092,-27.8473085087029],[153.00094052394107,-27.847261778706855],[153.00087687392787,-27.847212574713634],[153.00080769491842,-27.84719781472069],[153.00071912990785,-27.847190438729655],[153.0005973648958,-27.847200280741777],[153.0004396138827,-27.847232258757323],[153.00031784887187,-27.84725193576939],[153.00015180585103,-27.84723102878625],[152.99997606882738,-27.8471953638041],[152.99985706781467,-27.847197814816024],[152.99966058879662,-27.847224874835565],[152.99948482177854,-27.847233070853132],[152.99934550376062,-27.847212283867222],[152.99930197675246,-27.847185498871816],[152.9992627427393,-27.847115962876288],[152.99925818973787,-27.8471080948768],[152.99926248873663,-27.847094370876476],[152.99927046173497,-27.847075080875822],[152.9992855267325,-27.847042395874624],[152.99932144572995,-27.846991358871374],[152.99933894672307,-27.846921882870205],[152.99934477371565,-27.846858626870098],[152.9993354527053,-27.846785007871606],[152.9993226156984,-27.846741458873247],[152.99930161169118,-27.846703088875632],[152.99918962965856,-27.84654236488818],[152.99912429564262,-27.846472887895256],[152.99904847062825,-27.846425189903243],[152.99896913761648,-27.846400296911405],[152.9988688156031,-27.846381632921567],[152.99875448559024,-27.846378518933083],[152.9986459985776,-27.846371731944007],[152.99854155556827,-27.846388614954346],[152.99838013155465,-27.846419966970302],[152.99824313054552,-27.84646578798367],[152.99816581554322,-27.846514037991017],[152.99811986054664,-27.84658071999511],[152.99809186154917,-27.846625304997588],[152.9980720355535,-27.846676117999188],[152.99805103156316,-27.84677047900054],[152.99804285857732,-27.846888683000408],[152.99804636758972,-27.846983051999345],[152.99806152960053,-27.847055627997204],[152.99808835961244,-27.847126147994008],[152.99811285662554,-27.847209094990877],[152.99812101563552,-27.84728064998948],[152.9981151886453,-27.84736256898945],[152.99810001965366,-27.847441373990325],[152.99807901665608,-27.847477665992155],[152.9980498476582,-27.847520185994767],[152.99800901865706,-27.84754609999864],[152.99795185765436,-27.847574106004135],[152.99785385964722,-27.84760209801377],[152.99772787063645,-27.847625947026224],[152.997494548616,-27.847665346049297],[152.99738722260727,-27.84768918805988],[152.99722272859518,-27.847734808076005],[152.99713522858886,-27.84776073608459],[152.9970419025836,-27.847799099093628],[152.99692523457816,-27.847857161104873],[152.9968272445759,-27.847923531114187],[152.9967187415754,-27.848012700124343],[152.9966872475739,-27.84802825612738],[152.99666041057154,-27.848032399130037],[152.9966289175674,-27.848027213133243],[152.99660091756206,-27.848008557136176],[152.99658341655672,-27.847981586138197],[152.99657291855038,-27.847941144139558],[152.99656942454527,-27.847903817140175],[152.99657525854332,-27.847883082139735],[152.99658926554156,-27.847857154138563],[152.99669542153617,-27.847723394128945],[152.9967164245338,-27.847687102127118],[152.99672108852982,-27.847651846126954],[152.99672108852062,-27.84757926212751],[152.9967292615137,-27.847518085127216],[152.9967455935082,-27.84746000812601],[152.99677710150087,-27.84737499012354],[152.9968435994936,-27.84726092911773],[152.9968739234882,-27.847192495115273],[152.99691709147652,-27.847062877111956],[152.9969182614706,-27.84701517911222],[152.9969042694622,-27.846961251114028],[152.99687860944806,-27.846872083117336],[152.9968424444357,-27.84680570612147],[152.99670130039365,-27.846596247137246],[152.99661846536821,-27.84646663014656],[152.99659280535963,-27.846421002149548],[152.99658114535185,-27.8463701891511],[152.9965613113361,-27.84626338515392],[152.99654498732835,-27.84621569415593],[152.99651347831545,-27.84614102415967],[152.99647732830684,-27.846104733163628],[152.99638866628962,-27.846044592172966],[152.9963128422766,-27.84600830018087],[152.9961658492533,-27.845950215196023],[152.99610166324175,-27.845914765202764],[152.99603655223214,-27.84589546120946],[152.99594024621973,-27.84587979221925],[152.99582358421148,-27.845915957230638],[152.9957788292109,-27.845949731234832],[152.99574491421117,-27.845981090237988],[152.99564199921255,-27.84608036924757],[152.99557896021494,-27.846153437253307],[152.99551592021922,-27.84624113025891],[152.99539534022952,-27.846426262269564],[152.99533778422972,-27.846477411274904],[152.99523090622455,-27.846528551285257],[152.9950971232139,-27.846560224298404],[152.9948026021911,-27.84663362032736],[152.994634695176,-27.846659302344],[152.99453560316698,-27.84667275035383],[152.99449706816256,-27.846671528357728],[152.9944585341569,-27.846660516361666],[152.99439660514665,-27.846632375368056],[152.99430576713303,-27.84660301337744],[152.99427136012875,-27.84659934738091],[152.99424246712618,-27.84660424238373],[152.99420667412403,-27.846617690387227],[152.99415299312093,-27.846639714392488],[152.99405941411814,-27.846698425401385],[152.9939451741134,-27.846759587412322],[152.99384608110873,-27.84680728542189],[152.9936988130994,-27.84686110843626],[152.9936134890929,-27.84688312544462],[152.99349512908182,-27.846897795456357],[152.99338364607183,-27.846914916467444],[152.99332584406815,-27.84693571847308],[152.99327766906745,-27.84697119047761],[152.9932019710689,-27.847048252484576],[152.9931125040668,-27.84710819249305],[152.9930161610619,-27.847152225502434],[152.99292533105637,-27.847187697511245],[152.99283311504897,-27.847208491520338],[152.992764302043,-27.847220718527097],[152.9927271380376,-27.847209706530943],[152.99266108902398,-27.847159541537962],[152.99262392501404,-27.847113057542057],[152.99259641000398,-27.847058012545233],[152.99259091199255,-27.846972375546436],[152.99258402697913,-27.84687206054791],[152.99258403496805,-27.846785209548596],[152.99260193896353,-27.846733830547258],[152.99264735696013,-27.846667773543185],[152.99269965295957,-27.846618845538313],[152.99274919896078,-27.846585817533647],[152.99285380496744,-27.846547893523425],[152.9928744509662,-27.846520989521604],[152.99287582196328,-27.846496521521665],[152.99286756695975,-27.846475719522616],[152.9928510559553,-27.846454932524445],[152.9928083939454,-27.846413328529053],[152.99269141991869,-27.846303224541675],[152.99265014390468,-27.846228599546368],[152.9926446378946,-27.846153981547527],[152.99266391188618,-27.846070795546268],[152.9926969408829,-27.846016972543342],[152.99273686088375,-27.845988839539572],[152.9927795228876,-27.845982729535308],[152.99281392189198,-27.84598762453186],[152.99294192291185,-27.84603410951864],[152.9930588979302,-27.84607816450661],[152.99314834894136,-27.84608916849754],[152.99318551294465,-27.84608305949384],[152.99320753694536,-27.846069603491745],[152.9932295529445,-27.846043914489762],[152.9932557119416,-27.845998651487506],[152.9932956319274,-27.845851852484603],[152.99329701091665,-27.845766230485165],[152.99328462790967,-27.845722183486735],[152.9932515919011,-27.845683037490346],[152.9932089448929,-27.84565489649488],[152.99314837888318,-27.845630429501128],[152.9930121378636,-27.84559372751509],[152.99290616084443,-27.84553378052619],[152.99285250183073,-27.845471389532033],[152.99283322682098,-27.845411441534445],[152.9928263568089,-27.845322131535863],[152.99283324179484,-27.84520592453606],[152.99283738378503,-27.845125182536336],[152.9928717987727,-27.84499795653386],[152.992903448765,-27.844909883531354],[152.99294887476114,-27.844840161527376],[152.99303971975283,-27.84469703551938],[152.9930631217487,-27.844644434517452],[152.9930644927447,-27.844611398517586],[152.99306037274096,-27.844585716518203],[152.99304798173762,-27.84456980951959],[152.99302872273392,-27.84455757552155],[152.9929805467259,-27.844535558526577],[152.99291036271168,-27.844484164534048],[152.9928401776953,-27.84441566454162],[152.99272743567238,-27.844331465553584],[152.99263655365021,-27.84423498056344],[152.9925972296306,-27.844114370568352],[152.9925443156086,-27.843986264574642],[152.99242184257608,-27.84383578558811],[152.9923310125533,-27.843734248598025],[152.99211359849227,-27.84344063662214],[152.9920021304658,-27.843328080634226],[152.9919209334467,-27.843247346642997],[152.991904423441,-27.843216761644857],[152.99190992943872,-27.843193515644522],[152.99192920343881,-27.843177616642702],[152.99196223244147,-27.843170277639423],[152.99202416144777,-27.843166611633237],[152.99218105546174,-27.843142151617744],[152.99229528047132,-27.843118912606442],[152.99239161647714,-27.843082226597094],[152.99245475247642,-27.843022301591212],[152.99251985547315,-27.84294030058533],[152.99262159347674,-27.842881209575626],[152.99273689848826,-27.842872768564153],[152.99286033150082,-27.8428655415518],[152.99300546151267,-27.84283418953749],[152.99314247051848,-27.842761843524347],[152.99329032651806,-27.842631592510525],[152.9933770295187,-27.842562362502388],[152.9934169425194,-27.842533006498623],[152.99344722151793,-27.842495083495844],[152.993456854514,-27.842455937495192],[152.9934513485092,-27.842422909496044],[152.99343483850336,-27.842391103497917],[152.99340456749647,-27.842362962501205],[152.99335089348722,-27.84233605050677],[152.99326965247337,-27.84229706951524],[152.9932425254659,-27.84226088151822],[152.9932370934594,-27.84221505351914],[152.99324659345513,-27.84217284551854],[152.99326558445037,-27.842118575517055],[152.99330628744866,-27.84207033351335],[152.99331849144733,-27.842049829512277],[152.99331578643762,-27.841975055513156],[152.99328730342816,-27.84192561351641],[152.9932127004128,-27.841868921524295],[152.99310690939376,-27.841809816535385],[152.99290481236227,-27.841735042556262],[152.99286818535555,-27.8417133315601],[152.9928003773409,-27.8416566395673],[152.9927705383301,-27.841597541570813],[152.99273391831483,-27.841508298575135],[152.99267935829425,-27.84139284458155],[152.99261330827795,-27.841321885588716],[152.99252248625908,-27.84125093359838],[152.99244817324674,-27.84121789760611],[152.9923897092383,-27.841201334612133],[152.99231510622295,-27.841144643619998],[152.99222559520112,-27.841049365629768],[152.99216727218703,-27.84098906063606],[152.99208860817515,-27.84096252164419],[152.9920302851693,-27.840967341649954],[152.9919529631674,-27.841017990657306],[152.9918797171731,-27.841126530663846],[152.99187021017974,-27.84118682066427],[152.99187834618812,-27.84124592666304],[152.99188667519985,-27.841331622661514],[152.99188116920362,-27.841365888661798],[152.99186327320595,-27.84139890966331],[152.9918385002049,-27.841412364665658],[152.99178482620042,-27.841423376670996],[152.9917284031949,-27.841428264676633],[152.99168436218932,-27.84142214068105],[152.99153848717054,-27.841400116695898],[152.9914655541606,-27.841384201703317],[152.991373353146,-27.841348729712866],[152.99120269711912,-27.841283878730415],[152.99104856709414,-27.841219036746423],[152.99093160007308,-27.841154186758658],[152.99088618906336,-27.84111626276348],[152.99087931206006,-27.841096697764343],[152.99088206905856,-27.84108200576419],[152.9908875750579,-27.841072222763717],[152.9909316080585,-27.841039201759596],[152.9909605160598,-27.8410245167568],[152.9909921590633,-27.841024516753652],[152.9910389560698,-27.841035535748873],[152.99107610407611,-27.841053886745],[152.9911215160855,-27.84108814474014],[152.99115042408957,-27.84109548373721],[152.991172440092,-27.841095483735014],[152.99122510909737,-27.841093114729727],[152.99130106710206,-27.841064168722347],[152.99138380610333,-27.841003879714506],[152.99139060109397,-27.840923077714436],[152.99132685407778,-27.84085070172141],[152.99121280806193,-27.840824155733042],[152.99096594803095,-27.840792781758093],[152.99084658901887,-27.840800015769965],[152.9907624870131,-27.840826539778185],[152.9906702490079,-27.840865126787158],[152.9905183319959,-27.84090129880211],[152.9904342369853,-27.840890428810592],[152.9903300329637,-27.840809828821676],[152.9902877579544,-27.840772232826254],[152.99026063094541,-27.84072519682933],[152.99026878193385,-27.84062751282925],[152.99028912892618,-27.84054911782783],[152.99033117992454,-27.840499675824027],[152.99037770192592,-27.84047107981959],[152.99042326192819,-27.84044899681517],[152.99048310493188,-27.840427322809358],[152.9905739799373,-27.840391150800514],[152.990662157938,-27.84032119679225],[152.99069471693227,-27.84024763778958],[152.99070963992347,-27.840165628788686],[152.99067438390992,-27.840089647792823],[152.99058622889575,-27.840053452801985],[152.99046956687994,-27.84002932781382],[152.990411243875,-27.84004018381962],[152.99034460586748,-27.840038432826287],[152.99031146586339,-27.840034751829634],[152.9902431218541,-27.84002002183663],[152.99009815583327,-27.83998134585143],[152.98991382080806,-27.83994083787026],[152.98984547679876,-27.839926099877225],[152.98981647879344,-27.839909529880245],[152.98966601477042,-27.839857144895735],[152.98949239374835,-27.839833004913334],[152.9893445447313,-27.839825755928253],[152.98909633570602,-27.839840216952986],[152.98884133167684,-27.83982933197865],[152.9887748726662,-27.839802800985517],[152.98872689866036,-27.839798195990348],[152.9886875596575,-27.83980904399425],[152.9886658556591,-27.83984040399616],[152.98866312966592,-27.839897087995993],[152.98866312167357,-27.83995738499553],[152.98864819867595,-27.83998874499677],[152.98852611268012,-27.84012622300792],[152.98835383368422,-27.840307116023755],[152.98833166068576,-27.840338497025712],[152.98829624769522,-27.840443305028444],[152.98827552070554,-27.840542725029767],[152.98822706173124,-27.840787104032678],[152.9882056937404,-27.840877852034094],[152.9881487037527,-27.841023474038654],[152.98813445076664,-27.841145887039158],[152.98813207377177,-27.841188095039033],[152.98812492180315,-27.841441362037763],[152.988117798813,-27.84152578503784],[152.98810320282072,-27.841598323038713],[152.98808228182313,-27.841636217040506],[152.98803584982315,-27.841676115044866],[152.98801729781897,-27.841659202046838],[152.98749198769826,-27.84115942510342],[152.9869291335991,-27.840862251162207],[152.98676723160563,-27.84105244917693],[152.98481064340257,-27.84113667837236],[152.98460871739806,-27.84127421639157]]]}},{"type":"Feature","id":"2027-01-11-cedar-vale","properties":{"collectionId":"2027-01-11","areaId":"cedar-vale","areaName":"Cedar Vale","startsOn":"2027-01-11","endsOn":"2027-01-22","putOutFrom":"2027-01-09"},"geometry":{"type":"Polygon","coordinates":[[[153.0311742202715,-27.90254049623739],[153.03148388130236,-27.902516863206458],[153.0317649473242,-27.902447223178797],[153.03356365138586,-27.901384017006514],[153.03679059356008,-27.899978443693485],[153.037066511566,-27.899787999667268],[153.03758516151532,-27.89894382662187],[153.03805433952067,-27.898582256577594],[153.04168502963682,-27.896373547230294],[153.04352393678042,-27.895921445049105],[153.04385535379257,-27.895731366017255],[153.0440029867823,-27.89552374800408],[153.04590640990497,-27.894852338818122],[153.0460270869015,-27.894720903807062],[153.04532780549343,-27.89211623289782],[153.04396170423882,-27.89128898004157],[153.04388050011323,-27.89037194705693],[153.04418345498289,-27.889088056036652],[153.04344253179875,-27.888277574117453],[153.04333051277737,-27.888205699129262],[153.04260214362733,-27.887652970206794],[153.0423712125739,-27.88743091323172],[153.04204263549403,-27.88708559326749],[153.04187832044263,-27.886822923286015],[153.04171399038685,-27.8865262113049],[153.04158256235706,-27.886404618319062],[153.04147851533142,-27.886292755330413],[153.0414401373068,-27.886132217335504],[153.04146681728392,-27.885929204334417],[153.0414667652648,-27.885779089335607],[153.04145734825457,-27.88570681133713],[153.041416667242,-27.88564287834175],[153.04128836120879,-27.885492793355787],[153.04113189116907,-27.88531491837289],[153.04100672913768,-27.88517595038656],[153.04082524009704,-27.88501198540607],[153.04063750805602,-27.884850799426232],[153.03994990091968,-27.884370512499064],[153.03974965187763,-27.884212105520433],[153.03957132984465,-27.88410651653918],[153.0394430678243,-27.884056515552498],[153.0392053047831,-27.883937045577287],[153.03904574375434,-27.883848122594003],[153.03892998373004,-27.883756421606353],[153.0388611407112,-27.883667468614007],[153.03882045269685,-27.88358963961868],[153.03880163968168,-27.883486784621365],[153.03881099767284,-27.883408940621063],[153.03883091366475,-27.883328489619668],[153.0388903016579,-27.883222832614585],[153.0388934016465,-27.883131086614977],[153.0388871126377,-27.883067145616103],[153.03884018162543,-27.88301156462124],[153.0387810916146,-27.88297647162744],[153.0386152785833,-27.882873661644908],[153.03840254154414,-27.882748618667314],[153.03827112151387,-27.882623545681508],[153.03819600548766,-27.882481783690103],[153.03815645746246,-27.882317773695384],[153.03813446342363,-27.88203143269984],[153.03818129739827,-27.881792336697046],[153.03822498836988,-27.88153099969467],[153.03825932034528,-27.881308584692977],[153.03829056033203,-27.881177916690874],[153.03829364531788,-27.881063930691493],[153.03828421230065,-27.880936055693414],[153.0382612722905,-27.88087602669619],[153.03822682827368,-27.880773171700497],[153.03815173425474,-27.880689791708665],[153.03800470423093,-27.880628673723947],[153.03786706921093,-27.880589781738056],[153.03773257119275,-27.880562028751797],[153.03761681917447,-27.88051757076378],[153.03751357615295,-27.88043698577476],[153.0374353451305,-27.880328571783455],[153.03737587510915,-27.880211828790365],[153.03731638907936,-27.880028365797813],[153.03726939904595,-27.879805973804256],[153.03722555902385,-27.87966976180978],[153.03720483901546,-27.879621772812172],[153.03714536899088,-27.879480002819303],[153.03709842297303,-27.87937993482482],[153.0370889829547,-27.879243715826817],[153.03710459894336,-27.879140852826065],[153.0371326949308,-27.87901852182421],[153.03713265791566,-27.87889897682512],[153.03713261290008,-27.878776645826107],[153.03711067888173,-27.878651550829314],[153.03707772487073,-27.878592869833092],[153.03707261386614,-27.878562009833807],[153.03705523185684,-27.878503909836024],[153.03702661384838,-27.87846217183923],[153.03698063583624,-27.878405897844317],[153.03694180382348,-27.878338730848746],[153.03692237981394,-27.878280638851162],[153.0369193028081,-27.878237067851803],[153.03692847480204,-27.878181694851303],[153.03694479879817,-27.87813719985003],[153.03696829079857,-27.87811995184779],[153.03702650180145,-27.878092831842146],[153.03708903480265,-27.8780483368362],[153.03714844580165,-27.877989938830734],[153.03720471979653,-27.877900956825773],[153.03723596779182,-27.87783700882313],[153.03722655777955,-27.877748048824795],[153.03719838676932,-27.877692459828086],[153.03712016274943,-27.87760351483662],[153.0370638447359,-27.87754514684274],[153.03703254472222,-27.877464531846513],[153.03704189471264,-27.87738113784623],[153.03706376270654,-27.877314409844523],[153.03712004370345,-27.877242109839436],[153.03720760270664,-27.877192048831073],[153.03728577470955,-27.87714753882356],[153.0373264247076,-27.877097485819895],[153.03735142170154,-27.877027979817914],[153.03734826969193,-27.876955693818783],[153.0373451186831,-27.87688898181964],[153.03733570867433,-27.876827827821085],[153.0373102496649,-27.876775188824023],[153.03723358364226,-27.876663303832643],[153.03713503462163,-27.87658549684312],[153.03699269859607,-27.87650769085804],[153.03682847257264,-27.87646394087485],[153.03666425454603,-27.876395879891906],[153.03655475352045,-27.876288874903732],[153.03647261149726,-27.87617699691288],[153.03633026846745,-27.876065140928066],[153.03620433843815,-27.875943547941645],[153.0360893534089,-27.875812216954245],[153.03600172737893,-27.875651685964314],[153.03593282435372,-27.87551221897235],[153.03588071533846,-27.87543779497817],[153.03584495232818,-27.87538696698211],[153.03579999531462,-27.875318898987206],[153.0357958973081,-27.875271691987958],[153.03580098630454,-27.87523901398776],[153.035817318302,-27.875205425986362],[153.03585108430008,-27.87516085698332],[153.03588386628007,-27.874975977981457],[153.03593306226014,-27.874776503978087],[153.035965852247,-27.874645134975868],[153.0359822292302,-27.874499170975348],[153.0360916482255,-27.87436778696542],[153.03621471722295,-27.874242103954014],[153.03626159621288,-27.874122551950247],[153.03622090119424,-27.87401135195523],[153.03616771117993,-27.87394465396108],[153.03609576116853,-27.873916862968557],[153.0360269551586,-27.873897416975602],[153.03595814114863,-27.873877985982674],[153.0359174611389,-27.873836284987107],[153.03591743913148,-27.873777902987534],[153.03588928312158,-27.873725092990778],[153.03582672811405,-27.873719549997112],[153.0357516561048,-27.87371122700469],[153.0356734690938,-27.873691796012704],[153.03558901008063,-27.873661234021412],[153.03556083906878,-27.873591735024853],[153.03555768705928,-27.873519449025686],[153.0356014670583,-27.873474962021692],[153.03570777906356,-27.873424894011396],[153.03578595106256,-27.87334981500413],[153.03576715304894,-27.873258068006734],[153.03570144603214,-27.873183033013923],[153.0356044690148,-27.873130239024096],[153.03551689500316,-27.873113579032985],[153.03543244999392,-27.87311360104145],[153.03538241998987,-27.873124733046392],[153.03532925998937,-27.873166448051414],[153.03527923699139,-27.87322483905601],[153.03524173099822,-27.8733110340591],[153.0351635589939,-27.873344413066686],[153.03502906097782,-27.87333332608026],[153.0349164679623,-27.873308337091768],[153.03480073094258,-27.873252771103818],[153.03474768293214,-27.87321633010947],[153.034666329912,-27.873127392118306],[153.03459124989521,-27.873060687126376],[153.03453493888057,-27.87299398213256],[153.03445359286283,-27.872924498141288],[153.03437226284908,-27.87288559914976],[153.03427529283454,-27.872855044159696],[153.03420024382706,-27.872860617167206],[153.0341220718257,-27.872916243174632],[153.03405953882802,-27.87298853618036],[153.033993884831,-27.873069181186285],[153.03392198683662,-27.87317483819267],[153.03383756383485,-27.87323323520072],[153.0337124538208,-27.873230486213284],[153.03360611180744,-27.87321661322408],[153.03348725279085,-27.873188845236243],[153.03340593678234,-27.87319164624438],[153.03329022977366,-27.873222246255764],[153.03317452176802,-27.873277879266915],[153.03304318276113,-27.873336299279654],[153.03295247974972,-27.87332519828887],[153.0328964517392,-27.873289592294807],[153.03283388172076,-27.873199052301757],[153.0327659317026,-27.873114875309227],[153.03270336969018,-27.873070403315907],[153.03263366167928,-27.87304500432308],[153.03253537366976,-27.87305456333291],[153.0324424506638,-27.87308794234197],[153.0323352286576,-27.873130857352393],[153.03219227465092,-27.873200788366194],[153.03202608964347,-27.873285024382245],[153.03193316563636,-27.873308881391353],[153.03188669662924,-27.873293004396125],[153.0318705956252,-27.873275532397926],[153.03186522361722,-27.873216755398925],[153.03187948460214,-27.873086481398527],[153.03191875658743,-27.8729371493957],[153.03193123557406,-27.87282117439541],[153.0319365705613,-27.87271632939566],[153.03189364054515,-27.872625782400696],[153.03179712553256,-27.872609927410537],[153.03157909951057,-27.87262427743228],[153.03142362849718,-27.872652902447683],[153.03119128947324,-27.872664071470943],[153.03107154445817,-27.87264821648308],[153.03091357642637,-27.872534565499855],[153.03052136334645,-27.872242621541506],[153.0300011862385,-27.871840819596883],[153.02992431121902,-27.871753468605327],[153.02975446717028,-27.871516793624235],[153.02967222814937,-27.871423087633268],[153.02956970012826,-27.871344930644163],[153.02949606611847,-27.871331482651645],[153.0293584541013,-27.87131483866562],[153.02919894508636,-27.871334321681445],[153.02906134707425,-27.87135659869513],[153.02896127106757,-27.87138996970486],[153.0287634730562,-27.87147063672411],[153.02848437403796,-27.87156800075137],[153.02828735902582,-27.871641015770575],[153.02807939101356,-27.87172376279082],[153.02788784399945,-27.871777316809613],[153.0277619659913,-27.8718211338219],[153.02759777797266,-27.87181630583845],[153.0274992439564,-27.87177253384864],[153.02746090993924,-27.871670371853302],[153.02747729392553,-27.871548740852653],[153.02752653491913,-27.8714562938484],[153.0276852249198,-27.87132491083351],[153.02789315592082,-27.871154582814007],[153.02798615390935,-27.870984292805957],[153.02800800689135,-27.87082373980504],[153.0279806108716,-27.87069238580887],[153.02792584184652,-27.87054157881553],[153.02782728481534,-27.87038105582667],[153.02772325978725,-27.870249716838206],[153.0276082897561,-27.87010378285083],[153.0275480517341,-27.86998216685785],[153.02756443571488,-27.869816756857535],[153.02759942370434,-27.86970466285489],[153.0275712526847,-27.869574001858773],[153.02748992267013,-27.869529543867245],[153.02738670965746,-27.869518442877713],[153.02720219564117,-27.86954904989596],[153.02709273162927,-27.86954907190697],[153.02699890661617,-27.869526854916582],[153.02690506659889,-27.869471272926422],[153.02682685057616,-27.869360080935174],[153.0267642735538,-27.869237771942426],[153.02671107553203,-27.86911267694877],[153.02659846750808,-27.869020967960783],[153.0264827394884,-27.868965385972846],[153.02635450746985,-27.86892926598598],[153.02619446144828,-27.868897601002317],[153.02602110142544,-27.868867456019995],[153.02572799538476,-27.86879920104989],[153.02559574736426,-27.86875155506356],[153.02540093733526,-27.86869122708358],[153.02525974831713,-27.868669017097936],[153.0250855762963,-27.868655196115558],[153.024951078277,-27.868619068129316],[153.02485723825683,-27.868541255139384],[153.02474776723426,-27.86845786815101],[153.02463828021345,-27.868388384162543],[153.0245475771972,-27.86833836017204],[153.02444123518137,-27.868305019182966],[153.02435053917142,-27.868305034192083],[153.02425672916618,-27.868343978201175],[153.02418167916497,-27.868399589208313],[153.0241253971677,-27.868469103213382],[153.0240722521714,-27.868544175218155],[153.02401597817666,-27.86863314322308],[153.02395031617655,-27.86868875422923],[153.02385961316728,-27.868694327238313],[153.02378142615308,-27.86864986224647],[153.0237126131371,-27.868583149253947],[153.02363753312045,-27.868516444262013],[153.02354057110378,-27.86846920027209],[153.02345299709498,-27.868474781280863],[153.02339360109804,-27.86854984528623],[153.02336547510762,-27.86864993628825],[153.02336549812244,-27.868766694287306],[153.0233655201341,-27.868858441286577],[153.02336242015286,-27.869008562285757],[153.02334681216422,-27.869111433286484],[153.02329991817044,-27.869200393290537],[153.02316231316038,-27.86923933730401],[153.0230778751497,-27.869228235312608],[153.02298715012782,-27.869133725322392],[153.0229527351134,-27.869050323326544],[153.02295584210245,-27.868961370326943],[153.0229683220858,-27.868819578326775],[153.02301830806263,-27.86859439232358],[153.02307144604615,-27.868419244319586],[153.02310375903224,-27.868281796317454],[153.02311803402367,-27.868201903316624],[153.02313640701595,-27.868125646315384],[153.02314354500984,-27.86807118331508],[153.02314454300097,-27.86800037231552],[153.02315667999855,-27.86797089031459],[153.02316790799543,-27.867937296313745],[153.02320772399395,-27.86789099831007],[153.02323937399555,-27.867876462307038],[153.02329349499934,-27.867859206301702],[153.0233496650029,-27.86783922429623],[153.02338232800412,-27.867821067293097],[153.02340887500236,-27.867784752290742],[153.02341806099997,-27.86775751329002],[153.02341601299506,-27.867721206290497],[153.02340885299003,-27.867687619291495],[153.02337945998278,-27.867655865294697],[153.02334976897578,-27.86762626429793],[153.02331417096937,-27.867606043301652],[153.0232803229638,-27.86759203630514],[153.02324705595953,-27.867586336308506],[153.02321369195553,-27.86758361731193],[153.02313237594734,-27.86758918232003],[153.02303542893856,-27.86760310032961],[153.0229541209264,-27.867578103338012],[153.02291657791636,-27.86753083734213],[153.02293220891133,-27.867478012340957],[153.02299160490583,-27.86738348733575],[153.0230729059066,-27.867319531328114],[153.0231291799011,-27.867227777323155],[153.0231572988882,-27.86710266732131],[153.0232198238792,-27.866977557316037],[153.02330736787954,-27.86690525630781],[153.02341367987802,-27.86680237829795],[153.02354402787734,-27.86668420528582],[153.0236722228719,-27.866531282274114],[153.02382230787094,-27.86639504026013],[153.02391610286531,-27.866269915251745],[153.024036854859,-27.866116120240825],[153.0242088358626,-27.865996553224505],[153.02433703786377,-27.86589644021244],[153.02444960186585,-27.865815810201752],[153.0245433968623,-27.865707359193184],[153.02469736284624,-27.86544887617979],[153.02476926883787,-27.865320980173575],[153.02476611682624,-27.86523201217459],[153.02471919381367,-27.865173644179762],[153.0246378777995,-27.86513195818824],[153.02458783979083,-27.865106947193475],[153.02454715977825,-27.865043013198022],[153.0245158817682,-27.86499019620159],[153.02443768775643,-27.864965192209628],[153.02436576775003,-27.864976331216806],[153.02428758874743,-27.865023605224277],[153.0241812687436,-27.865084781234447],[153.02408432973976,-27.865137621243786],[153.02401240873337,-27.865148752250857],[153.02395610471692,-27.865068137257193],[153.02391230270112,-27.864981963262224],[153.02385912769006,-27.864940270267947],[153.02376842467805,-27.864923603277166],[153.02371463167412,-27.86493880928245],[153.02365744867245,-27.864975355287896],[153.02360742467448,-27.86503414029249],[153.02355561367906,-27.86511516529702],[153.02352346468209,-27.86516600729986],[153.02348236668428,-27.86521843730356],[153.02343411668068,-27.865231155308287],[153.02336442467163,-27.865220047315393],[153.02329292865835,-27.865177168322898],[153.0232250166449,-27.865129522330097],[153.02317853963285,-27.865075520335175],[153.02316243162124,-27.86499767733742],[153.0231767216153,-27.86493889933646],[153.02321244761336,-27.864892824333236],[153.0232857086163,-27.864853091326147],[153.02341175761813,-27.86475872131423],[153.02349618761681,-27.864675305306417],[153.02352744260918,-27.864589124303986],[153.02348051959558,-27.86452241130921],[153.0234179645852,-27.864494613315753],[153.02331475857363,-27.864491857326094],[153.02323032856688,-27.864511332334416],[153.02316152956038,-27.864519685341246],[153.0230583325526,-27.864547498351417],[153.0229957915455,-27.864544726357725],[153.0229582485371,-27.864511377361705],[153.02294573152724,-27.864444657363542],[153.02293632851774,-27.864377937364992],[153.02291442450553,-27.864300094367767],[153.02287375249145,-27.864225044372482],[153.02283933847784,-27.864147208376544],[153.0228518254704,-27.86407770137582],[153.02288387046409,-27.86400126637323],[153.02291781546057,-27.86394406837028],[153.0229517444556,-27.863875753367395],[153.0229696114497,-27.863813794366102],[153.02298924343967,-27.86371847936484],[153.02297671942884,-27.86364381736671],[153.022955261419,-27.863585039369305],[153.02290878440692,-27.863529450374408],[153.02284980639425,-27.863480209380707],[153.0227800983815,-27.863440505388077],[153.02273720537116,-27.863396033392718],[153.02272290036262,-27.863340436394562],[153.02274611635622,-27.86327052839279],[153.02276754435036,-27.863205395391176],[153.02279043934166,-27.86311793238956],[153.02279043233446,-27.86306074239002],[153.02277970332463,-27.862992435391625],[153.02273142330873,-27.86290983039715],[153.02266885328316,-27.86276210040455],[153.0226017092436,-27.86250872841332],[153.02255342221753,-27.862345113419444],[153.02252659920552,-27.862273625422677],[153.02252478919223,-27.862170367423726],[153.02252656218212,-27.86208935042417],[153.02254083817442,-27.86201626742327],[153.02256299616707,-27.861939586421666],[153.02259156115724,-27.861837915419624],[153.02264157714984,-27.861736237415386],[153.02268266714358,-27.861652031411925],[153.02271123213558,-27.861564650409722],[153.0227326751303,-27.86150427840805],[153.02273266012347,-27.86145026940847],[153.02271433211607,-27.861407853410668],[153.02268572910788,-27.86136814141386],[153.02262318109683,-27.861334785420382],[153.02254275208358,-27.86129985642875],[153.0224498210673,-27.861252217438462],[153.02238727405629,-27.861218861444986],[153.02231936204444,-27.86118392545211],[153.02225501803332,-27.861152156458786],[153.02218531802177,-27.861120402466014],[153.02209596300452,-27.86106163947548],[153.0220727249959,-27.86101397847819],[153.02208342398876,-27.860948845477616],[153.0221334469847,-27.86087417547317],[153.02219956398514,-27.86082015846698],[153.0222513599831,-27.86075977946227],[153.02226922697636,-27.860691464461002],[153.02226920396427,-27.86059614946173],[153.02222502994508,-27.860483102467047],[153.02219642693615,-27.8604377134703],[153.02216578992474,-27.86037417447388],[153.02215250591757,-27.86032970147557],[153.02212798590904,-27.860283404478402],[153.02209938290252,-27.860256179481492],[153.02204628989372,-27.860232583487004],[153.02200645988958,-27.860234401490978],[153.02195744988643,-27.860251664495774],[153.02190843988365,-27.860271639500517],[153.02188291388276,-27.860287077502942],[153.02182267588003,-27.86031704350878],[153.02177815087828,-27.860341615513015],[153.021750591879,-27.860371581515608],[153.02173016988226,-27.860414243517315],[153.02171486588713,-27.86046599551844],[153.02171589389238,-27.86050593051799],[153.02172815790075,-27.86056130351632],[153.02174552490757,-27.860600336514285],[153.02177514891406,-27.86062575051111],[153.02181395092077,-27.86064571850706],[153.02183948492575,-27.86066295150435],[153.0218578649318,-27.860694728502246],[153.02185685893883,-27.860750101501917],[153.0218466589423,-27.86078641550266],[153.02180479494123,-27.86081455550663],[153.02174250793502,-27.860819108512853],[153.02167884992696,-27.860809929519352],[153.0216198709184,-27.860794059525357],[153.02155554290988,-27.860781356531938],[153.02149121490103,-27.860767065538486],[153.02143938789558,-27.860768667543674],[153.02137862889015,-27.86077821254972],[153.02133217488822,-27.860803640554185],[153.02129465288903,-27.860841765557655],[153.02125178289094,-27.86089419556153],[153.02122498289228,-27.860927566563944],[153.02116958788986,-27.860956161569273],[153.0210945378839,-27.860973655576693],[153.0210230648801,-27.861005432583614],[153.02095337987677,-27.86103880359032],[153.02088012487647,-27.861099183597247],[153.02078363287077,-27.861137322606584],[153.02070679486255,-27.861138924614288],[153.02061565985224,-27.861135757623465],[153.02052043384234,-27.86114030263301],[153.02047039583832,-27.861151433637975],[153.02042572883548,-27.861167318642288],[153.02036317382843,-27.86116573964859],[153.02029526981974,-27.86115622465547],[153.0202380788105,-27.86113240566142],[153.0201987618022,-27.861100643665576],[153.0201147567873,-27.86105616367437],[153.0200772357812,-27.861040278678274],[153.02001647677176,-27.861018053684532],[153.01997000676522,-27.861006944689272],[153.01988959275386,-27.860986299697526],[153.019827037745,-27.860970429703944],[153.0197466307341,-27.86095296571215],[153.01969838072873,-27.860952965717022],[153.0196322577225,-27.86096092172357],[153.01957329371746,-27.860972052729416],[153.01950360071066,-27.860978408736308],[153.01942676270215,-27.86097683674407],[153.01937136069364,-27.860957777749775],[153.01931416968193,-27.86091489175583],[153.01929271167253,-27.860859295758445],[153.01929090866423,-27.860795749759145],[153.01930519865718,-27.860727435758214],[153.01931768664718,-27.860638475757693],[153.01930695763448,-27.86054792175948],[153.0192684976199,-27.86046545876397],[153.01924236861106,-27.86041887676694],[153.01920124859953,-27.860363288771545],[153.01916013658777,-27.860306105776097],[153.01910116457344,-27.860244153782503],[153.0190403905606,-27.860194905789015],[153.01899035255167,-27.86016791179424],[153.01894388253749,-27.860096430799448],[153.01894029953127,-27.860050363800188],[153.01890991552017,-27.85998999980368],[153.0188580895107,-27.859959824809124],[153.01871031548734,-27.859902857824412],[153.0186227414748,-27.859879037833373],[153.0185494724651,-27.859866341840842],[153.01845833745242,-27.8598441168502],[153.01837792244356,-27.859844124858263],[153.0183118064388,-27.859863190864722],[153.0182671474406,-27.85991562786881],[153.01824571244592,-27.859975999870493],[153.0182403624562,-27.86006177887033],[153.01823322546147,-27.860109439870662],[153.01817962546147,-27.86015552187571],[153.0181224424587,-27.860182529881197],[153.01803667144685,-27.86016348588995],[153.0179401714344,-27.860147608899826],[153.01785438542015,-27.860109484908705],[153.01775967340407,-27.86006501991854],[153.01760404637844,-27.859996250934703],[153.01749146035905,-27.85994066194645],[153.01735921233754,-27.85988508096017],[153.01718765531194,-27.859831093977835],[153.01705005028904,-27.859769156992122],[153.01689814026238,-27.859689741007987],[153.01682487124887,-27.859646856015647],[153.0167587472362,-27.859603978022648],[153.0167140662251,-27.859554729027533],[153.01670154921678,-27.85950072002918],[153.01673191821286,-27.859443529026567],[153.01677122021067,-27.859392687023085],[153.01684269321268,-27.859346612016264],[153.01690523321633,-27.859321183010188],[153.01698028322048,-27.8592894070029],[153.01704639222257,-27.859249679996584],[153.01709105821956,-27.859187713992554],[153.01710355320932,-27.85909557999204],[153.01709639320006,-27.8590288599933],[153.01703702717566,-27.85888849800037],[153.0169744571544,-27.85877452700751],[153.01686500013432,-27.858710593019037],[153.01673051711325,-27.858660563032917],[153.01660542909886,-27.858655027045504],[153.0164772270866,-27.858668937058273],[153.01633649307234,-27.858677297072305],[153.01613637105257,-27.858694001092292],[153.01596750303594,-27.858707919109094],[153.01582677701703,-27.858680136123436],[153.01571418299866,-27.858632891135144],[153.01568602798608,-27.858557827138572],[153.01574855997526,-27.858418814133383],[153.0158642459717,-27.858290917122744],[153.0160111929644,-27.85810741710943],[153.01617065796597,-27.857982299094463],[153.01627696296265,-27.857865519084662],[153.0163374989558,-27.85775903507947],[153.01634333295198,-27.857724278079132],[153.0163339899437,-27.857667222080515],[153.0163304809381,-27.857625722081234],[153.01632113793332,-27.85759615808236],[153.016293122926,-27.857562444085435],[153.01624043991455,-27.857518106091078],[153.01616225390393,-27.857501431099067],[153.01606218489084,-27.85748475710925],[153.01598712787802,-27.857448629117027],[153.01591832186423,-27.85739859812434],[153.01584952285066,-27.85735133913163],[153.0157807168372,-27.8573040881389],[153.01571191782438,-27.85726240214616],[153.01562435181302,-27.857248506155056],[153.015549301807,-27.857265196162448],[153.01548363980368,-27.857295780168826],[153.01541484880255,-27.857345833175305],[153.01535543780093,-27.857384763180992],[153.01529602679804,-27.8574125611867],[153.0152178477905,-27.857420913194474],[153.01516155878366,-27.85741536220016],[153.01508025777298,-27.857401474208412],[153.01499581276062,-27.8573764632171],[153.01491138274642,-27.857337548225864],[153.01484258473644,-27.857318095232927],[153.0147706487297,-27.857326447240084],[153.014711245726,-27.857348687245896],[153.01464558372626,-27.857407085251996],[153.01459243072932,-27.857476584256798],[153.01455179573583,-27.857562772260195],[153.014539293744,-27.85763783726089],[153.0144923997501,-27.857726796264874],[153.01444549875072,-27.857771291269216],[153.01437044874422,-27.857785202276645],[153.01424535372743,-27.857760190289408],[153.0141359047116,-27.85772961330063],[153.01407022770226,-27.857712946307334],[153.0139607786875,-27.857690713318515],[153.01385132167553,-27.857690728329512],[153.01367933965645,-27.857687964346724],[153.01347269863396,-27.85768865736749],[153.01337263662617,-27.85771368337731],[153.0132913286247,-27.857772074385075],[153.01324756363013,-27.85785270438878],[153.01320066963635,-27.85794167139279],[153.01311312563732,-27.858025080400935],[153.01297553562583,-27.858052893414495],[153.01284106061152,-27.85805568742797],[153.0126377935876,-27.858041807448494],[153.01252208657286,-27.85802513346024],[153.0124220095569,-27.857986226470558],[153.01234696054593,-27.85796398647831],[153.01228128353208,-27.857911176485306],[153.0122375035205,-27.857858359490073],[153.01220621850547,-27.857766612493954],[153.01218401648683,-27.85763877549719],[153.0121840094761,-27.857554584497866],[153.01218400246296,-27.857451319498683],[153.01218219845325,-27.85737665649945],[153.01216968144226,-27.857300407501334],[153.01213572242824,-27.85721939050536],[153.01209818641743,-27.85716697550951],[153.01204278340583,-27.857122487515465],[153.01195880039333,-27.85709708152407],[153.01188732738558,-27.857097088531226],[153.01178547037748,-27.857120930541278],[153.01164110036936,-27.857181436555305],[153.01152496036562,-27.8572513385664],[153.01143383236476,-27.857322833574965],[153.01134092436683,-27.857419751583528],[153.01123730137493,-27.857572264592726],[153.0110657743824,-27.857778794608304],[153.01089941738795,-27.85796563262353],[153.01076184239113,-27.8581086246362],[153.01065820538986,-27.858188054645947],[153.01058851938572,-27.85821507065273],[153.0105027413778,-27.858226201661225],[153.01038122936643,-27.858242086673368],[153.01025971835844,-27.85828340768518],[153.01020514235913,-27.85833576269029],[153.01014260235942,-27.85839137369612],[153.0100644313551,-27.8584247377037],[153.00999250334544,-27.858410842711024],[153.0099111873334,-27.858385830719328],[153.0098705373223,-27.85833300572387],[153.00985176931107,-27.85826073472631],[153.00985489030253,-27.85819122772656],[153.0098455032948,-27.858138410727868],[153.0098017162858,-27.85810504773254],[153.00972666627615,-27.858093930740175],[153.00964848726832,-27.858099496748],[153.00953277925396,-27.858085601759715],[153.00940456223714,-27.858063375772712],[153.00924507521017,-27.857988326789332],[153.00911685818875,-27.857929950802678],[153.00897613216875,-27.85789381581706],[153.00887919215788,-27.857891051826826],[153.00878538215002,-27.857910512836046],[153.00867905514372,-27.85795222084641],[153.00851645313378,-27.8580133978622],[153.0083687011232,-27.858057184876728],[153.00821000311015,-27.858091248892332],[153.00808413309633,-27.858091256905006],[153.0080020350812,-27.858042611913586],[153.00790900005998,-27.857955051923597],[153.00784879904413,-27.857882073930238],[153.00776670902778,-27.857823698938937],[153.00768008101076,-27.85776409394812],[153.0075994059921,-27.857686942956796],[153.0075187459756,-27.857626131965386],[153.00743704296033,-27.857576204973967],[153.00733084994278,-27.857529914984976],[153.00722931292844,-27.85750425499536],[153.00720868293163,-27.857546938997096],[153.0068742409445,-27.857935487027568],[153.0068172139391,-27.85794199203326],[153.00588145085038,-27.85804886312626],[153.00543080280772,-27.858100316171093],[153.0052988157848,-27.858033708184863],[153.00516683576194,-27.857967100198625],[153.00387334073568,-27.85887338932124],[153.00327260773787,-27.859407036377288],[153.00339723375762,-27.859455368364422],[153.00402618186442,-27.859755135298958],[153.00294876800962,-27.861825972390687],[153.00112469507687,-27.863924912557163],[153.00099594109102,-27.864147379568283],[153.0001640389819,-27.864003389652883],[153.0000133139628,-27.86398310166813],[152.99996791797173,-27.864092543671816],[152.99984587700607,-27.864467426681113],[152.99969865405996,-27.86501857569152],[152.9991157353208,-27.867574712729837],[152.9989376964061,-27.868399231741243],[152.99873501846403,-27.869030332756584],[152.99843870051683,-27.869701175781024],[152.99821018354447,-27.870115308800663],[152.99799417656496,-27.87046326581962],[152.99782176257665,-27.870703285835017],[152.99758440258992,-27.87101241085637],[152.99716108260463,-27.87149242189502],[152.99675964560979,-27.871878220932253],[152.9963120966077,-27.872247135974256],[152.9948724955882,-27.873333066110035],[152.9937888005747,-27.874160006212172],[152.9931750515668,-27.87462612927006],[152.99266441156294,-27.875035501318013],[152.99230494356624,-27.875371597351414],[152.9919887325725,-27.875692627380616],[152.9917781045807,-27.875938459399812],[152.9915630365892,-27.876191630419353],[152.99056406264967,-27.877527437508967],[152.98975762669693,-27.87859477758145],[152.98941515371024,-27.87899399461262],[152.98919812571773,-27.87924052763245],[152.98865286272184,-27.879742025683154],[152.9877584647146,-27.880455365767215],[152.9874191357158,-27.88075745779882],[152.9862252767031,-27.881686119911212],[152.98642513872912,-27.881718641890888],[152.98643094972982,-27.88171955089029],[152.98669423876382,-27.881760253863597],[152.98761341688237,-27.881902141770308],[152.98764937388705,-27.881907692766685],[152.98790218691963,-27.881946808741024],[152.98840780598482,-27.882024630689752],[152.98898205905886,-27.882113217631478],[152.98956522313406,-27.88220318357233],[152.9896812071491,-27.882221072560565],[152.99014011020827,-27.882291867513985],[152.9903846312398,-27.882329590489178],[152.99068380127835,-27.882375739458823],[152.9909674233149,-27.88241948843004],[152.9912097163462,-27.882456868405427],[152.99154299538912,-27.882508269371613],[152.99173431141386,-27.882537781352234],[152.99227941848415,-27.88262186829692],[152.99267382853503,-27.88268270225684],[152.99287548656096,-27.882713801236385],[152.99291136056559,-27.88271933723276],[152.99310358559046,-27.882748990213265],[152.99337664962545,-27.882789462185574],[152.99377753567683,-27.882848873144923],[152.99370952671447,-27.883203565148904],[152.99362403876168,-27.883649415153975],[152.99361167776846,-27.8837139001547],[152.99356122279644,-27.883977032157674],[152.99348751483726,-27.88436144516206],[152.99346172085143,-27.884495987163582],[152.99340763688133,-27.88477803716681],[152.99332878692493,-27.885189286171446],[152.9933266269261,-27.88520056717158],[152.99325273896702,-27.88558589617594],[152.99320337899434,-27.88584329817891],[152.99308915405746,-27.886438995185667],[152.99308144306175,-27.88647919818608],[152.9930038531046,-27.886883846190717],[152.9929953811093,-27.886928036191197],[152.99290514715915,-27.88739861419657],[152.99290497615937,-27.887399501196583],[152.99288623816878,-27.887490555197722],[152.99478138241332,-27.887783146005408],[152.99516222646247,-27.887841938966755],[153.00144824427338,-27.88881222832872],[153.00153131829592,-27.888917542319533],[153.00147919428915,-27.888909339324847],[153.0011136313759,-27.889906592353622],[153.00098282140684,-27.890263437363945],[153.00094743841524,-27.89035997436674],[153.00078128345467,-27.890813230379848],[153.0007364454653,-27.890935562383355],[153.0011206335205,-27.89103914034401],[153.0015761625859,-27.891161977297337],[153.00200384864743,-27.891277290253576],[153.0024128027061,-27.891387558211637],[153.00254238372355,-27.891413278198492],[153.0025965647064,-27.891231826194442],[153.00279538271838,-27.891154050175157],[153.0061901359082,-27.88972579584585],[153.00637658688265,-27.889364285829977],[153.0100862383613,-27.88993715445331],[153.01054080641995,-27.890007346407142],[153.01119622550482,-27.89011034334058],[153.01153474954862,-27.890163540306194],[153.0121628936293,-27.89025802124245],[153.01280309971165,-27.89035430517744],[153.01334897378206,-27.89043883112196],[153.01607535813395,-27.89086095884506],[153.01628308716084,-27.890893122823964],[153.01737664630195,-27.89106241571287],[153.0174977703175,-27.89108094570057],[153.01753622333058,-27.89115046669617],[153.0181782465503,-27.892325825622457],[153.01818821557114,-27.892481326620235],[153.0181696265843,-27.892600826621194],[153.0181544715892,-27.892652734622303],[153.01810877759308,-27.892722993626307],[153.01802357259464,-27.892807527634186],[153.01441480156737,-27.895698814973613],[153.01432311456995,-27.89579824998201],[153.01428483357444,-27.895866310985333],[153.01427125858268,-27.895943155986064],[153.0142848565953,-27.89603097598407],[153.01433087061355,-27.89613497197861],[153.01489607980577,-27.897160133913786],[153.01504316885004,-27.89738166189728],[153.0152394099026,-27.897625645875685],[153.0155308689776,-27.897964900843782],[153.01579939603303,-27.89816970981519],[153.0163692011321,-27.89845910575576],[153.01651737815783,-27.898533663740295],[153.0166544911862,-27.898639029725715],[153.0170854552925,-27.89910352167881],[153.01719200632039,-27.899231664667084],[153.01732295836393,-27.899461075652148],[153.01740821540108,-27.89967951164182],[153.0174521884295,-27.89986581363598],[153.01745504944557,-27.899989850634714],[153.0174164474553,-27.900099656637714],[153.01788973754535,-27.90040021358784],[153.01811131758691,-27.90053593356455],[153.0182449066073,-27.900581843550757],[153.01838101362648,-27.900615699536868],[153.01900105170668,-27.900712012473818],[153.01917537973168,-27.900759122455984],[153.0205399169473,-27.9012804843149],[153.02074029997493,-27.90132525529446],[153.0209104339945,-27.901331945277363],[153.02107551701016,-27.90131352726091],[153.0221747381051,-27.901113956152138],[153.0224944581325,-27.901054381120517],[153.0230134131783,-27.900968178069125],[153.0232137811991,-27.900959178049035],[153.02348598823397,-27.90099945602143],[153.0246243484032,-27.90134993090439],[153.024843648438,-27.901435008881677],[153.02510076048281,-27.901566004854843],[153.02597213463994,-27.902051633763563],[153.02617034267257,-27.902137389742972],[153.0263606376967,-27.902163109723652],[153.02655629071768,-27.90215977970408],[153.02998630008057,-27.902061536360424],[153.03013922309884,-27.90207374734498],[153.03040195313613,-27.902140572318064],[153.0311742202715,-27.90254049623739]]]}},{"type":"Feature","id":"2027-01-11-mundoolun","properties":{"collectionId":"2027-01-11","areaId":"mundoolun","areaName":"Mundoolun","startsOn":"2027-01-11","endsOn":"2027-01-22","putOutFrom":"2027-01-09"},"geometry":{"type":"Polygon","coordinates":[[[153.06974865508937,-27.93860511407705],[153.06998945011347,-27.938587426053004],[153.07016869611974,-27.938482112035835],[153.07026196311165,-27.938338696027557],[153.07024914809392,-27.938210457029868],[153.07016202106752,-27.93807848403967],[153.0700027200371,-27.93797672405648],[153.0698603840013,-27.937818377072016],[153.06975623996627,-27.937633610083992],[153.06974767895142,-27.937524236085686],[153.06979859595046,-27.937473281080955],[153.06987501695767,-27.937463819073354],[153.0700321349795,-27.937499574057274],[153.0701425369923,-27.937505177046102],[153.07023590799645,-27.937457978037095],[153.07029686898136,-27.93728703203234],[153.0703748089731,-27.93715497802553],[153.07051219797464,-27.937049291012514],[153.0707350599885,-27.936966671990746],[153.0708873870073,-27.93698309297529],[153.07101376403335,-27.93707874296189],[153.07114386606062,-27.937180986947983],[153.07125905907873,-27.937223827936062],[153.07139654509797,-27.937256766921966],[153.07148570610732,-27.937253414912984],[153.07154882710628,-27.937190680907165],[153.0715301930945,-27.93711477390964],[153.07144097207302,-27.937022416919305],[153.0713703040488,-27.93689372992746],[153.07136648102954,-27.93674521792899],[153.07142956602124,-27.936626373923627],[153.0715930010324,-27.936573481907605],[153.07173788504696,-27.936563497893083],[153.07190137406909,-27.93659642187636],[153.07209830709746,-27.936649127856146],[153.07225806311445,-27.9366457378401],[153.07245121912885,-27.936592838821106],[153.07254887412614,-27.93648751681209],[153.07265649711778,-27.936329050802556],[153.0727344231095,-27.936196988795718],[153.07300178711384,-27.936002118770393],[153.07319864612623,-27.93592940875112],[153.07339925314824,-27.935929304730976],[153.07346620417016,-27.936044780723343],[153.07349605919796,-27.936236186718844],[153.07353328221544,-27.936341784714262],[153.07361874722687,-27.936358235705505],[153.07380446023927,-27.936295434687377],[153.07397157024454,-27.936193026671344],[153.07413490923926,-27.93601141865634],[153.0742945672391,-27.935872718641388],[153.07452483525086,-27.935766979619014],[153.07471451226792,-27.93573789960018],[153.07490769828854,-27.935734495580775],[153.07505256730147,-27.935711308566372],[153.0751788623112,-27.93567823555393],[153.0752530923054,-27.935569285547363],[153.07525300228892,-27.93544056954837],[153.07518973926176,-27.935282185555952],[153.07515619023798,-27.93512377856057],[153.0751745852063,-27.9348597445608],[153.0752109291778,-27.93460479355917],[153.0752320441606,-27.934452019558236],[153.07527016114616,-27.93430678455554],[153.07536345713623,-27.934148311547396],[153.07549288113646,-27.934038869535257],[153.0756265891458,-27.933997295522175],[153.0757900331606,-27.933972693505922],[153.0759619551811,-27.933985597488476],[153.07600653918595,-27.93398557548399],[153.07612539819522,-27.93395581047233],[153.07626652720307,-27.933896325458576],[153.07647078521106,-27.933783992438922],[153.07663416921602,-27.933681591423294],[153.0768756052339,-27.933615445399536],[153.07711704825408,-27.93356580937559],[153.07733246726843,-27.933493077354523],[153.07769975129654,-27.933398425318284],[153.07791519231424,-27.933352097296982],[153.0782643853479,-27.933315596262123],[153.0785466813708,-27.93325272123426],[153.0787955673943,-27.93322288120943],[153.079044454419,-27.933202936184575],[153.07921903643262,-27.933159924167306],[153.07952360845587,-27.933080546137354],[153.07971055146663,-27.933004870119078],[153.08013127049892,-27.932896233077614],[153.0803800295114,-27.932780384053522],[153.0805412975167,-27.932684108038032],[153.08070895052649,-27.932616114021744],[153.0808893805431,-27.932591489003766],[153.08104647656216,-27.93260648698787],[153.08119724658613,-27.932664869972182],[153.0813310216056,-27.93270250295846],[153.08148176162493,-27.932725048943094],[153.0816070056392,-27.932728743930486],[153.08171525564762,-27.932702279919774],[153.08179801665116,-27.932658849911792],[153.08181420664104,-27.93256525591093],[153.08190694465227,-27.932573577901515],[153.08448369103638,-27.93337251163595],[153.08474639107556,-27.933453961608915],[153.0848739670902,-27.933458551595983],[153.08487159803462,-27.933025679599655],[153.08493801996866,-27.932451366597466],[153.08505660293326,-27.93207175258853],[153.08542230692842,-27.93172037555455],[153.08597752497082,-27.93157570749979],[153.086522169017,-27.9314699764458],[153.08727897007432,-27.931269660371246],[153.08768338008738,-27.931025102332445],[153.08833690012347,-27.93074681526887],[153.08870070412277,-27.930428906234756],[153.089245997058,-27.92945247818754],[153.08957711602713,-27.928926676158337],[153.0897132159764,-27.92841254814872],[153.0897930859253,-27.92794321414438],[153.0897810608602,-27.927443533149525],[153.0900349168122,-27.92684870112867],[153.09017387775182,-27.926256581119304],[153.09046883071844,-27.92574205109371],[153.09101206773767,-27.925426795041485],[153.0927721928794,-27.925026758867503],[153.09381172796236,-27.92478462976476],[153.094413995984,-27.924437827706832],[153.09517149602212,-27.92408586963334],[153.09541273101775,-27.92384478361099],[153.09551656200293,-27.92364008660213],[153.09525380991505,-27.92317613963221],[153.09517175685718,-27.922793358643514],[153.09504619971767,-27.92180798166391],[153.09486206564173,-27.921370431685855],[153.09467916156376,-27.920916035707904],[153.09433621948006,-27.920555150745244],[153.09400493737428,-27.920009559782883],[153.09414593127448,-27.919106757775833],[153.09388551917232,-27.91852961380654],[153.09401522614908,-27.918235620795784],[153.09490096619632,-27.917846649709713],[153.0953380472362,-27.91778336466622],[153.096019670296,-27.91766743359848],[153.09643316334117,-27.91766713555689],[153.09692966943834,-27.91800269450427],[153.0974022974981,-27.91806533145618],[153.09852465961808,-27.91804354534336],[153.09988938278212,-27.918158024205045],[153.1004682558414,-27.91812611314701],[153.10101135785118,-27.917737341095386],[153.10103472281762,-27.91745391409524],[153.10076259073162,-27.91701325712617],[153.10082126368303,-27.916582859123597],[153.1010689436534,-27.91613792510218],[153.10149369362216,-27.915528945064246],[153.10151679755378,-27.914972729066278],[153.10171708549933,-27.914374395050817],[153.10227193650502,-27.913943721998336],[153.1029214405413,-27.913670381935052],[153.1034524805203,-27.913050806886492],[153.10436161554873,-27.912493927799325],[153.1053183596305,-27.912314801704355],[153.1058614696471,-27.911978564652312],[153.10631536662788,-27.91143924661086],[153.1062233084792,-27.9103527736287],[153.1060574733994,-27.909870206649178],[153.1056910533299,-27.909639633687902],[153.10406020305393,-27.908874845858183],[153.10264366081535,-27.908219903005968],[153.10197832369343,-27.907834559075997],[153.10122614352798,-27.90718319915686],[153.10109209346464,-27.906801461173362],[153.10117774543357,-27.90648487116723],[153.1020616813716,-27.90524100408804],[153.1028862223387,-27.904275841012588],[153.10295713726973,-27.903675108010162],[153.10279475215376,-27.902904912032607],[153.10256706210237,-27.90269715205715],[153.1018894020144,-27.90258936512625],[153.10070602585986,-27.90239224524696],[153.09945448464194,-27.90175687437799],[153.09826970141833,-27.901019662503035],[153.09791600732552,-27.90059573154199],[153.0977419991641,-27.899478964568303],[153.09804694388183,-27.89700517055712],[153.0979097707689,-27.896237104576954],[153.09788307466656,-27.895457401585787],[153.0981132905904,-27.894663117568882],[153.09836085052228,-27.893916293549797],[153.09876048637295,-27.892403222521526],[153.09940888732794,-27.891494899463417],[153.09983715433262,-27.89116408642289],[153.10072756644166,-27.8912558403325],[153.10190700666362,-27.891985192208004],[153.10248000174568,-27.89213748914911],[153.10306220478222,-27.89192493909214],[153.10356768176499,-27.89135609504573],[153.1036625356919,-27.890702709041317],[153.10337568060322,-27.890253230073753],[153.1022311003676,-27.88938664519584],[153.10120976711312,-27.888266920307476],[153.10117044306313,-27.887908853314272],[153.10137771803292,-27.887494690296652],[153.10203610405512,-27.88710392223344],[153.10242712504376,-27.886679402197387],[153.10273212900887,-27.88614464517094],[153.1031192019749,-27.88554705613666],[153.1035201030079,-27.885461911096947],[153.1041600111134,-27.885741427030265],[153.10511487724042,-27.885918876932756],[153.105420306263,-27.885833783902655],[153.10594496926615,-27.885409152853118],[153.10697060828608,-27.88468717675557],[153.10829725138447,-27.88432130962481],[153.11017766555076,-27.88401437543786],[153.11118922361027,-27.88361478533908],[153.11158023760208,-27.883215687302872],[153.111589565575,-27.88299508330362],[153.11136976552396,-27.88278315132748],[153.11079680944297,-27.88263937038629],[153.1100261583312,-27.882423646465632],[153.10788732805017,-27.882052003683995],[153.10619721581915,-27.88168847485706],[153.10452346461415,-27.881514980026967],[153.103950418518,-27.88125239208674],[153.1035013054116,-27.88080304813551],[153.1028991792528,-27.88007381520193],[153.1023450121274,-27.879565156261673],[153.10214426406867,-27.8792768192842],[153.1019429119266,-27.87833518431189],[153.10187551384217,-27.877730294323456],[153.1021230297761,-27.877000435304247],[153.10293341372392,-27.87589683323134],[153.1032192776858,-27.875353604206868],[153.10324752263594,-27.8749378392073],[153.1030563635826,-27.874683431228544],[153.1025816354947,-27.87440042127856],[153.101492733285,-27.87368851839383],[153.10084300513066,-27.87303567646439],[153.10076633107906,-27.87269633947476],[153.100909069033,-27.87221261046421],[153.10065304499173,-27.87210823549084],[153.0957079083559,-27.871358035994575],[153.0954058843171,-27.871312565025377],[153.09406814014542,-27.871111146161613],[153.09609822905114,-27.860787219038606],[153.09564506999274,-27.860717132084794],[153.0945470778513,-27.86054730319665],[153.09356650672493,-27.860395632296516],[153.09271343061496,-27.86026367438342],[153.09182886750096,-27.86012683747359],[153.0907860323663,-27.859963885579788],[153.09069657335442,-27.859947345588935],[153.08968246021985,-27.859760276692498],[153.0886644940848,-27.85957219379642],[153.08813966801512,-27.859475238849974],[153.08801165199554,-27.85943091586322],[153.08778179397936,-27.859501017885783],[153.08765655796165,-27.859469769898674],[153.08762112295653,-27.859459778902313],[153.08660911780967,-27.8591740340064],[153.08636574377437,-27.859105415031443],[153.08561863766573,-27.858893408108283],[153.08511302559225,-27.85874997716028],[153.08448246850062,-27.858571089225133],[153.08405215343817,-27.858448855269394],[153.0835135503599,-27.858295857324823],[153.08320839731553,-27.8582091473562],[153.08237664419457,-27.857972785441753],[153.08230195218366,-27.857951282449466],[153.0822859261813,-27.85794667145111],[153.08144810805928,-27.857706114537226],[153.0809767989905,-27.85757078958577],[153.08039057290506,-27.857402421646075],[153.07972019880742,-27.85720986871505],[153.0795594007758,-27.85709949473207],[153.07886338163897,-27.856621628805875],[153.07869359852936,-27.855906976828575],[153.07865159150236,-27.85573027883418],[153.0783458653761,-27.85500154487067],[153.07807641528484,-27.854516117901618],[153.0777870271869,-27.853994420934807],[153.07744471005736,-27.853270566974953],[153.0770293469002,-27.852392523023667],[153.07666365079254,-27.85186057406465],[153.0765402387562,-27.85168103007849],[153.07581663860168,-27.851087815155978],[153.0748558194122,-27.850422791257877],[153.07464849935133,-27.850122972281042],[153.0744333792882,-27.84981161330512],[153.07295130235576,-27.85161248544004],[153.07229241034216,-27.852070241502656],[153.0718038984055,-27.85298724454461],[153.07195851171466,-27.85528229151094],[153.07143423690513,-27.857228762548374],[153.06805591989811,-27.860070212865676],[153.067475050938,-27.860881900917697],[153.06810901323573,-27.862676417839825],[153.06843730138988,-27.8636056467995],[153.0684966224177,-27.86377356779221],[153.06870043251342,-27.864350302767146],[153.06850168852756,-27.864631994784926],[153.0657101202606,-27.86493039006328],[153.06536777325624,-27.865189671095674],[153.06549457546075,-27.86668670107114],[153.06358405942194,-27.86802167325269],[153.06346045442004,-27.86811275726444],[153.0632616653536,-27.867760829287196],[153.06317278732814,-27.867637425297087],[153.06303385629317,-27.86748248231228],[153.06295631827587,-27.867412186320607],[153.06288525526108,-27.86735767032819],[153.0628165832745,-27.867521739333803],[153.0623397903983,-27.868903368370887],[153.06120075338666,-27.869789227478414],[153.060749337428,-27.870501830518194],[153.0610952295419,-27.871099411478685],[153.06129335560726,-27.87144299545606],[153.06135982279986,-27.87289851843792],[153.06044823695336,-27.87488695951387],[153.0607362691168,-27.875923141476772],[153.06036111711953,-27.8762668215118],[153.05841701513398,-27.878049708693165],[153.0581384302172,-27.878942042714172],[153.05416709189626,-27.879831149106312],[153.05340159680082,-27.879738769183973],[153.05214310373267,-27.880283995306137],[153.05170587475072,-27.880801431346057],[153.05177503771284,-27.88044423534188],[153.05033105558047,-27.88064408248545],[153.0497194075813,-27.88117632254271],[153.04957391259077,-27.88137506655575],[153.04921030961412,-27.881871722588365],[153.04943959370289,-27.882371730561406],[153.0481781136836,-27.883304044680848],[153.047871112741,-27.884019106706038],[153.04822482883188,-27.884428686667256],[153.04737026991882,-27.885845905741977],[153.04681222897563,-27.88677137179078],[153.04491105692316,-27.887993468972148],[153.04471400399322,-27.888713231986284],[153.04418345498289,-27.889088056036652],[153.04388050011323,-27.89037194705693],[153.04396170423882,-27.89128898004157],[153.04532780549343,-27.89211623289782],[153.0460270869015,-27.894720903807062],[153.04590640990497,-27.894852338818122],[153.0440029867823,-27.89552374800408],[153.04385535379257,-27.895731366017255],[153.04352393678042,-27.895921445049105],[153.04168502963682,-27.896373547230294],[153.03805433952067,-27.898582256577594],[153.03758516151532,-27.89894382662187],[153.037066511566,-27.899787999667268],[153.03679059356008,-27.899978443693485],[153.03356365138586,-27.901384017006514],[153.0317649473242,-27.902447223178797],[153.03148388130236,-27.902516863206458],[153.03160956534524,-27.902746103192058],[153.0321274995692,-27.904060378129664],[153.03140053864695,-27.905296861192934],[153.03079736978685,-27.90691524624079],[153.03078054579638,-27.90700481024179],[153.03053592895503,-27.908462285254863],[153.03149951216577,-27.90928878515157],[153.03140926351085,-27.912078387138674],[153.0310186966689,-27.9136569421655],[153.03097858292827,-27.915728963153168],[153.03216732326453,-27.917348712021095],[153.03404071153358,-27.917850314829],[153.03519179659045,-27.91730719071767],[153.0361409856447,-27.916916369625422],[153.0362236646625,-27.916985198616544],[153.03710076185143,-27.917715362522724],[153.03858858334797,-27.920335322352667],[153.03916678559318,-27.921764350283354],[153.03972824675333,-27.92253864522084],[153.03985582979735,-27.92277453020618],[153.0398815198039,-27.92280487620337],[153.04044279487277,-27.922862775146548],[153.04529279548743,-27.9235176436541],[153.04555514452065,-27.923553056627487],[153.04856204990168,-27.923958964322185],[153.04835204804044,-27.925228088333274],[153.0482272131228,-27.925982497339902],[153.04793381731662,-27.927756145355417],[153.0477861764141,-27.928648650363186],[153.0486614925246,-27.928762934274335],[153.04830571274886,-27.9308301502938],[153.04811990986596,-27.931909672303988],[153.0474725892741,-27.935670017339486],[153.050616710707,-27.93636322701803],[153.0520323738793,-27.936498312874733],[153.05206316688253,-27.936496628871637],[153.05288870596718,-27.93645132978908],[153.05374177505476,-27.936404324703705],[153.05451277613255,-27.936352163626594],[153.0570185413856,-27.936182602376036],[153.05803100848777,-27.936113804274843],[153.05791570155438,-27.936736411281515],[153.0587466426622,-27.936867668196967],[153.06751598379978,-27.93825261230434],[153.06780972283784,-27.93829897727446],[153.06974865508937,-27.93860511407705]]]}},{"type":"Feature","id":"2027-01-11-north-maclean","properties":{"collectionId":"2027-01-11","areaId":"north-maclean","areaName":"North Maclean","startsOn":"2027-01-11","endsOn":"2027-01-22","putOutFrom":"2027-01-09"},"geometry":{"type":"Polygon","coordinates":[[[152.99071492325444,-27.77968351426492],[152.99362675062704,-27.780121779969544],[152.993947140668,-27.780170021937078],[152.99886985929757,-27.78090857643761],[152.99912940032914,-27.780934802411366],[152.99904943325606,-27.7804264344234],[152.99920233312292,-27.779245122417354],[152.99943350306467,-27.778586968399363],[152.9996755270572,-27.778320930377223],[153.00023035009502,-27.77814267532296],[153.0004341751188,-27.778155549302408],[153.0012130222703,-27.778680987220156],[153.00199765041563,-27.779154270137767],[153.00261854356447,-27.779794789070433],[153.00317699478694,-27.781069270004345],[153.00361809891768,-27.781722141954937],[153.00464434213097,-27.782523638845692],[153.00575790632058,-27.783061778729728],[153.0065978914237,-27.783154278644748],[153.0080312936854,-27.783987178494353],[153.0093493158456,-27.78411951636109],[153.0098964939457,-27.78443826630371],[153.01081764014694,-27.78523446520499],[153.01187672526603,-27.785263753098494],[153.01230737627756,-27.784985236057526],[153.0130384862882,-27.784441648988384],[153.013767458207,-27.78317582492525],[153.01460482924386,-27.782747960844578],[153.0156406093364,-27.782588919741883],[153.01597907438548,-27.7826851527072],[153.01620231649645,-27.78336796867939],[153.0163998156592,-27.784482053650766],[153.0165340298079,-27.785538747628976],[153.01691241592692,-27.786151192586164],[153.01723271602833,-27.78667586254987],[153.01771320421665,-27.78774771049324],[153.01815320634503,-27.78838185144406],[153.01881055545752,-27.78870408937558],[153.02026845465997,-27.789048693226498],[153.02132183278027,-27.789093508120455],[153.02213076483795,-27.788853510041143],[153.02285533383218,-27.788186272973668],[153.02319896976402,-27.787354169945736],[153.02323615566632,-27.78655270394828],[153.0233530245901,-27.785852408942073],[153.02347540854464,-27.785388527933456],[153.02355704546346,-27.78467887493088],[153.0235617833475,-27.783761589937615],[153.02353478220854,-27.782689100948822],[153.02353578806833,-27.78158403795743],[153.02347513993897,-27.780616155971156],[153.02365547389502,-27.780115088956986],[153.02401553787993,-27.779687283924197],[153.02477461794228,-27.77952794584926],[153.02544950701727,-27.779539740781445],[153.02688104717646,-27.77956642963748],[153.02782224125232,-27.779357254544635],[153.02842699028918,-27.779128886485744],[153.02954956929796,-27.778236403380053],[153.0298217392536,-27.777653380357332],[153.03020790217298,-27.776686787326202],[153.0304805341077,-27.77593870430472],[153.03086385109611,-27.77551867026953],[153.03120292707712,-27.775078974238944],[153.03153033602527,-27.774388990211555],[153.03178882596976,-27.773730590190763],[153.03219734892954,-27.773063092155024],[153.03250371689174,-27.772502704128684],[153.03244040884252,-27.772169000137666],[153.03213693176048,-27.771782882171202],[153.03200829769236,-27.77135641018747],[153.03205267252974,-27.770037039193383],[153.03187004534016,-27.768700390222282],[153.03168027124104,-27.768081761246236],[153.03171999815297,-27.767353474247987],[153.032229788872,-27.764703519217715],[153.0327026697733,-27.76351986717957],[153.0326392197586,-27.76345808018643],[153.03241025670968,-27.763269327210878],[153.03117534544626,-27.762251309342943],[153.03110603239014,-27.761868997352913],[153.0297138472144,-27.76167686249421],[153.02895741911885,-27.76157259857097],[153.02875548609342,-27.761544845591484],[153.02799905799802,-27.761440745668253],[153.02724263790253,-27.761336660745],[153.0260399277507,-27.761171078867083],[153.02514073963727,-27.761047324958305],[153.02489618163824,-27.76126515798116],[153.02479034663872,-27.761359585991052],[153.02441711664045,-27.761692352025864],[153.02265066718707,-27.759632780219427],[153.02244906913472,-27.759393728241573],[153.02214859405476,-27.75902009727469],[153.02226643304203,-27.758819289264384],[153.0226087570036,-27.758222624234747],[153.02288496497448,-27.757755763210707],[153.0222006588849,-27.757636770280346],[153.02158473380328,-27.75752114434311],[153.02142187978782,-27.757539011359302],[153.02126906078118,-27.757617063374],[153.0211563257791,-27.757697358384664],[153.0207855917916,-27.758114382418583],[153.02037776270674,-27.75779474446209],[153.02015683765302,-27.75756072248609],[153.0198254285851,-27.757308855521362],[153.019598915544,-27.757179416545103],[153.01939659551135,-27.757094919566082],[153.0192411774881,-27.757045544582063],[153.0190117434568,-27.756995073605477],[153.01331732373714,-27.756202108183196],[153.01297046169339,-27.756154484218374],[153.01167199752953,-27.755975752350064],[153.0097227842837,-27.755708209547755],[153.0093561112374,-27.75565791858496],[153.00697802793835,-27.755339114826015],[153.0066280218946,-27.75529399386152],[153.00552242175556,-27.755145049973574],[153.0053839527368,-27.755116222987684],[153.00502186968524,-27.75501996902478],[153.00476186664437,-27.754920742051628],[153.0004263519478,-27.75314389850051],[152.99996213587565,-27.752972565548436],[152.9996236558273,-27.752882189583087],[152.99922668877747,-27.752828724623328],[152.9956958073796,-27.752719192978265],[152.99518154632173,-27.752703390029932],[152.9951255323033,-27.75260613003631],[152.99377954785894,-27.750253602189865],[152.9936045328074,-27.74999765220944],[152.99346665276806,-27.749804593224766],[152.99145187430634,-27.747889123441905],[152.9907478091199,-27.747021302519297],[152.9891538246965,-27.745046019694705],[152.98904131367067,-27.74493890970684],[152.98881159662312,-27.74476084773124],[152.98857720158267,-27.744642591755664],[152.9879646154879,-27.744419990818866],[152.98574367917226,-27.743833481046114],[152.98533542511575,-27.743737801087782],[152.9854468782096,-27.744382798071523],[152.98585069864342,-27.747462443006754],[152.9858663076617,-27.747593201004165],[152.98552143563072,-27.747645072038303],[152.98154496429052,-27.74837232343111],[152.973903060315,-27.747230052205882],[152.97378567630076,-27.74721792221772],[152.9737726453163,-27.747352018217974],[152.97375054733874,-27.747548438218658],[152.97364945032584,-27.747533127228863],[152.96964091081296,-27.746924213635243],[152.96965433693316,-27.747862539626475],[152.96966243500526,-27.748425624621234],[152.96968100205893,-27.74883410261617],[152.9697066771332,-27.749398797609167],[152.96966140718234,-27.749826207610305],[152.9696110712371,-27.75030159161156],[152.96956250829646,-27.75081288761242],[152.96948140939526,-27.751663088613817],[152.96939308850295,-27.75258930761537],[152.9692918656266,-27.7536531456171],[152.9691797637635,-27.754831186619064],[152.9690902898729,-27.755772277620597],[152.9690410718958,-27.755996115623773],[152.96889289496497,-27.75667014663327],[152.96875656399595,-27.7570313586441],[152.9684231880714,-27.75791470667052],[152.96813441113687,-27.758679531693403],[152.9678663981975,-27.759389608714645],[152.96760483825685,-27.760082578735368],[152.9673261723199,-27.7608208717575],[152.96704504638356,-27.761565661779787],[152.9667541384496,-27.762336453802796],[152.96606285860597,-27.764166681857624],[152.96600797763637,-27.76445393186084],[152.96591772064906,-27.764632007868485],[152.9659736596553,-27.764632871862876],[152.96529363103755,-27.76823753790256],[152.96457717594606,-27.768130539975168],[152.96437122701377,-27.76884265099016],[152.96418193707603,-27.76949714800392],[152.96387177019702,-27.770720384025392],[152.96373891134357,-27.771992265028633],[152.96349463645225,-27.7730608800447],[152.96334285255494,-27.77400253605248],[152.963263160609,-27.774497866056517],[152.96320501666395,-27.774982399058555],[152.9631115717524,-27.775761067061772],[152.96307349977818,-27.775997794063663],[152.96299596883074,-27.77647968306764],[152.9628971138881,-27.777016989073324],[152.96255776308712,-27.778881974092595],[152.9645590263428,-27.7791802278898],[152.96552962846687,-27.779324880791474],[152.9660599745346,-27.779403893737726],[152.96647859358814,-27.77946628569532],[152.96709899566738,-27.779558732632438],[152.96794416777539,-27.779684677546758],[152.96850202184655,-27.779767795490276],[152.9690899099217,-27.779855384430707],[152.9695018159743,-27.77991671838891],[152.9704509600956,-27.780058025292764],[152.97065212612128,-27.780087984272328],[152.9714374242216,-27.780204899192775],[152.97181151126935,-27.78026058415487],[152.97242479834776,-27.7803518910927],[152.97291018140973,-27.7804241470435],[152.97341296847392,-27.780498987992512],[152.97381169252495,-27.78055833195211],[152.97471299764004,-27.780692493860744],[152.97497661367368,-27.780731743834018],[152.97541328472943,-27.780796757789776],[152.97611290981888,-27.78090086571887],[152.97681339090832,-27.781005158647858],[152.9775138719978,-27.78110942957684],[152.9782143680873,-27.781213707505813],[152.98021917834362,-27.781513720302552],[152.9804659493777,-27.781570888277376],[152.98056460929408,-27.780825592273388],[152.98092722113384,-27.77924900424944],[152.98097578404204,-27.7784831292506],[152.98096658301048,-27.778241924253475],[152.98118286603813,-27.77827458723149],[152.9861208716675,-27.77899893973088],[152.98613751665803,-27.77890936172993],[152.986663266725,-27.77898649067662],[152.98742496182214,-27.779098294599407],[152.987659133852,-27.779132619575666],[152.98822122790872,-27.779097653519553],[152.9904918671981,-27.779430426289327],[152.9905916152116,-27.77945098227914],[152.99058009721855,-27.77951642027981],[152.99055275323354,-27.77965736328141],[152.99071492325444,-27.77968351426492]]]}},{"type":"Feature","id":"2027-01-11-south-maclean","properties":{"collectionId":"2027-01-11","areaId":"south-maclean","areaName":"South Maclean","startsOn":"2027-01-11","endsOn":"2027-01-22","putOutFrom":"2027-01-09"},"geometry":{"type":"Polygon","coordinates":[[[153.00261854356447,-27.779794789070433],[153.00199765041563,-27.779154270137767],[153.0012130222703,-27.778680987220156],[153.0004341751188,-27.778155549302408],[153.00023035009502,-27.77814267532296],[152.9996755270572,-27.778320930377223],[152.99943350306467,-27.778586968399363],[152.99920233312292,-27.779245122417354],[152.99904943325606,-27.7804264344234],[152.99912940032914,-27.780934802411366],[152.99886985929757,-27.78090857643761],[152.993947140668,-27.780170021937078],[152.99362675062704,-27.780121779969544],[152.99071492325444,-27.77968351426492],[152.99055275323354,-27.77965736328141],[152.99058009721855,-27.77951642027981],[152.9905916152116,-27.77945098227914],[152.9904918671981,-27.779430426289327],[152.98822122790872,-27.779097653519553],[152.987659133852,-27.779132619575666],[152.98742496182214,-27.779098294599407],[152.986663266725,-27.77898649067662],[152.98613751665803,-27.77890936172993],[152.9861208716675,-27.77899893973088],[152.98118286603813,-27.77827458723149],[152.98096658301048,-27.778241924253475],[152.98097578404204,-27.7784831292506],[152.98092722113384,-27.77924900424944],[152.98056460929408,-27.780825592273388],[152.9804659493777,-27.781570888277376],[152.98021917834362,-27.781513720302552],[152.9782143680873,-27.781213707505813],[152.9775138719978,-27.78110942957684],[152.97681339090832,-27.781005158647858],[152.97611290981888,-27.78090086571887],[152.97541328472943,-27.780796757789776],[152.97497661367368,-27.780731743834018],[152.97471299764004,-27.780692493860744],[152.97381169252495,-27.78055833195211],[152.97341296847392,-27.780498987992512],[152.97291018140973,-27.7804241470435],[152.97242479834776,-27.7803518910927],[152.97181151126935,-27.78026058415487],[152.9714374242216,-27.780204899192775],[152.97065212612128,-27.780087984272328],[152.9704509600956,-27.780058025292764],[152.9695018159743,-27.77991671838891],[152.9690899099217,-27.779855384430707],[152.96850202184655,-27.779767795490276],[152.96794416777539,-27.779684677546758],[152.96709899566738,-27.779558732632438],[152.96647859358814,-27.77946628569532],[152.9660599745346,-27.779403893737726],[152.96552962846687,-27.779324880791474],[152.9645590263428,-27.7791802278898],[152.96255776308712,-27.778881974092595],[152.96245390915647,-27.779518275097985],[152.96235039822542,-27.780152439103354],[152.96230606025495,-27.780424117105646],[152.9621760402843,-27.78076719411599],[152.96193453733858,-27.781404412135107],[152.9618988483467,-27.78149861013792],[152.96148598939035,-27.78219847317376],[152.96108283843293,-27.782881870208744],[152.96072964447035,-27.78348133623937],[152.96037173250824,-27.784088789270452],[152.9599608925518,-27.784786089306056],[152.9595511625952,-27.785481467341647],[152.95923819362832,-27.786012380368792],[152.95896018966883,-27.78657201639219],[152.95888211567188,-27.786663680399318],[152.95872164469125,-27.786954543413056],[152.95844519871812,-27.787404983437213],[152.95804325475734,-27.788059845472315],[152.95781671977937,-27.78842893149206],[152.95754791080776,-27.788884348515403],[152.95703909486147,-27.789746343559525],[152.95640844892787,-27.790814712614242],[152.95775792010065,-27.791017584477505],[152.95806102513944,-27.791063151446842],[152.95960742233711,-27.791293687290196],[152.96211890065814,-27.791668056035732],[152.9619477237572,-27.792597226045537],[152.96174456887465,-27.793699845057183],[152.96171621989106,-27.793853669058816],[152.96162091194614,-27.794370986064287],[152.9615937019619,-27.794518678065838],[152.96149181602075,-27.795071631071664],[152.96146556703602,-27.79521410807318],[152.9613644930945,-27.795762657079],[152.96133824410964,-27.795905135080503],[152.96127349914707,-27.79625648908419],[152.96151462217773,-27.796290941059798],[152.96169508220066,-27.796316727041496],[152.96213973325712,-27.79638026599647],[152.96242060529278,-27.79642040196801],[152.96283517834553,-27.796479633926037],[152.96302227736928,-27.796506373907114],[152.96320929439304,-27.79653309188819],[152.96335361941132,-27.79655366987355],[152.9635406364351,-27.796580402854627],[152.96372766045894,-27.79660712083565],[152.96391468548268,-27.796633830816738],[152.9641017085064,-27.796660548797764],[152.96428874053015,-27.79668726677884],[152.96447399955377,-27.796713730760107],[152.96467438257923,-27.796742355739784],[152.9649068856088,-27.796775571716253],[152.96512229663617,-27.79680634269446],[152.96514391163882,-27.796809426692214],[152.9653377006635,-27.79683710567263],[152.96552473268724,-27.79686382365369],[152.96558992569558,-27.796873136647037],[152.9657117577111,-27.79689052663475],[152.96592713873844,-27.796921364612913],[152.96608812375888,-27.796944416596624],[152.96614253476574,-27.79695218759108],[152.96632955978956,-27.796978905572146],[152.9665165838133,-27.797005615553196],[152.96662398382696,-27.79702096354236],[152.96670360083706,-27.797032340534248],[152.96691900486442,-27.79706311151245],[152.96713440889184,-27.797093882490632],[152.96718933389877,-27.797101728485103],[152.9673498119192,-27.79712465346884],[152.96756521594654,-27.797155431447006],[152.9677522479704,-27.797182149428025],[152.96783342998063,-27.7971937424198],[152.96793927999414,-27.797208867409093],[152.96812631201792,-27.797235585390165],[152.96831333604163,-27.797262295371215],[152.96842322505557,-27.797277993360105],[152.96850036806535,-27.79728901335228],[152.96868740008912,-27.797315738333328],[152.96887443211298,-27.797342448314375],[152.96900770812985,-27.79736149230086],[152.96906144913666,-27.797369166295443],[152.96936204317484,-27.79741210426498],[152.96954444819806,-27.7974381512465],[152.96955407419927,-27.79743952724552],[152.96976817422643,-27.797470106223834],[152.96995575625036,-27.79749689420484],[152.97005604226314,-27.797511219194675],[152.97017041627763,-27.797527552183112],[152.97035850630144,-27.797554412164057],[152.9705124503211,-27.797576397148447],[152.970574155329,-27.797585209142174],[152.97076268535287,-27.797612129123113],[152.9709507453768,-27.797638982104075],[152.9711374344005,-27.797665645085143],[152.9713518694277,-27.79769626806338],[152.97156630645503,-27.79772689404168],[152.97160198545956,-27.797731987038098],[152.97178073348223,-27.797757510019956],[152.97196801850603,-27.797784250001005],[152.9720528415168,-27.797796359992407],[152.9721553025298,-27.797810991982004],[152.97234859255443,-27.79783859596245],[152.97249897557356,-27.79786006994722],[152.97254088457882,-27.79786605394295],[152.9727331766032,-27.797893513923484],[152.9729291956282,-27.797921504903584],[152.97297044763343,-27.797927393899446],[152.9734039376885,-27.79798929285552],[152.9734442656651,-27.797769515853222],[152.97347481264728,-27.797603038851502],[152.97349374663622,-27.797499848850403],[152.97350536062956,-27.79743656284973],[152.97353589261178,-27.79727017684801],[152.973566425594,-27.797103775846246],[152.97359695757623,-27.79693738184449],[152.97362749155855,-27.796770980842748],[152.97366098253903,-27.796588456840798],[152.97369150752135,-27.796422077839036],[152.97372204050356,-27.79625569183731],[152.9737337234968,-27.796192011836656],[152.973755501484,-27.7960731818354],[152.97378895446454,-27.795890672833515],[152.9738224074451,-27.795708155831583],[152.9738558614256,-27.795525646829642],[152.97394000737683,-27.795067763824875],[152.97449606747196,-27.795341393766975],[152.97516635758595,-27.79566428769728],[152.97505050167672,-27.79648023770247],[152.97499870471734,-27.796845048704785],[152.9752622537977,-27.797252542675157],[152.9753198918152,-27.797341666668675],[152.97557856089406,-27.797741628639628],[152.9756541919172,-27.797858565631078],[152.97570248695104,-27.798084638624495],[152.9757828040074,-27.798460632613445],[152.97586674206642,-27.79885360560198],[152.9760720211053,-27.79898415458038],[152.97661423720805,-27.79932898952329],[152.97673804323156,-27.79940773451026],[152.97756344138799,-27.799932658423412],[152.97748173043288,-27.800357311428293],[152.97737693049055,-27.800901934434506],[152.97737675949065,-27.800902828434477],[152.97667108539954,-27.80079123350611],[152.97569797227482,-27.800643689604772],[152.97515586020538,-27.80056149465973],[152.97472038914944,-27.800495460703896],[152.97430679909644,-27.80043274774581],[152.9738910200432,-27.800369700787964],[152.97296943491787,-27.800173102881864],[152.97212755686797,-27.800504213963563],[152.97166115788897,-27.801070719005814],[152.97131129390468,-27.801495640037494],[152.971035599917,-27.801830507062476],[152.97075989792944,-27.802165358087507],[152.97050873194073,-27.802470415110253],[152.97020900995412,-27.80283446513738],[152.97020837695413,-27.80283521813745],[152.9700832959598,-27.802987165148775],[152.97008266295978,-27.802987917148844],[152.96978893097292,-27.803344688175436],[152.9695011679859,-27.803694180201486],[152.96920078999935,-27.80405898322874],[152.9689030650127,-27.804420589255724],[152.96857198302757,-27.804822697285733],[152.96829669903985,-27.805157027310646],[152.96742280607904,-27.80621831038983],[152.96690933410213,-27.80684193143634],[152.96661938711503,-27.807194061462617],[152.96631962812853,-27.807558096489732],[152.96580618615147,-27.808181628536246],[152.96578007215265,-27.808213345538636],[152.9655651751623,-27.808474316558083],[152.965325363173,-27.808765537579806],[152.96526448417578,-27.808839462585297],[152.9650843371838,-27.80905822660163],[152.96474241519914,-27.809473447632616],[152.9647448811997,-27.809475041632336],[152.96462499420497,-27.809620633643213],[152.96391204023638,-27.81048181670781],[152.96357763625133,-27.810887886738115],[152.96335144326147,-27.811162552758596],[152.96363815731638,-27.81134899572842],[152.96392484037116,-27.811535462698235],[152.96421157642607,-27.811721883668067],[152.96449828148096,-27.811908333637888],[152.96454743349034,-27.811940282632726],[152.96485817354986,-27.812142364599996],[152.96512084460014,-27.812313176572303],[152.96546431566597,-27.812536514536156],[152.96569447970998,-27.812686182511936],[152.96595923576066,-27.812858350484063],[152.96668299289925,-27.813328980407864],[152.96707870797496,-27.8135862793662],[152.96823159619566,-27.814335934244802],[152.96833171721488,-27.814401044234284],[152.9687034122861,-27.81464271919514],[152.96931569340322,-27.815040848130693],[152.96950602543976,-27.8151646021106],[152.97003852554167,-27.815510823054552],[152.97052788663532,-27.81582902300301],[152.971560120833,-27.816500155894346],[152.97181749288222,-27.8166674958672],[152.973258397894,-27.815520471731908],[152.97545023289263,-27.813622928527277],[152.97568207189227,-27.813420704505624],[152.9774884948895,-27.811845100337056],[152.97772183288922,-27.81164152831524],[152.98009020088563,-27.80957601909422],[152.98025214688295,-27.809416092079235],[152.9805038268851,-27.809216372055626],[152.98052100088515,-27.80920152305399],[152.98077882091815,-27.80924010202784],[152.9830147252043,-27.80957440880113],[152.9837427962974,-27.809683231727302],[152.98818942186645,-27.810347593276354],[152.98858986791774,-27.810407325235747],[152.9926107754322,-27.811007975827913],[152.992804080457,-27.81103685380827],[152.99285289643512,-27.810822276805077],[152.99325515324625,-27.808987027779242],[152.99355589606807,-27.807324430762197],[152.9935793210544,-27.80719570676081],[152.99372217807266,-27.807217387746327],[153.00581870962392,-27.809051930518734],[153.00607013665623,-27.809090047493203],[153.00725761080847,-27.809270075372616],[153.00724022081803,-27.80936071937367],[153.00751485684896,-27.80936796134604],[153.0077441558706,-27.809341273323266],[153.00804631390176,-27.809327914293075],[153.00826489892341,-27.80931073327124],[153.0085006279491,-27.809310726247624],[153.00869349397132,-27.809320240228185],[153.00887993699044,-27.80931069620958],[153.0091557060217,-27.809320099181836],[153.00934214104012,-27.80930484016325],[153.00951358705998,-27.80931435414596],[153.00973431808478,-27.809320054123805],[153.00994004310868,-27.809331483103048],[153.01007076412702,-27.8093638710897],[153.01020578314805,-27.809413425075743],[153.01034668116372,-27.809416263061593],[153.01056526619402,-27.80946771703921],[153.01069438521316,-27.809507250025952],[153.01086951024763,-27.809628135007433],[153.01100882928134,-27.809773741992334],[153.01099292228986,-27.80985497599329],[153.01139018734213,-27.809926024952844],[153.01173055938892,-27.810001677918113],[153.01202838143155,-27.810082061887606],[153.0123421624795,-27.810190825855262],[153.01276762754154,-27.810313767811618],[153.01327818561214,-27.810431970759456],[153.01354409764838,-27.810488706732304],[153.0139855067007,-27.810521773687753],[153.01429928774084,-27.81056904765589],[153.01452798377719,-27.8106588936322],[153.01479922182293,-27.81078657460403],[153.01511733987851,-27.810951202570795],[153.01555345194464,-27.811097785525877],[153.01596829300794,-27.811239636483094],[153.01621825204182,-27.811291641457643],[153.01657457608906,-27.81135781842132],[153.0170532241484,-27.811414524372843],[153.0174467861997,-27.811480693332854],[153.01777119223556,-27.811485379300226],[153.01806369427115,-27.811513728270675],[153.0184519293158,-27.81153259323152],[153.01877102335362,-27.811556204199334],[153.01920711240115,-27.81155614515557],[153.01961130644696,-27.81157027811487],[153.0198325144752,-27.81160313509241],[153.0201622615244,-27.811707145058527],[153.02051328857706,-27.8118206180224],[153.02085366062312,-27.81189150998766],[153.02125786167625,-27.81196240994651],[153.02166737572387,-27.811985990905224],[153.02200773375918,-27.811971744871194],[153.02236120378222,-27.81185021883668],[153.02268049079345,-27.81166448280609],[153.0230519467934,-27.811344912771332],[153.02324535679153,-27.81116466075335],[153.02373959879137,-27.81073857070707],[153.02409263678854,-27.810413546674187],[153.02443952078545,-27.81009125664191],[153.02466361978452,-27.809891879620977],[153.02484168079255,-27.809801727603837],[153.02491097879562,-27.809767052597113],[153.02496412378403,-27.809629864592853],[153.02505449977167,-27.809454842585208],[153.0252192987572,-27.80919938457065],[153.02527034971996,-27.808862156568203],[153.0255507447545,-27.808893337539818],[153.02754522900818,-27.80917988633733],[153.02789719405317,-27.80923243530155],[153.0280008470667,-27.80925007129098],[153.0266772655378,-27.806220434447766],[153.02649584446831,-27.80582874946905],[153.02628177439513,-27.805435955493667],[153.02608454233123,-27.805101870516072],[153.02593770628664,-27.804876602532623],[153.02577647624028,-27.80465004555059],[153.02492172301197,-27.80358534264481],[153.0247716829704,-27.803386508661426],[153.02482116994435,-27.803139075658386],[153.02490539090002,-27.80271799865325],[153.02496313987018,-27.802433773649714],[153.02604985230974,-27.797086029582786],[153.02610757928,-27.796801894579204],[153.0261735252459,-27.79647731757515],[153.0262308342156,-27.79618962057168],[153.0268732528746,-27.792952447532695],[153.02695467283132,-27.792541391527756],[153.027260526721,-27.791410535505996],[153.0273343246946,-27.791138864500724],[153.02756075561268,-27.790299660484614],[153.02759288960422,-27.790204517482124],[153.02764748759702,-27.79010171347747],[153.02727287252077,-27.78982203451726],[153.02732487849264,-27.789555370514158],[153.02765263633836,-27.78805970349303],[153.02767816231554,-27.7878574424921],[153.02803179612525,-27.786054811470763],[153.02792935111202,-27.786038934481216],[153.02698881199197,-27.785899742576753],[153.02687919897804,-27.785883523587845],[153.0264539939237,-27.785820617631053],[153.02602878986946,-27.78575769067425],[153.02558641081302,-27.78569225171915],[153.02536594078484,-27.785659714741552],[153.0239881046091,-27.785456790881483],[153.02366306556763,-27.785408957914473],[153.02360951856085,-27.785401074919903],[153.02347540854464,-27.785388527933456],[153.0233530245901,-27.785852408942073],[153.02323615566632,-27.78655270394828],[153.02319896976402,-27.787354169945736],[153.02285533383218,-27.788186272973668],[153.02213076483795,-27.788853510041143],[153.02132183278027,-27.789093508120455],[153.02026845465997,-27.789048693226498],[153.01881055545752,-27.78870408937558],[153.01815320634503,-27.78838185144406],[153.01771320421665,-27.78774771049324],[153.01723271602833,-27.78667586254987],[153.01691241592692,-27.786151192586164],[153.0165340298079,-27.785538747628976],[153.0163998156592,-27.784482053650766],[153.01620231649645,-27.78336796867939],[153.01597907438548,-27.7826851527072],[153.0156406093364,-27.782588919741883],[153.01460482924386,-27.782747960844578],[153.013767458207,-27.78317582492525],[153.0130384862882,-27.784441648988384],[153.01230737627756,-27.784985236057526],[153.01187672526603,-27.785263753098494],[153.01081764014694,-27.78523446520499],[153.0098964939457,-27.78443826630371],[153.0093493158456,-27.78411951636109],[153.0080312936854,-27.783987178494353],[153.0065978914237,-27.783154278644748],[153.00575790632058,-27.783061778729728],[153.00464434213097,-27.782523638845692],[153.00361809891768,-27.781722141954937],[153.00317699478694,-27.781069270004345],[153.00261854356447,-27.779794789070433]]]}},{"type":"Feature","id":"2027-01-11-veresdale","properties":{"collectionId":"2027-01-11","areaId":"veresdale","areaName":"Veresdale","startsOn":"2027-01-11","endsOn":"2027-01-22","putOutFrom":"2027-01-09"},"geometry":{"type":"Polygon","coordinates":[[[152.98251698868785,-27.924133284948773],[152.98254196267317,-27.923996111947307],[152.98397369683212,-27.916140770865645],[152.98459798756653,-27.913511528823754],[152.98463805753903,-27.91326062282176],[152.98465102850687,-27.912996149822504],[152.9846604544537,-27.912569126824934],[152.9846659604026,-27.912162384827596],[152.98466355439078,-27.912071554828522],[152.98502709742107,-27.911996258792698],[152.9863774926935,-27.91297677164962],[152.98656061273053,-27.9131099126302],[152.98815225805214,-27.914269349461534],[152.99040702739734,-27.91504178822942],[152.99071505744445,-27.9151479141977],[152.99103620649373,-27.915258720164637],[152.995761789052,-27.91557850668826],[152.99586641006434,-27.915585591677704],[152.9958835910542,-27.915491088676777],[152.9961201619088,-27.91414257066361],[152.99618383490045,-27.914022013658162],[152.99627105889974,-27.913940831650095],[152.9966046809131,-27.913758769618042],[152.9967479997779,-27.912571452613072],[152.99768742923195,-27.907465412559013],[152.9975914282053,-27.907339177569643],[152.99851499466297,-27.90227492151692],[152.99996026584736,-27.902481018370324],[153.00010025484977,-27.902379571357073],[153.0009241704101,-27.89821009230727],[153.00081729939635,-27.89819361231812],[152.99746213096262,-27.897670007658732],[152.99786432076937,-27.895802281633088],[152.9978881477574,-27.895687959631605],[152.9976733247389,-27.895726985652875],[152.99757611772858,-27.895730189662586],[152.99745947071403,-27.89571545967436],[152.997370898701,-27.895689859683486],[152.99728088768586,-27.895648255692787],[152.99721176867277,-27.895604088700058],[152.99677100757444,-27.895210145747377],[152.99660341353703,-27.895060060765392],[152.99613969844157,-27.89470835681464],[152.9960178734196,-27.89463991582738],[152.9958918624005,-27.894598303840414],[152.99577449338472,-27.894575259852292],[152.99554005335958,-27.894579297875808],[152.99539964634752,-27.89460553088968],[152.9952210633364,-27.894671446907044],[152.99501305132452,-27.894757172927232],[152.9949229433182,-27.89478497093607],[152.99478057030478,-27.89480250995021],[152.99357764417562,-27.894822231070666],[152.9934912401689,-27.894843346079142],[152.99341418616552,-27.894883021086592],[152.9922057841516,-27.89581454420038],[152.99178992213388,-27.896032936240385],[152.99152906211597,-27.89611691926584],[152.99114597608022,-27.896166175303875],[152.99057118602013,-27.896187975361343],[152.99010319996808,-27.8961815754083],[152.989849909945,-27.896218515433446],[152.98940088591354,-27.89635758047734],[152.98865515686657,-27.89663002554994],[152.98848503785916,-27.89671850156628],[152.98839050486157,-27.896819292574996],[152.98831237086813,-27.896938010581895],[152.988263204883,-27.897097050585547],[152.98817730693474,-27.89757895459038],[152.98816744196648,-27.89783656558933],[152.98818378201807,-27.898228577584643],[152.98819195503924,-27.898388668582562],[152.98802503208,-27.898853703595613],[152.98715246510793,-27.899825654675425],[152.98707397315607,-27.900272041679816],[152.9868852571868,-27.90067676469551],[152.9867848752198,-27.90102318670286],[152.98662407733968,-27.902106411710463],[152.9865265413274,-27.90209331272032],[152.97774862520595,-27.900830201610024],[152.975705570945,-27.90053614081709],[152.97565785790525,-27.90026385982396],[152.97562470987756,-27.900074763828787],[152.9749187747873,-27.899973011900347],[152.97473957376508,-27.899951843918437],[152.97487536788216,-27.900756923898506],[152.97497681496537,-27.90132557488385],[152.97509749205088,-27.901894620867278],[152.97513575107342,-27.902039518862345],[152.97494238604872,-27.902011460881933],[152.97132879458667,-27.901488042248115],[152.97108132355493,-27.90145205627319],[152.96497525977225,-27.90055253289187],[152.96495808678205,-27.900645373892868],[152.96494145679165,-27.90073521289384],[152.96484061277883,-27.900720438904028],[152.96332763058476,-27.90049682505732],[152.96306090755058,-27.900457396084335],[152.96211736642948,-27.900317944179935],[152.9620017484264,-27.900393269190925],[152.96127772282628,-27.904169275233713],[152.96126056483575,-27.90425880923472],[152.959779843646,-27.90404146838471],[152.95967446962084,-27.903933971396114],[152.9543830529427,-27.903157187931992],[152.9542043659202,-27.90313312295009],[152.9540942609364,-27.903356528959385],[152.95403418693775,-27.903419023964922],[152.95392265894475,-27.90356983897487],[152.95378374294847,-27.903719826987572],[152.9536050189643,-27.90399873900327],[152.9534544199988,-27.904400906015194],[152.95324337503504,-27.90486894403265],[152.95299181312316,-27.90578097805065],[152.95288178316727,-27.906223371058207],[152.9529638442586,-27.90687277104487],[152.9531794794319,-27.90805266701398],[152.95351891153408,-27.908564960975948],[152.95397171360696,-27.908748036929214],[152.9547950397273,-27.90898610584489],[152.95529928081393,-27.90923321079249],[152.9554284288746,-27.909600681776674],[152.95542930091142,-27.909889212774296],[152.95527094593402,-27.910204319787663],[152.95513037599835,-27.91083292579682],[152.95531543308977,-27.91139381277388],[152.95539766613481,-27.911677359763402],[152.95587108320638,-27.911833002714765],[152.95667392030137,-27.911888129633915],[152.95750765539043,-27.911870099550605],[152.95821899947606,-27.911931178478934],[152.95863652954438,-27.912108987435715],[152.9589069926065,-27.912365160406576],[152.95930089770872,-27.912830411363498],[152.95947716379106,-27.91332696334196],[152.95957229289166,-27.914037361326823],[152.9598918860885,-27.91531303428478],[152.9601617602318,-27.916209414250666],[152.96017941135767,-27.91718575324127],[152.96008893149207,-27.9183221152414],[152.95991662854388,-27.918879396254273],[152.95947367660557,-27.919748141291763],[152.95931909164776,-27.920214540303572],[152.95923349275003,-27.921093694305203],[152.95965651383045,-27.92136229526075],[152.96031397585008,-27.920948743198153],[152.9691043939725,-27.92220107430787],[152.9781575721309,-27.92351034939054],[152.9784157721638,-27.923547043364405],[152.98226176865498,-27.92409469797465],[152.98251698868785,-27.924133284948773]]]}},{"type":"Feature","id":"2027-01-11-veresdale-scrub","properties":{"collectionId":"2027-01-11","areaId":"veresdale-scrub","areaName":"Veresdale Scrub","startsOn":"2027-01-11","endsOn":"2027-01-22","putOutFrom":"2027-01-09"},"geometry":{"type":"Polygon","coordinates":[[[153.01271144954725,-27.9206005619485],[153.0127258965399,-27.920530295947586],[153.01369867495464,-27.9150904328928],[153.01372972892838,-27.914857974891543],[153.01372291087839,-27.914470313895297],[153.01363378771399,-27.913254073913794],[153.0136446056904,-27.913059397914193],[153.0136733946779,-27.912936507912274],[153.01373459366312,-27.912767535907484],[153.01410195959673,-27.911929248877236],[153.01412571158824,-27.911841562875527],[153.01413596357992,-27.911767965875093],[153.0141294745674,-27.911674520876485],[153.01410641455422,-27.911590678879413],[153.01404446353058,-27.9114582078867],[153.0133553302604,-27.909927299967904],[153.0133088602326,-27.909748746973968],[153.0132893992095,-27.909583634977214],[153.0132972901849,-27.909383302978053],[153.0136324388786,-27.906686066965626],[153.01366644386172,-27.906523658963508],[153.01373194884096,-27.906304126958652],[153.01445765772843,-27.904794453897704],[153.01456095269404,-27.904434917890168],[153.01520606133093,-27.901024198852273],[153.01525014632338,-27.90092675284863],[153.01530039331993,-27.900856396844127],[153.0153747353206,-27.90079703083715],[153.01555241633315,-27.900743244819726],[153.0165750684199,-27.900545618718684],[153.0167855024354,-27.900486237697997],[153.01702774344992,-27.90039179467445],[153.01711154045353,-27.900348059666364],[153.01729958545917,-27.900230153648415],[153.0174164474553,-27.900099656637714],[153.01745504944557,-27.899989850634714],[153.0174521884295,-27.89986581363598],[153.01740821540108,-27.89967951164182],[153.01732295836393,-27.899461075652148],[153.01719200632039,-27.899231664667084],[153.0170854552925,-27.89910352167881],[153.0166544911862,-27.898639029725715],[153.01651737815783,-27.898533663740295],[153.0163692011321,-27.89845910575576],[153.01579939603303,-27.89816970981519],[153.0155308689776,-27.897964900843782],[153.0152394099026,-27.897625645875685],[153.01504316885004,-27.89738166189728],[153.01489607980577,-27.897160133913786],[153.01433087061355,-27.89613497197861],[153.0142848565953,-27.89603097598407],[153.01427125858268,-27.895943155986064],[153.01428483357444,-27.895866310985333],[153.01432311456995,-27.89579824998201],[153.01441480156737,-27.895698814973613],[153.01802357259464,-27.892807527634186],[153.01810877759308,-27.892722993626307],[153.0181544715892,-27.892652734622303],[153.0181696265843,-27.892600826621194],[153.01818821557114,-27.892481326620235],[153.0181782465503,-27.892325825622457],[153.01753622333058,-27.89115046669617],[153.0174977703175,-27.89108094570057],[153.01737664630195,-27.89106241571287],[153.01628308716084,-27.890893122823964],[153.01607535813395,-27.89086095884506],[153.01334897378206,-27.89043883112196],[153.01280309971165,-27.89035430517744],[153.0121628936293,-27.89025802124245],[153.01153474954862,-27.890163540306194],[153.01119622550482,-27.89011034334058],[153.01054080641995,-27.890007346407142],[153.0100862383613,-27.88993715445331],[153.00637658688265,-27.889364285829977],[153.0061901359082,-27.88972579584585],[153.00279538271838,-27.891154050175157],[153.0025965647064,-27.891231826194442],[153.00254238372355,-27.891413278198492],[153.0023265107991,-27.89219379321398],[153.0022540988237,-27.892449825219202],[153.00182799997495,-27.894006587249702],[153.0017703100005,-27.894257574253533],[153.00152328610307,-27.895277164270254],[153.0014596951101,-27.895387611275773],[153.00138534611193,-27.895466006282618],[153.00134462111185,-27.89550036828644],[153.0012862911111,-27.895544535291936],[153.00120995910774,-27.895584210299265],[153.00111782610182,-27.895616605308252],[153.00098802909073,-27.8956412363211],[153.00086579507675,-27.89563675933341],[153.00036526501452,-27.895577787384024],[153.0001245809852,-27.895554273408393],[152.99942850290634,-27.89553341247833],[152.99886018783923,-27.895495049535608],[152.99871739682433,-27.89549995954994],[152.99859037981315,-27.89552193856249],[152.9978881477574,-27.895687959631605],[152.99786432076937,-27.895802281633088],[152.99746213096262,-27.897670007658732],[153.00081729939635,-27.89819361231812],[153.0009241704101,-27.89821009230727],[153.00010025484977,-27.902379571357073],[152.99996026584736,-27.902481018370324],[152.99851499466297,-27.90227492151692],[152.9975914282053,-27.907339177569643],[152.99768742923195,-27.907465412559013],[152.9967479997779,-27.912571452613072],[152.9966046809131,-27.913758769618042],[152.99627105889974,-27.913940831650095],[152.99618383490045,-27.914022013658162],[152.9961201619088,-27.91414257066361],[152.9958835910542,-27.915491088676777],[152.99586641006434,-27.915585591677704],[152.99597018207754,-27.9155998446672],[152.99628202611567,-27.91563057863571],[152.9965986911582,-27.915692328603438],[152.99942043354918,-27.916337094315374],[152.9995580015702,-27.91638380930121],[152.99965234058766,-27.91643948829132],[152.99975100860965,-27.916527814280755],[152.99988533564198,-27.916665896266167],[153.00003009967952,-27.916836626250277],[153.0001171597032,-27.916948466240715],[153.00024823774447,-27.91716030122587],[153.00029787376226,-27.917256868220132],[153.00036984680028,-27.917493909211057],[153.00044382382444,-27.917620934202674],[153.00053827484814,-27.91772598719234],[153.0011138769655,-27.91815284513129],[153.0014343410217,-27.91831928409783],[153.00424803045797,-27.91932570080767],[153.00463389551416,-27.919435119768117],[153.0049947425611,-27.91949335373143],[153.01260660553393,-27.920586308959134],[153.01271144954725,-27.9206005619485]]]}},{"type":"Feature","id":"2027-01-11-woodhill","properties":{"collectionId":"2027-01-11","areaId":"woodhill","areaName":"Woodhill","startsOn":"2027-01-11","endsOn":"2027-01-22","putOutFrom":"2027-01-09"},"geometry":{"type":"Polygon","coordinates":[[[152.96126056483575,-27.90425880923472],[152.96127772282628,-27.904169275233713],[152.9620017484264,-27.900393269190925],[152.96211736642948,-27.900317944179935],[152.96306090755058,-27.900457396084335],[152.96332763058476,-27.90049682505732],[152.96484061277883,-27.900720438904028],[152.96494145679165,-27.90073521289384],[152.96495808678205,-27.900645373892868],[152.96497525977225,-27.90055253289187],[152.97108132355493,-27.90145205627319],[152.97132879458667,-27.901488042248115],[152.97494238604872,-27.902011460881933],[152.97513575107342,-27.902039518862345],[152.97509749205088,-27.901894620867278],[152.97497681496537,-27.90132557488385],[152.97487536788216,-27.900756923898506],[152.97473957376508,-27.899951843918437],[152.9749187747873,-27.899973011900347],[152.97562470987756,-27.900074763828787],[152.97565785790525,-27.90026385982396],[152.975705570945,-27.90053614081709],[152.97774862520595,-27.900830201610024],[152.9865265413274,-27.90209331272032],[152.98662407733968,-27.902106411710463],[152.9867848752198,-27.90102318670286],[152.9868852571868,-27.90067676469551],[152.98707397315607,-27.900272041679816],[152.98715246510793,-27.899825654675425],[152.98802503208,-27.898853703595613],[152.98819195503924,-27.898388668582562],[152.98818378201807,-27.898228577584643],[152.98816744196648,-27.89783656558933],[152.98817730693474,-27.89757895459038],[152.988263204883,-27.897097050585547],[152.98831237086813,-27.896938010581895],[152.98839050486157,-27.896819292574996],[152.98848503785916,-27.89671850156628],[152.98865515686657,-27.89663002554994],[152.98940088591354,-27.89635758047734],[152.989849909945,-27.896218515433446],[152.99010319996808,-27.8961815754083],[152.99057118602013,-27.896187975361343],[152.99114597608022,-27.896166175303875],[152.99152906211597,-27.89611691926584],[152.99178992213388,-27.896032936240385],[152.9922057841516,-27.89581454420038],[152.99341418616552,-27.894883021086592],[152.9934912401689,-27.894843346079142],[152.99357764417562,-27.894822231070666],[152.99478057030478,-27.89480250995021],[152.9949229433182,-27.89478497093607],[152.99501305132452,-27.894757172927232],[152.9952210633364,-27.894671446907044],[152.99539964634752,-27.89460553088968],[152.99554005335958,-27.894579297875808],[152.99577449338472,-27.894575259852292],[152.9958918624005,-27.894598303840414],[152.9960178734196,-27.89463991582738],[152.99613969844157,-27.89470835681464],[152.99660341353703,-27.895060060765392],[152.99677100757444,-27.895210145747377],[152.99721176867277,-27.895604088700058],[152.99728088768586,-27.895648255692787],[152.997370898701,-27.895689859683486],[152.99745947071403,-27.89571545967436],[152.99757611772858,-27.895730189662586],[152.9976733247389,-27.895726985652875],[152.9978881477574,-27.895687959631605],[152.99859037981315,-27.89552193856249],[152.99871739682433,-27.89549995954994],[152.99886018783923,-27.895495049535608],[152.99942850290634,-27.89553341247833],[153.0001245809852,-27.895554273408393],[153.00036526501452,-27.895577787384024],[153.00086579507675,-27.89563675933341],[153.00098802909073,-27.8956412363211],[153.00111782610182,-27.895616605308252],[153.00120995910774,-27.895584210299265],[153.0012862911111,-27.895544535291936],[153.00134462111185,-27.89550036828644],[153.00138534611193,-27.895466006282618],[153.0014596951101,-27.895387611275773],[153.00152328610307,-27.895277164270254],[153.0017703100005,-27.894257574253533],[153.00182799997495,-27.894006587249702],[153.0022540988237,-27.892449825219202],[153.0023265107991,-27.89219379321398],[153.00254238372355,-27.891413278198492],[153.0024128027061,-27.891387558211637],[153.00200384864743,-27.891277290253576],[153.0015761625859,-27.891161977297337],[153.0011206335205,-27.89103914034401],[153.0007364454653,-27.890935562383355],[153.00078128345467,-27.890813230379848],[153.00094743841524,-27.89035997436674],[153.00098282140684,-27.890263437363945],[153.0011136313759,-27.889906592353622],[153.00147919428915,-27.888909339324847],[153.00153131829592,-27.888917542319533],[153.00144824427338,-27.88881222832872],[152.99516222646247,-27.887841938966755],[152.99478138241332,-27.887783146005408],[152.99288623816878,-27.887490555197722],[152.99290497615937,-27.887399501196583],[152.99290514715915,-27.88739861419657],[152.9929953811093,-27.886928036191197],[152.9930038531046,-27.886883846190717],[152.99308144306175,-27.88647919818608],[152.99308915405746,-27.886438995185667],[152.99320337899434,-27.88584329817891],[152.99325273896702,-27.88558589617594],[152.9933266269261,-27.88520056717158],[152.99332878692493,-27.885189286171446],[152.99340763688133,-27.88477803716681],[152.99346172085143,-27.884495987163582],[152.99348751483726,-27.88436144516206],[152.99356122279644,-27.883977032157674],[152.99361167776846,-27.8837139001547],[152.99362403876168,-27.883649415153975],[152.99370952671447,-27.883203565148904],[152.99377753567683,-27.882848873144923],[152.99337664962545,-27.882789462185574],[152.99310358559046,-27.882748990213265],[152.99291136056559,-27.88271933723276],[152.99287548656096,-27.882713801236385],[152.99267382853503,-27.88268270225684],[152.99227941848415,-27.88262186829692],[152.99173431141386,-27.882537781352234],[152.99154299538912,-27.882508269371613],[152.9912097163462,-27.882456868405427],[152.9909674233149,-27.88241948843004],[152.99068380127835,-27.882375739458823],[152.9903846312398,-27.882329590489178],[152.99014011020827,-27.882291867513985],[152.9896812071491,-27.882221072560565],[152.98956522313406,-27.88220318357233],[152.98898205905886,-27.882113217631478],[152.98840780598482,-27.882024630689752],[152.98790218691963,-27.881946808741024],[152.98764937388705,-27.881907692766685],[152.98761341688237,-27.881902141770308],[152.98669423876382,-27.881760253863597],[152.98643094972982,-27.88171955089029],[152.98642513872912,-27.881718641890888],[152.9862252767031,-27.881686119911212],[152.98580126464776,-27.88161516095424],[152.98564907162813,-27.881592145969677],[152.98420509044252,-27.881373926116154],[152.9842597694118,-27.881085656112948],[152.98393726338443,-27.881147406144784],[152.9840361553302,-27.880634963138927],[152.98380654330057,-27.880599557162192],[152.98353447026557,-27.880557596189796],[152.9828811361813,-27.880456849256074],[152.9813072899783,-27.880214139415713],[152.9800957288226,-27.880031279538606],[152.97884410566178,-27.879842377665508],[152.97837231260104,-27.879771172713316],[152.97276493888032,-27.878924682281813],[152.9726195408597,-27.878887295296717],[152.97399810745068,-27.87447577619331],[152.97404566443782,-27.87433337318968],[152.97464603226965,-27.87248986914403],[152.9745472302567,-27.872473038154073],[152.97444695224377,-27.872457444164255],[152.97314674407582,-27.87225426629613],[152.97295485405093,-27.872224270315566],[152.97244714198538,-27.872144937367093],[152.9724135549811,-27.872139691370496],[152.97224584995934,-27.872113510387482],[152.9718606769097,-27.872053294426525],[152.97136776084605,-27.871976337476553],[152.971259816832,-27.87195938748747],[152.97096762779427,-27.87191382051713],[152.97068101875723,-27.871868930546153],[152.97056750174266,-27.871851294557676],[152.97016736069097,-27.87178878459824],[152.97010854568336,-27.871779456604223],[152.96976721963927,-27.87172627363886],[152.9695358866094,-27.871689959662337],[152.9693670865875,-27.871663748679403],[152.96896696053588,-27.871601222720003],[152.9685668204842,-27.871538712760554],[152.96837411145933,-27.871508365780095],[152.96816668743256,-27.8714761868011],[152.967783175383,-27.871416001840018],[152.9677342183766,-27.871408610844988],[152.96730174932077,-27.871341033888854],[152.96717875530484,-27.871321527901305],[152.96686928726496,-27.87127344993267],[152.9665687682261,-27.871226175963148],[152.96643681820902,-27.87120587297654],[152.96600434915317,-27.87113828902037],[152.96595582414687,-27.871130361025287],[152.9656687531098,-27.8710858440544],[152.96533503406673,-27.871033377088256],[152.9653086360634,-27.871029570090947],[152.96494852001686,-27.870973288127445],[152.96470607098553,-27.870935111152008],[152.9645884039703,-27.870917006163936],[152.9642282869238,-27.870860725200455],[152.96405711790172,-27.87083371621779],[152.96386817787732,-27.87080444323696],[152.96341670281896,-27.87073364828273],[152.96335515381097,-27.870724260288995],[152.96277393373595,-27.8706332143479],[152.9625213817033,-27.870593949373507],[152.9621287956526,-27.87053240741328],[152.96146120856633,-27.87042809248097],[152.95854888119015,-27.8699729577762],[152.95732244103175,-27.86978123990052],[152.95722130701867,-27.869765451910713],[152.95715408805438,-27.870104557914807],[152.95712744406848,-27.870239032916444],[152.95697557204892,-27.8702153699318],[152.946634195714,-27.868605731979716],[152.94607192964298,-27.86853052603655],[152.9442980894383,-27.868446237214776],[152.94395900539877,-27.868426441248854],[152.9442233066797,-27.870415403206724],[152.94468726202106,-27.872708938142207],[152.94509166524486,-27.87412637409058],[152.94548138238903,-27.87492669304527],[152.94590091658705,-27.876127122993886],[152.94612244476784,-27.87736230996196],[152.94656946491403,-27.87812975691122],[152.94685623802727,-27.878775684877407],[152.94730076915997,-27.87943917382767],[152.94794540138605,-27.88066634375349],[152.94842532250783,-27.881213299701137],[152.94940872468058,-27.881726279598716],[152.95007556678325,-27.88196073453011],[152.95037370187165,-27.882400929496765],[152.9504307209301,-27.88281277548784],[152.95028503197696,-27.8833077544985],[152.95049753005222,-27.883718080474033],[152.95061510112762,-27.884212068458375],[152.9511231632926,-27.88507485340072],[152.9512701113488,-27.885390825383517],[152.95134348440448,-27.885766691373227],[152.95132494044663,-27.886115297372356],[152.95115309249698,-27.886659934385214],[152.9509689435583,-27.887302614398646],[152.95092584860882,-27.887738361399514],[152.95106659068634,-27.88822863938152],[152.95114575276293,-27.88876382936939],[152.9511905828227,-27.889196879361503],[152.95109468684666,-27.889469034368975],[152.9510307308742,-27.88974124137321],[152.95102734892782,-27.89016660937023],[152.95116455101677,-27.890750146351905],[152.95125973205393,-27.89096096134071],[152.95149818811527,-27.891238793314667],[152.95165602916026,-27.89145685629712],[152.95172315818687,-27.891609191289195],[152.95175670820987,-27.89176151128463],[152.95172301722738,-27.89192873928669],[152.9516974092375,-27.892030596288453],[152.95153854024664,-27.89223959230275],[152.95126202724947,-27.892500809328368],[152.9510149432503,-27.892720221351347],[152.95075941126018,-27.89301952637458],[152.95044474330177,-27.893619089401334],[152.95035050133197,-27.893937862408244],[152.95024436039847,-27.894554525414044],[152.95018543342456,-27.89481059441793],[152.9500442074363,-27.89502481343041],[152.94976769443576,-27.89525989345622],[152.94927362440282,-27.89542695850433],[152.94846792532255,-27.89548937158449],[152.9480023242777,-27.895537651630715],[152.94766709224825,-27.895595006663836],[152.94739652422987,-27.895683750690193],[152.94722586924095,-27.89591886770542],[152.94716690527503,-27.896237648708848],[152.94724319932513,-27.89656694169861],[152.9473488553877,-27.896969407684832],[152.9475918494677,-27.897390201657245],[152.94792770555637,-27.89779946962039],[152.9483105536664,-27.898337169577847],[152.94901149687482,-27.899375460499524],[152.9494125400104,-27.90009814445364],[152.94954615107375,-27.90048231843728],[152.94942244111814,-27.900939575446063],[152.9494840061748,-27.901332877436847],[152.94978231225272,-27.901689677404125],[152.9505027313386,-27.90174481933158],[152.95104824039032,-27.901680990277484],[152.95188201244798,-27.901416047196125],[152.9526230915141,-27.901297404122857],[152.9533435255942,-27.90130680705066],[152.9540330016999,-27.901544830979734],[152.95435811584483,-27.90240628894044],[152.95433548788992,-27.902781805939767],[152.9542043659202,-27.90313312295009],[152.9543830529427,-27.903157187931992],[152.95967446962084,-27.903933971396114],[152.959779843646,-27.90404146838471],[152.96126056483575,-27.90425880923472]]]}},{"type":"Feature","id":"2027-01-25-flagstone","properties":{"collectionId":"2027-01-25","areaId":"flagstone","areaName":"Flagstone","startsOn":"2027-01-25","endsOn":"2027-02-05","putOutFrom":"2027-01-23"},"geometry":{"type":"Polygon","coordinates":[[[152.9386100254889,-27.83427721905304],[152.93892059548807,-27.834003254024154],[152.93928255947196,-27.83356397499136],[152.93942596846222,-27.83336344997865],[152.9396263144532,-27.833118996960504],[152.93981664644457,-27.83288670994329],[152.9413118733767,-27.83106154780806],[152.94172845835612,-27.830539590770506],[152.94191883534728,-27.830305954753257],[152.95758133414958,-27.82314301924198],[152.96113709433106,-27.821512749898798],[152.96252304340203,-27.820879316764984],[152.96483465254843,-27.820044382540047],[152.96964775779335,-27.817833244075363],[152.9698874578008,-27.817686251052532],[152.9701746698138,-27.817541568024936],[152.97057818583036,-27.817324942986208],[152.97176635988185,-27.816708198872014],[152.97181749288222,-27.8166674958672],[152.971560120833,-27.816500155894346],[152.97052788663532,-27.81582902300301],[152.97003852554167,-27.815510823054552],[152.96950602543976,-27.8151646021106],[152.96931569340322,-27.815040848130693],[152.9687034122861,-27.81464271919514],[152.96833171721488,-27.814401044234284],[152.96823159619566,-27.814335934244802],[152.96707870797496,-27.8135862793662],[152.96668299289925,-27.813328980407864],[152.96595923576066,-27.812858350484063],[152.96569447970998,-27.812686182511936],[152.96546431566597,-27.812536514536156],[152.96512084460014,-27.812313176572303],[152.96485817354986,-27.812142364599996],[152.96454743349034,-27.811940282632726],[152.96449828148096,-27.811908333637888],[152.96421157642607,-27.811721883668067],[152.96392484037116,-27.811535462698235],[152.96363815731638,-27.81134899572842],[152.96335144326147,-27.811162552758596],[152.96357763625133,-27.810887886738115],[152.96391204023638,-27.81048181670781],[152.96462499420497,-27.809620633643213],[152.9647448811997,-27.809475041632336],[152.96474241519914,-27.809473447632616],[152.9650843371838,-27.80905822660163],[152.96526448417578,-27.808839462585297],[152.965325363173,-27.808765537579806],[152.9655651751623,-27.808474316558083],[152.96578007215265,-27.808213345538636],[152.96580618615147,-27.808181628536246],[152.96631962812853,-27.807558096489732],[152.96661938711503,-27.807194061462617],[152.96690933410213,-27.80684193143634],[152.96742280607904,-27.80621831038983],[152.96829669903985,-27.805157027310646],[152.96857198302757,-27.804822697285733],[152.9689030650127,-27.804420589255724],[152.96920078999935,-27.80405898322874],[152.9695011679859,-27.803694180201486],[152.96978893097292,-27.803344688175436],[152.97008266295978,-27.802987917148844],[152.9700832959598,-27.802987165148775],[152.97020837695413,-27.80283521813745],[152.97020900995412,-27.80283446513738],[152.97050873194073,-27.802470415110253],[152.97075989792944,-27.802165358087507],[152.971035599917,-27.801830507062476],[152.97131129390468,-27.801495640037494],[152.97166115788897,-27.801070719005814],[152.97212755686797,-27.800504213963563],[152.97296943491787,-27.800173102881864],[152.9738910200432,-27.800369700787964],[152.97430679909644,-27.80043274774581],[152.97472038914944,-27.800495460703896],[152.97515586020538,-27.80056149465973],[152.97569797227482,-27.800643689604772],[152.97667108539954,-27.80079123350611],[152.97737675949065,-27.800902828434477],[152.97737693049055,-27.800901934434506],[152.97748173043288,-27.800357311428293],[152.97756344138799,-27.799932658423412],[152.97673804323156,-27.79940773451026],[152.97661423720805,-27.79932898952329],[152.9760720211053,-27.79898415458038],[152.97586674206642,-27.79885360560198],[152.9757828040074,-27.798460632613445],[152.97570248695104,-27.798084638624495],[152.9756541919172,-27.797858565631078],[152.97557856089406,-27.797741628639628],[152.9753198918152,-27.797341666668675],[152.9752622537977,-27.797252542675157],[152.97499870471734,-27.796845048704785],[152.97505050167672,-27.79648023770247],[152.97516635758595,-27.79566428769728],[152.97449606747196,-27.795341393766975],[152.97394000737683,-27.795067763824875],[152.9738558614256,-27.795525646829642],[152.9738224074451,-27.795708155831583],[152.97378895446454,-27.795890672833515],[152.973755501484,-27.7960731818354],[152.9737337234968,-27.796192011836656],[152.97372204050356,-27.79625569183731],[152.97369150752135,-27.796422077839036],[152.97366098253903,-27.796588456840798],[152.97362749155855,-27.796770980842748],[152.97359695757623,-27.79693738184449],[152.973566425594,-27.797103775846246],[152.97353589261178,-27.79727017684801],[152.97350536062956,-27.79743656284973],[152.97349374663622,-27.797499848850403],[152.97347481264728,-27.797603038851502],[152.9734442656651,-27.797769515853222],[152.9734039376885,-27.79798929285552],[152.97297044763343,-27.797927393899446],[152.9729291956282,-27.797921504903584],[152.9727331766032,-27.797893513923484],[152.97254088457882,-27.79786605394295],[152.97249897557356,-27.79786006994722],[152.97234859255443,-27.79783859596245],[152.9721553025298,-27.797810991982004],[152.9720528415168,-27.797796359992407],[152.97196801850603,-27.797784250001005],[152.97178073348223,-27.797757510019956],[152.97160198545956,-27.797731987038098],[152.97156630645503,-27.79772689404168],[152.9713518694277,-27.79769626806338],[152.9711374344005,-27.797665645085143],[152.9709507453768,-27.797638982104075],[152.97076268535287,-27.797612129123113],[152.970574155329,-27.797585209142174],[152.9705124503211,-27.797576397148447],[152.97035850630144,-27.797554412164057],[152.97017041627763,-27.797527552183112],[152.97005604226314,-27.797511219194675],[152.96995575625036,-27.79749689420484],[152.96976817422643,-27.797470106223834],[152.96955407419927,-27.79743952724552],[152.96954444819806,-27.7974381512465],[152.96936204317484,-27.79741210426498],[152.96906144913666,-27.797369166295443],[152.96900770812985,-27.79736149230086],[152.96887443211298,-27.797342448314375],[152.96868740008912,-27.797315738333328],[152.96850036806535,-27.79728901335228],[152.96842322505557,-27.797277993360105],[152.96831333604163,-27.797262295371215],[152.96812631201792,-27.797235585390165],[152.96793927999414,-27.797208867409093],[152.96783342998063,-27.7971937424198],[152.9677522479704,-27.797182149428025],[152.96756521594654,-27.797155431447006],[152.9673498119192,-27.79712465346884],[152.96718933389877,-27.797101728485103],[152.96713440889184,-27.797093882490632],[152.96691900486442,-27.79706311151245],[152.96670360083706,-27.797032340534248],[152.96662398382696,-27.79702096354236],[152.9665165838133,-27.797005615553196],[152.96632955978956,-27.796978905572146],[152.96614253476574,-27.79695218759108],[152.96608812375888,-27.796944416596624],[152.96592713873844,-27.796921364612913],[152.9657117577111,-27.79689052663475],[152.96558992569558,-27.796873136647037],[152.96552473268724,-27.79686382365369],[152.9653377006635,-27.79683710567263],[152.96514391163882,-27.796809426692214],[152.96512229663617,-27.79680634269446],[152.9649068856088,-27.796775571716253],[152.96467438257923,-27.796742355739784],[152.96447399955377,-27.796713730760107],[152.96428874053015,-27.79668726677884],[152.9641017085064,-27.796660548797764],[152.96391468548268,-27.796633830816738],[152.96372766045894,-27.79660712083565],[152.9635406364351,-27.796580402854627],[152.96335361941132,-27.79655366987355],[152.96320929439304,-27.79653309188819],[152.96302227736928,-27.796506373907114],[152.96283517834553,-27.796479633926037],[152.96242060529278,-27.79642040196801],[152.96213973325712,-27.79638026599647],[152.96169508220066,-27.796316727041496],[152.96151462217773,-27.796290941059798],[152.96127349914707,-27.79625648908419],[152.96133824410964,-27.795905135080503],[152.9613644930945,-27.795762657079],[152.96146556703602,-27.79521410807318],[152.96149181602075,-27.795071631071664],[152.9615937019619,-27.794518678065838],[152.96162091194614,-27.794370986064287],[152.96171621989106,-27.793853669058816],[152.96174456887465,-27.793699845057183],[152.9619477237572,-27.792597226045537],[152.96211890065814,-27.791668056035732],[152.95960742233711,-27.791293687290196],[152.95806102513944,-27.791063151446842],[152.95775792010065,-27.791017584477505],[152.95640844892787,-27.790814712614242],[152.95703909486147,-27.789746343559525],[152.95671054682197,-27.789718016592655],[152.95636254474852,-27.78943720462968],[152.95615901069922,-27.78922314865179],[152.9559808076493,-27.788982010671504],[152.95573738159064,-27.788728370697896],[152.9552159094896,-27.788378185752865],[152.95500626447154,-27.788416510773548],[152.95483959548324,-27.788652373788363],[152.9545988744862,-27.788882738810642],[152.954400614463,-27.788870325830604],[152.9541318194341,-27.788873641857503],[152.95353666736153,-27.788811957917552],[152.95277322829594,-27.788951157992862],[152.95256494727477,-27.788962400013652],[152.95231328925354,-27.789011634038413],[152.95190593620117,-27.78894881807972],[152.9517460611749,-27.788878641096268],[152.9516053271596,-27.788878581110374],[152.95134513114036,-27.788950569135856],[152.951140396118,-27.788950480156316],[152.95091858510048,-27.789003498178133],[152.9508460690931,-27.789007268185323],[152.95064868807899,-27.789065487204613],[152.95037587705448,-27.789107195231605],[152.9499479090108,-27.78913003127424],[152.94976215099024,-27.789127855292914],[152.94966825797235,-27.789067454302735],[152.94939534393788,-27.78902990333036],[152.94851859683436,-27.78896658041862],[152.94818308880755,-27.789044253451603],[152.94794671980847,-27.789254292473615],[152.94785375083376,-27.78953419548069],[152.9478451828361,-27.789560004481373],[152.94736322779679,-27.789664342528752],[152.94679303476178,-27.78987839758414],[152.9463639627255,-27.789961844626443],[152.94602431369754,-27.79003339265988],[152.9457905666771,-27.79007233668295],[152.94540449965706,-27.790247082720217],[152.9450540686427,-27.790435133753768],[152.94473357462658,-27.790583951784683],[152.94433997556814,-27.79046058582508],[152.94418699952593,-27.790259523841932],[152.94410685350084,-27.790129809851017],[152.94410695947954,-27.7899612398523],[152.94399248145245,-27.789845755864675],[152.94381047042123,-27.78975572288361],[152.9434925173593,-27.78954038691711],[152.94300832627533,-27.789293198967517],[152.94271130922976,-27.789189687998046],[152.9425524701944,-27.789046607015088],[152.94231250114754,-27.788883260040382],[152.94188083006972,-27.78863974608546],[152.93743952350167,-27.78797478153507],[152.93729947548388,-27.787954203549265],[152.93872844387516,-27.789816453391612],[152.9390816840695,-27.79104831734659],[152.93978855027592,-27.792071356267755],[152.93980873430394,-27.792274996264123],[152.93980943435844,-27.792705393260665],[152.93975397940645,-27.793132960262877],[152.93964310744738,-27.793551906270636],[152.9394783234806,-27.79395659228396],[152.93926185350566,-27.794341533302568],[152.93730610561033,-27.796853780478465],[152.93647675965474,-27.79791907155302],[152.9333531328217,-27.80193096983385],[152.93332941082292,-27.801960489835974],[152.93309898683054,-27.80221972485704],[152.93284402783314,-27.80246011088062],[152.93256647883067,-27.802679827906644],[152.93226844782308,-27.802877193934915],[152.9319555308107,-27.803048884964845],[152.93130664516107,-27.806377894003546],[152.9306396685215,-27.80980153304327],[152.9305591805649,-27.81021469004803],[152.9269523835129,-27.82872207426293],[152.93265558924554,-27.829590664685654],[152.9326557532455,-27.82959068468565],[152.9327704622603,-27.829608159674045],[152.93277062626032,-27.829608179674043],[152.93317145131172,-27.829669221633424],[152.9335184323563,-27.829722068598297],[152.93036959644502,-27.833138857886386],[152.93036720844512,-27.83314144988659],[152.93127772156083,-27.833271135794487],[152.9318850336377,-27.833354226733103],[152.9334171458315,-27.83356383357817],[152.9341340809222,-27.833661910505718],[152.9343552439502,-27.8336921654833],[152.93454181297378,-27.83371768746448],[152.93477561600338,-27.833749670440817],[152.93521693405927,-27.83381003839618],[152.93538250508013,-27.833832687379463],[152.93557278010422,-27.833858714360222],[152.93592862714925,-27.83390738932426],[152.93640266120929,-27.833972228276313],[152.93660480123478,-27.83399987725587],[152.93692338627517,-27.834043453223668],[152.93736766733136,-27.83410421917874],[152.93753941035308,-27.834127709161343],[152.93771062937472,-27.83415112714404],[152.93781900438842,-27.834165949133048],[152.93838200545972,-27.83424295007614],[152.9386100254889,-27.83427721905304]]]}},{"type":"Feature","id":"2027-01-25-glenlogan","properties":{"collectionId":"2027-01-25","areaId":"glenlogan","areaName":"Glenlogan","startsOn":"2027-01-25","endsOn":"2027-02-05","putOutFrom":"2027-01-23"},"geometry":{"type":"Polygon","coordinates":[[[152.99666041057154,-27.848032399130037],[152.9966872475739,-27.84802825612738],[152.9967187415754,-27.848012700124343],[152.9968272445759,-27.847923531114187],[152.99692523457816,-27.847857161104873],[152.9970419025836,-27.847799099093628],[152.99713522858886,-27.84776073608459],[152.99722272859518,-27.847734808076005],[152.99738722260727,-27.84768918805988],[152.997494548616,-27.847665346049297],[152.99772787063645,-27.847625947026224],[152.99785385964722,-27.84760209801377],[152.99795185765436,-27.847574106004135],[152.99800901865706,-27.84754609999864],[152.9980498476582,-27.847520185994767],[152.99807901665608,-27.847477665992155],[152.99810001965366,-27.847441373990325],[152.9981151886453,-27.84736256898945],[152.99812101563552,-27.84728064998948],[152.99811285662554,-27.847209094990877],[152.99808835961244,-27.847126147994008],[152.99806152960053,-27.847055627997204],[152.99804636758972,-27.846983051999345],[152.99804285857732,-27.846888683000408],[152.99805103156316,-27.84677047900054],[152.9980720355535,-27.846676117999188],[152.99809186154917,-27.846625304997588],[152.99811986054664,-27.84658071999511],[152.99816581554322,-27.846514037991017],[152.99824313054552,-27.84646578798367],[152.99838013155465,-27.846419966970302],[152.99854155556827,-27.846388614954346],[152.9986459985776,-27.846371731944007],[152.99875448559024,-27.846378518933083],[152.9988688156031,-27.846381632921567],[152.99896913761648,-27.846400296911405],[152.99904847062825,-27.846425189903243],[152.99912429564262,-27.846472887895256],[152.99918962965856,-27.84654236488818],[152.99930161169118,-27.846703088875632],[152.9993226156984,-27.846741458873247],[152.9993354527053,-27.846785007871606],[152.99934477371565,-27.846858626870098],[152.99933894672307,-27.846921882870205],[152.99932144572995,-27.846991358871374],[152.9992855267325,-27.847042395874624],[152.99927046173497,-27.847075080875822],[152.99926248873663,-27.847094370876476],[152.99925818973787,-27.8471080948768],[152.9992627427393,-27.847115962876288],[152.99928120473984,-27.84710354287456],[152.99967335171505,-27.8465713028394],[152.99959646170103,-27.84652653984746],[153.00004718467702,-27.845949834806824],[153.0002222356677,-27.84572584779101],[153.0004526596554,-27.845431013770245],[153.0006946326505,-27.845184063747904],[153.000930398656,-27.845025098725547],[153.001013904658,-27.844968817717596],[153.0013695206743,-27.844790726683332],[153.00138468967495,-27.844783119681875],[153.00176247970066,-27.84466128764495],[153.00216288073548,-27.8445905446053],[153.00274588179576,-27.844564057547064],[153.00305329283776,-27.844630620515694],[153.00367102790008,-27.844590208454047],[153.00415802694926,-27.84455831240547],[153.00500161203658,-27.844521022321114],[153.00539980107783,-27.844503715281302],[153.00626323416736,-27.844466201195004],[153.00653807119681,-27.844462632167467],[153.00685148723056,-27.84445858613605],[153.0074997022923,-27.844386822071595],[153.00790267432933,-27.84433212003159],[153.00829123736276,-27.844261421993163],[153.0086987913951,-27.844166381953006],[153.0090821314234,-27.84405895191543],[153.00945122544823,-27.843937037879346],[153.00984321547188,-27.843786871841218],[153.01019993449322,-27.84364790380649],[153.01021553649414,-27.843642203804986],[153.01057524151213,-27.843474230770255],[153.0109151825241,-27.843276402737676],[153.01104785452816,-27.84319458072499],[153.01124901253445,-27.843070536705827],[153.01156926154104,-27.84284735467544],[153.01187942854543,-27.842615454646115],[153.01217415154537,-27.842361598618584],[153.0124599635419,-27.842088534592072],[153.01293368553385,-27.841617635548193],[153.01347506752455,-27.841079465498133],[153.0140164415153,-27.840541280448047],[153.01444300250805,-27.840117223408583],[153.01476105250254,-27.83980104237914],[153.01507908949714,-27.839484855349752],[153.0153971394917,-27.83916866732032],[153.01571517448627,-27.838852479290885],[153.0160332174808,-27.838536291261484],[153.01635126047537,-27.838220104232043],[153.01661837147074,-27.837954535207306],[153.01671665946907,-27.837856821198223],[153.01714295946184,-27.837432987158774],[153.01752188845524,-27.83705624812372],[153.0179684834477,-27.836612246082403],[153.018061779446,-27.83651948607374],[153.01830010943476,-27.836226194052152],[153.0185991824363,-27.83598079402409],[153.0189297574451,-27.835766969992576],[153.01936520646672,-27.83556238495048],[153.02007564850186,-27.83522859088178],[153.02011253651432,-27.835295362877574],[153.0204930155323,-27.835110081840813],[153.02051107553186,-27.83509100883918],[153.0205058895301,-27.83508138283978],[153.02039042949414,-27.834898224852832],[153.02031759246782,-27.834752953861283],[153.02028840044636,-27.834609380865334],[153.02029769943294,-27.8344960798653],[153.02032253941994,-27.834371721863782],[153.020421952408,-27.834192080855235],[153.0205058163866,-27.8339516508487],[153.02061426633244,-27.833432598841878],[153.02068704431412,-27.833225718836207],[153.0207527213061,-27.83310569683057],[153.0208361603003,-27.832988834823105],[153.02086988129136,-27.83288934682051],[153.02086961326214,-27.83265958582233],[153.02088201024165,-27.832487469822453],[153.02086599921483,-27.83229007482563],[153.0208340142026,-27.8322206058294],[153.02076119918976,-27.832182718836997],[153.02066175617674,-27.83216535884709],[153.02052857016284,-27.832170112860478],[153.0203811821511,-27.83220488487497],[153.02016808112728,-27.832200175896425],[153.01997723410258,-27.83216985991582],[153.01976589906988,-27.83209409493758],[153.019613162044,-27.832021480953514],[153.01946043201957,-27.831959916969314],[153.01939293700207,-27.831879390976702],[153.01938938299196,-27.831803588977685],[153.01943553998981,-27.831746733973464],[153.01954384098875,-27.83164565896341],[153.01964683099274,-27.831588795953532],[153.01973561199986,-27.83156825494475],[153.0198563710126,-27.831565080932698],[153.01999665803052,-27.83158558491846],[153.02013694504404,-27.83157135390448],[153.02021329904628,-27.831523968897184],[153.02022216504128,-27.831476597896664],[153.02019551402836,-27.831397651899998],[153.0201457740145,-27.831331333905503],[153.0200889480029,-27.831288701911514],[153.0199834629799,-27.83119777492285],[153.0198733139311,-27.830908811936172],[153.0198306659074,-27.830758801941617],[153.01982710490066,-27.830708271942346],[153.01977204488998,-27.8306719649482],[153.01967970987772,-27.830654604957598],[153.01959980287083,-27.830668827965503],[153.01944175385623,-27.830689376981198],[153.01932455584222,-27.83067991499306],[153.01908481880986,-27.830631002017498],[153.01891611478635,-27.830591551034722],[153.01867458174365,-27.83046209006002],[153.01855026872366,-27.830411582072873],[153.01837979269885,-27.830362647090382],[153.01827143068516,-27.830347708101336],[153.0179233916479,-27.83035406413625],[153.017754695639,-27.830428316152574],[153.01744750861957,-27.830538883182516],[153.01725750359958,-27.83054523120153],[153.01711676957896,-27.830504185215993],[153.01699244955483,-27.83042050822911],[153.01690897252908,-27.830289460238582],[153.01684147851165,-27.83021051324594],[153.01674380249136,-27.83013471925635],[153.01656621746622,-27.830088957274523],[153.0163986834455,-27.830070040291492],[153.01626195043218,-27.830082699305116],[153.0161660614255,-27.830112710314474],[153.0160115814179,-27.830185368329442],[153.015837565403,-27.83021696634668],[153.01573989539116,-27.83020751135655],[153.01566885437754,-27.830161720364],[153.01560667935718,-27.83005434937111],[153.01556582033606,-27.829923286376232],[153.01555693132306,-27.829828537377885],[153.0154823212912,-27.829642220386816],[153.01545035127538,-27.829544305390822],[153.01543968226392,-27.82946377139252],[153.0154059312517,-27.829395882396394],[153.0153755842445,-27.829365647399698],[153.01536096622183,-27.82919945540247],[153.01460239305314,-27.82852265148396],[153.0143587659989,-27.828305161510116],[153.00996499502253,-27.82438928498185],[153.00973564397154,-27.82418483400647],[153.00833355565888,-27.822926252157064],[153.0082520396407,-27.82285308016584],[153.00816321362487,-27.822805053175077],[153.0064792783257,-27.821894511351207],[153.00495219998902,-27.82055368951499],[153.00457107994018,-27.820496804553667],[153.00397799187118,-27.820462621613405],[153.00369698589867,-27.820920966638027],[153.00323161490672,-27.821384526681],[153.00220777084448,-27.821773594780616],[153.0011094657572,-27.82203020788878],[153.000057696695,-27.822444094990992],[152.99907106864202,-27.82287452308656],[152.99837297159206,-27.823081455154924],[152.9979261975549,-27.823172501199025],[152.99752595252602,-27.823288380238207],[152.99733050150985,-27.823329768257477],[152.99666904744214,-27.823364935323564],[152.99598027037757,-27.823447688391997],[152.99476092328976,-27.823803588511442],[152.9934484811969,-27.824200860639888],[152.99193125208598,-27.824631212788653],[152.9904047099772,-27.825086376938128],[152.98950181190807,-27.825318090026833],[152.9891452788743,-27.82535848706221],[152.98860804684386,-27.825580752114305],[152.98827293483978,-27.825836151145932],[152.9878154698312,-27.82616248618922],[152.98739521186218,-27.82676789122656],[152.98709729289024,-27.827245592252616],[152.9869642409477,-27.827813185261512],[152.98695356399935,-27.8282294342593],[152.9869456961432,-27.82937055725107],[152.9868511862347,-27.83017347725423],[152.98676070627948,-27.8306038972599],[152.986703612328,-27.831035427262226],[152.98657819639251,-27.83165261826995],[152.9865424194596,-27.83221209726913],[152.98651044053346,-27.83282226226755],[152.98634742162722,-27.833701297276917],[152.9862728856895,-27.83425588828004],[152.98626352773462,-27.83462010227811],[152.9861331577708,-27.835017412288046],[152.9858817228305,-27.835704422307867],[152.98554649189785,-27.836523867334996],[152.98507162195511,-27.837384685375792],[152.9846363289925,-27.83805393341415],[152.98449663802876,-27.83845952842497],[152.98445934806875,-27.838807180425945],[152.98432895511337,-27.8392707104354],[152.98430094118487,-27.839858412433546],[152.984421872282,-27.84052063441623],[152.98450558635201,-27.841000742404017],[152.98460871739806,-27.84127421639157],[152.98481064340257,-27.84113667837236],[152.98676723160563,-27.84105244917693],[152.9869291335991,-27.840862251162207],[152.98749198769826,-27.84115942510342],[152.98801729781897,-27.841659202046838],[152.98803584982315,-27.841676115044866],[152.98808228182313,-27.841636217040506],[152.98810320282072,-27.841598323038713],[152.988117798813,-27.84152578503784],[152.98812492180315,-27.841441362037763],[152.98813207377177,-27.841188095039033],[152.98813445076664,-27.841145887039158],[152.9881487037527,-27.841023474038654],[152.9882056937404,-27.840877852034094],[152.98822706173124,-27.840787104032678],[152.98827552070554,-27.840542725029767],[152.98829624769522,-27.840443305028444],[152.98833166068576,-27.840338497025712],[152.98835383368422,-27.840307116023755],[152.98852611268012,-27.84012622300792],[152.98864819867595,-27.83998874499677],[152.98866312167357,-27.83995738499553],[152.98866312966592,-27.839897087995993],[152.9886658556591,-27.83984040399616],[152.9886875596575,-27.83980904399425],[152.98872689866036,-27.839798195990348],[152.9887748726662,-27.839802800985517],[152.98884133167684,-27.83982933197865],[152.98909633570602,-27.839840216952986],[152.9893445447313,-27.839825755928253],[152.98949239374835,-27.839833004913334],[152.98966601477042,-27.839857144895735],[152.98981647879344,-27.839909529880245],[152.98984547679876,-27.839926099877225],[152.98991382080806,-27.83994083787026],[152.99009815583327,-27.83998134585143],[152.9902431218541,-27.84002002183663],[152.99031146586339,-27.840034751829634],[152.99034460586748,-27.840038432826287],[152.990411243875,-27.84004018381962],[152.99046956687994,-27.84002932781382],[152.99058622889575,-27.840053452801985],[152.99067438390992,-27.840089647792823],[152.99070963992347,-27.840165628788686],[152.99069471693227,-27.84024763778958],[152.990662157938,-27.84032119679225],[152.9905739799373,-27.840391150800514],[152.99048310493188,-27.840427322809358],[152.99042326192819,-27.84044899681517],[152.99037770192592,-27.84047107981959],[152.99033117992454,-27.840499675824027],[152.99028912892618,-27.84054911782783],[152.99026878193385,-27.84062751282925],[152.99026063094541,-27.84072519682933],[152.9902877579544,-27.840772232826254],[152.9903300329637,-27.840809828821676],[152.9904342369853,-27.840890428810592],[152.9905183319959,-27.84090129880211],[152.9906702490079,-27.840865126787158],[152.9907624870131,-27.840826539778185],[152.99084658901887,-27.840800015769965],[152.99096594803095,-27.840792781758093],[152.99121280806193,-27.840824155733042],[152.99132685407778,-27.84085070172141],[152.99139060109397,-27.840923077714436],[152.99138380610333,-27.841003879714506],[152.99130106710206,-27.841064168722347],[152.99122510909737,-27.841093114729727],[152.991172440092,-27.841095483735014],[152.99115042408957,-27.84109548373721],[152.9911215160855,-27.84108814474014],[152.99107610407611,-27.841053886745],[152.9910389560698,-27.841035535748873],[152.9909921590633,-27.841024516753652],[152.9909605160598,-27.8410245167568],[152.9909316080585,-27.841039201759596],[152.9908875750579,-27.841072222763717],[152.99088206905856,-27.84108200576419],[152.99087931206006,-27.841096697764343],[152.99088618906336,-27.84111626276348],[152.99093160007308,-27.841154186758658],[152.99104856709414,-27.841219036746423],[152.99120269711912,-27.841283878730415],[152.991373353146,-27.841348729712866],[152.9914655541606,-27.841384201703317],[152.99153848717054,-27.841400116695898],[152.99168436218932,-27.84142214068105],[152.9917284031949,-27.841428264676633],[152.99178482620042,-27.841423376670996],[152.9918385002049,-27.841412364665658],[152.99186327320595,-27.84139890966331],[152.99188116920362,-27.841365888661798],[152.99188667519985,-27.841331622661514],[152.99187834618812,-27.84124592666304],[152.99187021017974,-27.84118682066427],[152.9918797171731,-27.841126530663846],[152.9919529631674,-27.841017990657306],[152.9920302851693,-27.840967341649954],[152.99208860817515,-27.84096252164419],[152.99216727218703,-27.84098906063606],[152.99222559520112,-27.841049365629768],[152.99231510622295,-27.841144643619998],[152.9923897092383,-27.841201334612133],[152.99244817324674,-27.84121789760611],[152.99252248625908,-27.84125093359838],[152.99261330827795,-27.841321885588716],[152.99267935829425,-27.84139284458155],[152.99273391831483,-27.841508298575135],[152.9927705383301,-27.841597541570813],[152.9928003773409,-27.8416566395673],[152.99286818535555,-27.8417133315601],[152.99290481236227,-27.841735042556262],[152.99310690939376,-27.841809816535385],[152.9932127004128,-27.841868921524295],[152.99328730342816,-27.84192561351641],[152.99331578643762,-27.841975055513156],[152.99331849144733,-27.842049829512277],[152.99330628744866,-27.84207033351335],[152.99326558445037,-27.842118575517055],[152.99324659345513,-27.84217284551854],[152.9932370934594,-27.84221505351914],[152.9932425254659,-27.84226088151822],[152.99326965247337,-27.84229706951524],[152.99335089348722,-27.84233605050677],[152.99340456749647,-27.842362962501205],[152.99343483850336,-27.842391103497917],[152.9934513485092,-27.842422909496044],[152.993456854514,-27.842455937495192],[152.99344722151793,-27.842495083495844],[152.9934169425194,-27.842533006498623],[152.9933770295187,-27.842562362502388],[152.99329032651806,-27.842631592510525],[152.99314247051848,-27.842761843524347],[152.99300546151267,-27.84283418953749],[152.99286033150082,-27.8428655415518],[152.99273689848826,-27.842872768564153],[152.99262159347674,-27.842881209575626],[152.99251985547315,-27.84294030058533],[152.99245475247642,-27.843022301591212],[152.99239161647714,-27.843082226597094],[152.99229528047132,-27.843118912606442],[152.99218105546174,-27.843142151617744],[152.99202416144777,-27.843166611633237],[152.99196223244147,-27.843170277639423],[152.99192920343881,-27.843177616642702],[152.99190992943872,-27.843193515644522],[152.991904423441,-27.843216761644857],[152.9919209334467,-27.843247346642997],[152.9920021304658,-27.843328080634226],[152.99211359849227,-27.84344063662214],[152.9923310125533,-27.843734248598025],[152.99242184257608,-27.84383578558811],[152.9925443156086,-27.843986264574642],[152.9925972296306,-27.844114370568352],[152.99263655365021,-27.84423498056344],[152.99272743567238,-27.844331465553584],[152.9928401776953,-27.84441566454162],[152.99291036271168,-27.844484164534048],[152.9929805467259,-27.844535558526577],[152.99302872273392,-27.84455757552155],[152.99304798173762,-27.84456980951959],[152.99306037274096,-27.844585716518203],[152.9930644927447,-27.844611398517586],[152.9930631217487,-27.844644434517452],[152.99303971975283,-27.84469703551938],[152.99294887476114,-27.844840161527376],[152.992903448765,-27.844909883531354],[152.9928717987727,-27.84499795653386],[152.99283738378503,-27.845125182536336],[152.99283324179484,-27.84520592453606],[152.9928263568089,-27.845322131535863],[152.99283322682098,-27.845411441534445],[152.99285250183073,-27.845471389532033],[152.99290616084443,-27.84553378052619],[152.9930121378636,-27.84559372751509],[152.99314837888318,-27.845630429501128],[152.9932089448929,-27.84565489649488],[152.9932515919011,-27.845683037490346],[152.99328462790967,-27.845722183486735],[152.99329701091665,-27.845766230485165],[152.9932956319274,-27.845851852484603],[152.9932557119416,-27.845998651487506],[152.9932295529445,-27.846043914489762],[152.99320753694536,-27.846069603491745],[152.99318551294465,-27.84608305949384],[152.99314834894136,-27.84608916849754],[152.9930588979302,-27.84607816450661],[152.99294192291185,-27.84603410951864],[152.99281392189198,-27.84598762453186],[152.9927795228876,-27.845982729535308],[152.99273686088375,-27.845988839539572],[152.9926969408829,-27.846016972543342],[152.99266391188618,-27.846070795546268],[152.9926446378946,-27.846153981547527],[152.99265014390468,-27.846228599546368],[152.99269141991869,-27.846303224541675],[152.9928083939454,-27.846413328529053],[152.9928510559553,-27.846454932524445],[152.99286756695975,-27.846475719522616],[152.99287582196328,-27.846496521521665],[152.9928744509662,-27.846520989521604],[152.99285380496744,-27.846547893523425],[152.99274919896078,-27.846585817533647],[152.99269965295957,-27.846618845538313],[152.99264735696013,-27.846667773543185],[152.99260193896353,-27.846733830547258],[152.99258403496805,-27.846785209548596],[152.99258402697913,-27.84687206054791],[152.99259091199255,-27.846972375546436],[152.99259641000398,-27.847058012545233],[152.99262392501404,-27.847113057542057],[152.99266108902398,-27.847159541537962],[152.9927271380376,-27.847209706530943],[152.992764302043,-27.847220718527097],[152.99283311504897,-27.847208491520338],[152.99292533105637,-27.847187697511245],[152.9930161610619,-27.847152225502434],[152.9931125040668,-27.84710819249305],[152.9932019710689,-27.847048252484576],[152.99327766906745,-27.84697119047761],[152.99332584406815,-27.84693571847308],[152.99338364607183,-27.846914916467444],[152.99349512908182,-27.846897795456357],[152.9936134890929,-27.84688312544462],[152.9936988130994,-27.84686110843626],[152.99384608110873,-27.84680728542189],[152.9939451741134,-27.846759587412322],[152.99405941411814,-27.846698425401385],[152.99415299312093,-27.846639714392488],[152.99420667412403,-27.846617690387227],[152.99424246712618,-27.84660424238373],[152.99427136012875,-27.84659934738091],[152.99430576713303,-27.84660301337744],[152.99439660514665,-27.846632375368056],[152.9944585341569,-27.846660516361666],[152.99449706816256,-27.846671528357728],[152.99453560316698,-27.84667275035383],[152.994634695176,-27.846659302344],[152.9948026021911,-27.84663362032736],[152.9950971232139,-27.846560224298404],[152.99523090622455,-27.846528551285257],[152.99533778422972,-27.846477411274904],[152.99539534022952,-27.846426262269564],[152.99551592021922,-27.84624113025891],[152.99557896021494,-27.846153437253307],[152.99564199921255,-27.84608036924757],[152.99574491421117,-27.845981090237988],[152.9957788292109,-27.845949731234832],[152.99582358421148,-27.845915957230638],[152.99594024621973,-27.84587979221925],[152.99603655223214,-27.84589546120946],[152.99610166324175,-27.845914765202764],[152.9961658492533,-27.845950215196023],[152.9963128422766,-27.84600830018087],[152.99638866628962,-27.846044592172966],[152.99647732830684,-27.846104733163628],[152.99651347831545,-27.84614102415967],[152.99654498732835,-27.84621569415593],[152.9965613113361,-27.84626338515392],[152.99658114535185,-27.8463701891511],[152.99659280535963,-27.846421002149548],[152.99661846536821,-27.84646663014656],[152.99670130039365,-27.846596247137246],[152.9968424444357,-27.84680570612147],[152.99687860944806,-27.846872083117336],[152.9969042694622,-27.846961251114028],[152.9969182614706,-27.84701517911222],[152.99691709147652,-27.847062877111956],[152.9968739234882,-27.847192495115273],[152.9968435994936,-27.84726092911773],[152.99677710150087,-27.84737499012354],[152.9967455935082,-27.84746000812601],[152.9967292615137,-27.847518085127216],[152.99672108852062,-27.84757926212751],[152.99672108852982,-27.847651846126954],[152.9967164245338,-27.847687102127118],[152.99669542153617,-27.847723394128945],[152.99658926554156,-27.847857154138563],[152.99657525854332,-27.847883082139735],[152.99656942454527,-27.847903817140175],[152.99657291855038,-27.847941144139558],[152.99658341655672,-27.847981586138197],[152.99660091756206,-27.848008557136176],[152.9966289175674,-27.848027213133243],[152.99666041057154,-27.848032399130037]]]}},{"type":"Feature","id":"2027-01-25-jimboomba","properties":{"collectionId":"2027-01-25","areaId":"jimboomba","areaName":"Jimboomba","startsOn":"2027-01-25","endsOn":"2027-02-05","putOutFrom":"2027-01-23"},"geometry":{"type":"Polygon","coordinates":[[[153.06798075937138,-27.793116598401028],[153.06611665318783,-27.793268888587306],[153.06579094415576,-27.793295457619845],[153.06552927913086,-27.79332398564591],[153.06522712909793,-27.793324134676297],[153.0646316260306,-27.793304255736338],[153.06412396597892,-27.793331934787155],[153.06285391685446,-27.793440705914033],[153.06049212762272,-27.79364060514989],[153.06010218658702,-27.793693698188616],[153.05895141549,-27.79391568830255],[153.05872198246695,-27.793931461325503],[153.0584842264374,-27.793902128349615],[153.05480128492354,-27.793014815726824],[153.05076190132132,-27.791736110142867],[153.04814680689964,-27.79065826441415],[153.04800796487729,-27.790601036428566],[153.0471558347399,-27.790249801516918],[153.04701051071643,-27.790189906531978],[153.043875448211,-27.788897609857145],[153.04370222218165,-27.78881496787519],[153.0436037561834,-27.78891263788431],[153.04297403219857,-27.789572475942432],[153.0425481952065,-27.789999811981804],[153.0422774262062,-27.790229916007217],[153.04206325120376,-27.79039429002739],[153.04191800219968,-27.790486350041288],[153.04167106018673,-27.790595933065223],[153.04150439817565,-27.790651320081512],[153.04009714005784,-27.79093080722066],[153.03806731088596,-27.79131776742151],[153.0376736148491,-27.791364475460693],[153.0374987648296,-27.791360824478296],[153.03726094179953,-27.791328183502433],[153.02818189563408,-27.789934925425143],[153.02796520260966,-27.78992839144691],[153.0278391315999,-27.789959184459335],[153.02773784059548,-27.790011792469123],[153.02764748759702,-27.79010171347747],[153.02759288960422,-27.790204517482124],[153.02756075561268,-27.790299660484614],[153.0273343246946,-27.791138864500724],[153.027260526721,-27.791410535505996],[153.02695467283132,-27.792541391527756],[153.0268732528746,-27.792952447532695],[153.0262308342156,-27.79618962057168],[153.0261735252459,-27.79647731757515],[153.02610757928,-27.796801894579204],[153.02604985230974,-27.797086029582786],[153.02496313987018,-27.802433773649714],[153.02490539090002,-27.80271799865325],[153.02482116994435,-27.803139075658386],[153.0247716829704,-27.803386508661426],[153.02492172301197,-27.80358534264481],[153.02577647624028,-27.80465004555059],[153.02593770628664,-27.804876602532623],[153.02608454233123,-27.805101870516072],[153.02628177439513,-27.805435955493667],[153.02649584446831,-27.80582874946905],[153.0266772655378,-27.806220434447766],[153.0280008470667,-27.80925007129098],[153.02789719405317,-27.80923243530155],[153.02754522900818,-27.80917988633733],[153.0255507447545,-27.808893337539818],[153.02527034971996,-27.808862156568203],[153.0252192987572,-27.80919938457065],[153.02505449977167,-27.809454842585208],[153.02496412378403,-27.809629864592853],[153.02491097879562,-27.809767052597113],[153.02484168079255,-27.809801727603837],[153.02466361978452,-27.809891879620977],[153.02443952078545,-27.81009125664191],[153.02409263678854,-27.810413546674187],[153.02373959879137,-27.81073857070707],[153.02324535679153,-27.81116466075335],[153.0230519467934,-27.811344912771332],[153.02268049079345,-27.81166448280609],[153.02236120378222,-27.81185021883668],[153.02200773375918,-27.811971744871194],[153.02166737572387,-27.811985990905224],[153.02125786167625,-27.81196240994651],[153.02085366062312,-27.81189150998766],[153.02051328857706,-27.8118206180224],[153.0201622615244,-27.811707145058527],[153.0198325144752,-27.81160313509241],[153.01961130644696,-27.81157027811487],[153.01920711240115,-27.81155614515557],[153.01877102335362,-27.811556204199334],[153.0184519293158,-27.81153259323152],[153.01806369427115,-27.811513728270675],[153.01777119223556,-27.811485379300226],[153.0174467861997,-27.811480693332854],[153.0170532241484,-27.811414524372843],[153.01657457608906,-27.81135781842132],[153.01621825204182,-27.811291641457643],[153.01596829300794,-27.811239636483094],[153.01555345194464,-27.811097785525877],[153.01511733987851,-27.810951202570795],[153.01479922182293,-27.81078657460403],[153.01452798377719,-27.8106588936322],[153.01429928774084,-27.81056904765589],[153.0139855067007,-27.810521773687753],[153.01354409764838,-27.810488706732304],[153.01327818561214,-27.810431970759456],[153.01276762754154,-27.810313767811618],[153.0123421624795,-27.810190825855262],[153.01202838143155,-27.810082061887606],[153.01173055938892,-27.810001677918113],[153.01139018734213,-27.809926024952844],[153.01099292228986,-27.80985497599329],[153.01100882928134,-27.809773741992334],[153.01086951024763,-27.809628135007433],[153.01069438521316,-27.809507250025952],[153.01056526619402,-27.80946771703921],[153.01034668116372,-27.809416263061593],[153.01020578314805,-27.809413425075743],[153.01007076412702,-27.8093638710897],[153.00994004310868,-27.809331483103048],[153.00973431808478,-27.809320054123805],[153.00951358705998,-27.80931435414596],[153.00934214104012,-27.80930484016325],[153.0091557060217,-27.809320099181836],[153.00887993699044,-27.80931069620958],[153.00869349397132,-27.809320240228185],[153.0085006279491,-27.809310726247624],[153.00826489892341,-27.80931073327124],[153.00804631390176,-27.809327914293075],[153.0077441558706,-27.809341273323266],[153.00751485684896,-27.80936796134604],[153.00724022081803,-27.80936071937367],[153.00727460485035,-27.80958547336843],[153.00685062981117,-27.80964080941054],[153.00641817578602,-27.809814296452597],[153.00611858077696,-27.810000337481128],[153.00582180177173,-27.810214042509234],[153.00551655077803,-27.81052578953741],[153.0051717387928,-27.810938097568716],[153.00498131681863,-27.81130608858492],[153.00488804985827,-27.811698279591198],[153.0047184678962,-27.812143250604684],[153.00465913092586,-27.812427341608412],[153.0045241939721,-27.812907494618184],[153.00429239908655,-27.81400974763275],[153.00418074417524,-27.814804397637662],[153.0041528422437,-27.81536728063601],[153.004218012297,-27.815731487626618],[153.0042552583515,-27.81612881961973],[153.00420873640834,-27.816617197620552],[153.0041156934896,-27.817337348624193],[153.0041622515577,-27.81783400461562],[153.0042087956015,-27.81813968660856],[153.00421812366767,-27.818652890603623],[153.00436706776478,-27.819290264583653],[153.00433916580695,-27.819646194583594],[153.00411580485817,-27.820242188601345],[153.00397799187118,-27.820462621613405],[153.00457107994018,-27.820496804553667],[153.00495219998902,-27.82055368951499],[153.0064792783257,-27.821894511351207],[153.00816321362487,-27.822805053175077],[153.0082520396407,-27.82285308016584],[153.00833355565888,-27.822926252157064],[153.00973564397154,-27.82418483400647],[153.00996499502253,-27.82438928498185],[153.0143587659989,-27.828305161510116],[153.01460239305314,-27.82852265148396],[153.01536096622183,-27.82919945540247],[153.0153755842445,-27.829365647399698],[153.0154059312517,-27.829395882396394],[153.01543968226392,-27.82946377139252],[153.01545035127538,-27.829544305390822],[153.0154823212912,-27.829642220386816],[153.01555693132306,-27.829828537377885],[153.01556582033606,-27.829923286376232],[153.01560667935718,-27.83005434937111],[153.01566885437754,-27.830161720364],[153.01573989539116,-27.83020751135655],[153.015837565403,-27.83021696634668],[153.0160115814179,-27.830185368329442],[153.0161660614255,-27.830112710314474],[153.01626195043218,-27.830082699305116],[153.0163986834455,-27.830070040291492],[153.01656621746622,-27.830088957274523],[153.01674380249136,-27.83013471925635],[153.01684147851165,-27.83021051324594],[153.01690897252908,-27.830289460238582],[153.01699244955483,-27.83042050822911],[153.01711676957896,-27.830504185215993],[153.01725750359958,-27.83054523120153],[153.01744750861957,-27.830538883182516],[153.017754695639,-27.830428316152574],[153.0179233916479,-27.83035406413625],[153.01827143068516,-27.830347708101336],[153.01837979269885,-27.830362647090382],[153.01855026872366,-27.830411582072873],[153.01867458174365,-27.83046209006002],[153.01891611478635,-27.830591551034722],[153.01908481880986,-27.830631002017498],[153.01932455584222,-27.83067991499306],[153.01944175385623,-27.830689376981198],[153.01959980287083,-27.830668827965503],[153.01967970987772,-27.830654604957598],[153.01977204488998,-27.8306719649482],[153.01982710490066,-27.830708271942346],[153.0198306659074,-27.830758801941617],[153.0198733139311,-27.830908811936172],[153.0199834629799,-27.83119777492285],[153.0200889480029,-27.831288701911514],[153.0201457740145,-27.831331333905503],[153.02019551402836,-27.831397651899998],[153.02022216504128,-27.831476597896664],[153.02021329904628,-27.831523968897184],[153.02013694504404,-27.83157135390448],[153.01999665803052,-27.83158558491846],[153.0198563710126,-27.831565080932698],[153.01973561199986,-27.83156825494475],[153.01964683099274,-27.831588795953532],[153.01954384098875,-27.83164565896341],[153.01943553998981,-27.831746733973464],[153.01938938299196,-27.831803588977685],[153.01939293700207,-27.831879390976702],[153.01946043201957,-27.831959916969314],[153.019613162044,-27.832021480953514],[153.01976589906988,-27.83209409493758],[153.01997723410258,-27.83216985991582],[153.02016808112728,-27.832200175896425],[153.0203811821511,-27.83220488487497],[153.02052857016284,-27.832170112860478],[153.02066175617674,-27.83216535884709],[153.02076119918976,-27.832182718836997],[153.0208340142026,-27.8322206058294],[153.02086599921483,-27.83229007482563],[153.02088201024165,-27.832487469822453],[153.02086961326214,-27.83265958582233],[153.02086988129136,-27.83288934682051],[153.0208361603003,-27.832988834823105],[153.0207527213061,-27.83310569683057],[153.02068704431412,-27.833225718836207],[153.02061426633244,-27.833432598841878],[153.0205058163866,-27.8339516508487],[153.020421952408,-27.834192080855235],[153.02032253941994,-27.834371721863782],[153.02029769943294,-27.8344960798653],[153.02028840044636,-27.834609380865334],[153.02031759246782,-27.834752953861283],[153.02039042949414,-27.834898224852832],[153.0205058895301,-27.83508138283978],[153.02051107553186,-27.83509100883918],[153.0204930155323,-27.835110081840813],[153.02011253651432,-27.835295362877574],[153.02007564850186,-27.83522859088178],[153.01936520646672,-27.83556238495048],[153.0189297574451,-27.835766969992576],[153.0185991824363,-27.83598079402409],[153.01830010943476,-27.836226194052152],[153.018061779446,-27.83651948607374],[153.0179684834477,-27.836612246082403],[153.01752188845524,-27.83705624812372],[153.01714295946184,-27.837432987158774],[153.01671665946907,-27.837856821198223],[153.01661837147074,-27.837954535207306],[153.01635126047537,-27.838220104232043],[153.0160332174808,-27.838536291261484],[153.01571517448627,-27.838852479290885],[153.0153971394917,-27.83916866732032],[153.01507908949714,-27.839484855349752],[153.01476105250254,-27.83980104237914],[153.01444300250805,-27.840117223408583],[153.0140164415153,-27.840541280448047],[153.01347506752455,-27.841079465498133],[153.01293368553385,-27.841617635548193],[153.0124599635419,-27.842088534592072],[153.01217415154537,-27.842361598618584],[153.01187942854543,-27.842615454646115],[153.01156926154104,-27.84284735467544],[153.01124901253445,-27.843070536705827],[153.01104785452816,-27.84319458072499],[153.0109151825241,-27.843276402737676],[153.01057524151213,-27.843474230770255],[153.01021553649414,-27.843642203804986],[153.01019993449322,-27.84364790380649],[153.00984321547188,-27.843786871841218],[153.00945122544823,-27.843937037879346],[153.0090821314234,-27.84405895191543],[153.0086987913951,-27.844166381953006],[153.00829123736276,-27.844261421993163],[153.00790267432933,-27.84433212003159],[153.0074997022923,-27.844386822071595],[153.00685148723056,-27.84445858613605],[153.00653807119681,-27.844462632167467],[153.00626323416736,-27.844466201195004],[153.00539980107783,-27.844503715281302],[153.00500161203658,-27.844521022321114],[153.00415802694926,-27.84455831240547],[153.00367102790008,-27.844590208454047],[153.00305329283776,-27.844630620515694],[153.00274588179576,-27.844564057547064],[153.00216288073548,-27.8445905446053],[153.00176247970066,-27.84466128764495],[153.00138468967495,-27.844783119681875],[153.0013695206743,-27.844790726683332],[153.001013904658,-27.844968817717596],[153.000930398656,-27.845025098725547],[153.0006946326505,-27.845184063747904],[153.0004526596554,-27.845431013770245],[153.0002222356677,-27.84572584779101],[153.00004718467702,-27.845949834806824],[152.99959646170103,-27.84652653984746],[152.99967335171505,-27.8465713028394],[152.99928120473984,-27.84710354287456],[152.9992627427393,-27.847115962876288],[152.99930197675246,-27.847185498871816],[152.99934550376062,-27.847212283867222],[152.99948482177854,-27.847233070853132],[152.99966058879662,-27.847224874835565],[152.99985706781467,-27.847197814816024],[152.99997606882738,-27.8471953638041],[153.00015180585103,-27.84723102878625],[153.00031784887187,-27.84725193576939],[153.0004396138827,-27.847232258757323],[153.0005973648958,-27.847200280741777],[153.00071912990785,-27.847190438729655],[153.00080769491842,-27.84719781472069],[153.00087687392787,-27.847212574713634],[153.00094052394107,-27.847261778706855],[153.00097650295092,-27.8473085087029],[153.0010290819701,-27.847414284696775],[153.00103738898008,-27.847485623695412],[153.0010401529907,-27.847566797694498],[153.0010235460079,-27.84771684569496],[153.00100694601764,-27.847807853695922],[153.00100694602577,-27.847871817695427],[153.00102078903763,-27.847952991693376],[153.00105399604686,-27.847997270689714],[153.00111211805722,-27.848029247683627],[153.0011895970661,-27.848031706675815],[153.00131137707433,-27.847992352663947],[153.0013860910806,-27.847977585656537],[153.0014497410879,-27.84798004465015],[153.00149679209525,-27.84799727064531],[153.00152446310202,-27.848026789642315],[153.00153553510822,-27.848066135640888],[153.00154384211905,-27.848144858639422],[153.00155767813303,-27.84824325063726],[153.0016130361532,-27.848353944630833],[153.00169329317416,-27.848449877622034],[153.00190638821735,-27.848607301599422],[153.00204753124376,-27.848693400584587],[153.0021665392639,-27.8487499725722],[153.00226339727823,-27.848779491562254],[153.0024211412983,-27.848801619546215],[153.00252077730912,-27.848801619536225],[153.00261486332036,-27.848809003526743],[153.00270619233254,-27.84882621451746],[153.00280582934775,-27.848860658507174],[153.00285010035662,-27.848892628502497],[153.00287777936342,-27.848922147499493],[153.00288885136965,-27.84896150949808],[153.00289162237559,-27.849005788497447],[153.0028805513806,-27.84905497649816],[153.00285841538255,-27.849089420500107],[153.002814129383,-27.849131233504217],[153.00269790037936,-27.84920257251529],[153.00262872137776,-27.84924931752189],[153.00257889937893,-27.849300972526482],[153.00255399938237,-27.849350176528585],[153.00254846438736,-27.849394447528812],[153.00255676439463,-27.849443643527565],[153.00258444240256,-27.84948300552448],[153.0026204144099,-27.849510058520654],[153.002659164417,-27.84953219351664],[153.00270897942337,-27.84953957751154],[153.00279477243095,-27.849524817503053],[153.00287225843553,-27.8494952984955],[153.00294975243935,-27.84945839548807],[153.00303276644433,-27.849426418479986],[153.00310473145103,-27.849416583472838],[153.00320158946286,-27.84942641846306],[153.0032873824737,-27.849438711454354],[153.0034091554908,-27.849468230441914],[153.00351431950224,-27.849468223431323],[153.00360101450926,-27.84944895642282],[153.00368019851248,-27.849405765415167],[153.00375396751136,-27.849333792408338],[153.00381874951233,-27.849285810402208],[153.00389252551614,-27.849252216395087],[153.00394651252003,-27.849236227389838],[153.00401488652662,-27.849229819383034],[153.0040760705348,-27.84924101737679],[153.00415345254603,-27.849263406368834],[153.00427582056795,-27.849330581356053],[153.00444138059805,-27.849424935338696],[153.00456914262247,-27.849508106325192],[153.0046339176361,-27.849559291318318],[153.00472570165977,-27.849666453308263],[153.00477429467293,-27.849728829302915],[153.00481028868296,-27.849776811298888],[153.00482647869077,-27.849824793296904],[153.0048282816959,-27.84986317129642],[153.00482288670096,-27.84990795629662],[153.0048084857064,-27.849962345297637],[153.00478150670767,-27.849995932300086],[153.00474191470678,-27.850023127303825],[153.0046771387019,-27.850040725310183],[153.0045943626941,-27.850050322318452],[153.00452597368852,-27.85006471632514],[153.00444140268414,-27.85010310233334],[153.0043964156837,-27.850138291337583],[153.00435682368544,-27.850186280341195],[153.00434063369056,-27.8502406693424],[153.0043298446977,-27.850306242342924],[153.0043226477049,-27.85036862534317],[153.00429745771007,-27.85043099434517],[153.00425787271357,-27.850493378348702],[153.0041930967135,-27.850547760354747],[153.0041121167109,-27.850597351362463],[153.0039915517055,-27.8506581253741],[153.0038637816994,-27.850720509386413],[153.00379180169395,-27.850739702393494],[153.00372702568836,-27.850750900399873],[153.00368024368342,-27.8507525094046],[153.00363704567815,-27.850747704408974],[153.00359386167082,-27.85072691641345],[153.00357046666474,-27.85069972941599],[153.00355607265786,-27.8506581404178],[153.003563262653,-27.850613355417433],[153.00362804464604,-27.850502989411797],[153.00368741864253,-27.850424617406446],[153.00371621464026,-27.8503814334039],[153.00373241263736,-27.850344642402533],[153.00373241263188,-27.850301458402914],[153.00370720762277,-27.850251875405792],[153.00368202461667,-27.850224688408538],[153.00362983260771,-27.850199095414],[153.0035848386013,-27.850187904418604],[153.00352726059563,-27.850192702424376],[153.00321955156912,-27.850248686454766],[153.00312418456238,-27.850277482464076],[153.00306479556002,-27.850309468469796],[153.0030216125622,-27.85036385747372],[153.00299282356534,-27.85041343347618],[153.00296943558104,-27.850557386477416],[153.00293344258768,-27.850640557480343],[153.0028434615905,-27.85073972448861],[153.00273550259243,-27.85084849549858],[153.00265272659337,-27.850926868506264],[153.00262573359586,-27.850970051508643],[153.0026041416015,-27.851032427510322],[153.00260234560906,-27.85109320951003],[153.0026293316213,-27.85116678450672],[153.00265812862995,-27.851209975503465],[153.0026923266377,-27.851241953499827],[153.00274810864525,-27.85125315149411],[153.00280569465153,-27.851253151488347],[153.00290106965994,-27.851237154478923],[153.00303062766852,-27.851193971466273],[153.00314039667643,-27.851161971455518],[153.0033797246971,-27.851118787431805],[153.00346070470476,-27.851109191423777],[153.0035362907124,-27.851104385416246],[153.0035956727199,-27.851112380410203],[153.00364785572742,-27.851126767404857],[153.00370004773677,-27.851155563399402],[153.003750428748,-27.851200349394038],[153.00383681777652,-27.85135069438413],[153.00391419179792,-27.85145305037558],[153.00399337681833,-27.851545817366915],[153.00407975883942,-27.851636982357544],[153.0041337528503,-27.851676970351786],[153.00416254985714,-27.851705759348658],[153.00417873986316,-27.851739353346765],[153.0041769438666,-27.851768142346728],[153.0041589438696,-27.851806528348256],[153.0041103588705,-27.851856104352724],[153.00403837887106,-27.851921684359436],[153.0039825958732,-27.851987272364525],[153.00394121587988,-27.852075233367984],[153.00391062288608,-27.852150409370463],[153.00390703189362,-27.852212786370337],[153.00391963090553,-27.85229595736839],[153.00396822392594,-27.85241431636257],[153.0040024149404,-27.852499089358496],[153.0040168089501,-27.852563067356556],[153.00402401395857,-27.852623842355378],[153.0040330139648,-27.85266543135413],[153.00406000797295,-27.85270541835107],[153.00410319898,-27.852724603346644],[153.0041535869853,-27.852723009341585],[153.00423096099115,-27.852702214333956],[153.0043029409944,-27.852665423327032],[153.00436952699476,-27.8526110423208],[153.00441991499392,-27.852561450316138],[153.00445949299674,-27.85255025231229],[153.00451348700372,-27.85255825430676],[153.00458546701546,-27.852588638299324],[153.00465925002916,-27.85263341629157],[153.00472582903893,-27.852652608284703],[153.00479780904874,-27.852668605277366],[153.0048715920601,-27.852694197269795],[153.00491479006803,-27.85271978326524],[153.00494538207627,-27.85275816826186],[153.00495798108378,-27.852806150260243],[153.00495618608903,-27.852849341260047],[153.00494357909477,-27.852905317260866],[153.00490580509526,-27.85294210826438],[153.00480682408818,-27.852970897274083],[153.0047312450835,-27.85299968628143],[153.0046916600839,-27.853036477285116],[153.0046646670874,-27.853087663287443],[153.00462868108946,-27.85313405029068],[153.00457649708935,-27.853178835295562],[153.00452431308696,-27.85320442830055],[153.00446852308485,-27.853236413305936],[153.00439833808096,-27.853265210312735],[153.00435695107967,-27.8532908033167],[153.0043335560814,-27.853324397318804],[153.00432276708506,-27.853362783319536],[153.0043245630897,-27.853397972319105],[153.0043425630951,-27.853425159317077],[153.0043731561017,-27.853450752313844],[153.00444693911248,-27.853471539306263],[153.00455130612545,-27.853484324295646],[153.00463049113412,-27.853484324287717],[153.0046916751402,-27.85347952628166],[153.004765458147,-27.853469930274343],[153.00481764215186,-27.853463530269142],[153.00486443215624,-27.853457122264505],[153.00490941916115,-27.85345712226],[153.00495080616795,-27.853474720255704],[153.00497960317423,-27.853500306252617],[153.00499940718106,-27.853537097250328],[153.0050048011971,-27.853658653248814],[153.00500121020767,-27.853745027248518],[153.0050210132224,-27.853844195245713],[153.00504440823337,-27.853909767242886],[153.00505520424082,-27.853959343241403],[153.00505701524992,-27.85402972224068],[153.00503002125348,-27.854080907242942],[153.00498683825444,-27.85412570024697],[153.00490945625168,-27.854170478254375],[153.0048392712501,-27.854218467261024],[153.00478888325134,-27.854271254265637],[153.0047672912547,-27.85431603226746],[153.00474030526001,-27.854381620269653],[153.0047349042692,-27.85445838326961],[153.00473131227756,-27.85452716726945],[153.00474391128708,-27.85459114526762],[153.0047583062935,-27.854629531265907],[153.00478170830013,-27.85466151626326],[153.00481769430584,-27.854675910259548],[153.00486808331172,-27.854679107254483],[153.00494547231716,-27.854655116246942],[153.0050894323256,-27.854597523232954],[153.00516320832637,-27.854539945225994],[153.005215399326,-27.854491963221122],[153.00525498432722,-27.854467965217324],[153.00528378032928,-27.854459963214534],[153.00531256933243,-27.854459963211657],[153.00534496533703,-27.854467957208332],[153.00537554934363,-27.85449355020504],[153.00541875535689,-27.854560724200198],[153.00543494536575,-27.854616701198136],[153.00544035438966,-27.85480064119614],[153.0054457564013,-27.85488701519489],[153.0054583624101,-27.854946188193185],[153.00546016541705,-27.85499896819255],[153.00544937042176,-27.855045355193315],[153.00541877742165,-27.855070948196158],[153.00537738941836,-27.855080544200213],[153.0053215924135,-27.85509014820576],[153.00527840940921,-27.855093344210086],[153.00524421840743,-27.855109340213396],[153.00522442940905,-27.855138129215153],[153.00521363341267,-27.855176522215878],[153.00522082341993,-27.855227700214808],[153.00529281845849,-27.855469218205666],[153.00530902346682,-27.855520396203623],[153.00531262247378,-27.855573176202856],[153.0052982274771,-27.855611562203975],[153.0052820304789,-27.855638756205387],[153.0052532484791,-27.85566595120809],[153.0052046554777,-27.855696334212737],[153.0050786884702,-27.855745925224983],[153.00498511646222,-27.855763524234224],[153.00486453644984,-27.85576992424628],[153.00475116843754,-27.855769924257643],[153.0046719834309,-27.85578592826545],[153.00459820042565,-27.855808324272687],[153.00453161442323,-27.85584671027903],[153.00446323342265,-27.855901099285482],[153.00438585142604,-27.855993866292533],[153.00434266843004,-27.85606265029633],[153.00430307543567,-27.856141015299663],[153.0042670894377,-27.856187402302897],[153.0042022994369,-27.856236993309007],[153.004137523433,-27.856262579315292],[153.004058339427,-27.856283381323063],[153.0039935564216,-27.856296173329454],[153.00393956942034,-27.856332964334594],[153.00389997742272,-27.85638574433813],[153.00387838542957,-27.856457724339755],[153.0038783924366,-27.856513700339327],[153.00390178745008,-27.8566000683363],[153.00393418246202,-27.856665640332558],[153.0039827754748,-27.856724827327174],[153.00403495948376,-27.856750413321738],[153.00410874249408,-27.8567680113142],[153.00424191350967,-27.856776006300745],[153.00438228952356,-27.85676479228679],[153.00449746053246,-27.856736003275458],[153.00461442754062,-27.856699212264],[153.0046756115452,-27.85668321625798],[153.00471880954876,-27.85667361225379],[153.00475839455265,-27.856670416249806],[153.00480519155835,-27.856675222245066],[153.00483398856298,-27.85668641224208],[153.0048645805698,-27.856713599238816],[153.00489697557896,-27.856758385235192],[153.00491497658547,-27.85679356723315],[153.00494375759223,-27.856822363230016],[153.0049797585978,-27.856835156226303],[153.00502654860261,-27.856833554221623],[153.00507333860557,-27.85681595621708],[153.00511112760563,-27.856783963213537],[153.00513811360264,-27.85673757521121],[153.00515071959612,-27.85667520721039],[153.0051741075913,-27.856617621208535],[153.0052011005896,-27.856580830206106],[153.00523349559074,-27.856561637202994],[153.0052694825934,-27.856552041199475],[153.00530547559742,-27.856552041195865],[153.0053396666019,-27.856558441192387],[153.00537385760754,-27.856572828188817],[153.00539725961275,-27.856593623186317],[153.0054224506203,-27.85663200818347],[153.00542604862602,-27.856673590182822],[153.0054170636315,-27.856724775183284],[153.00540086563927,-27.856799952184367],[153.00537027364302,-27.85685592818701],[153.00535588664758,-27.85690391718806],[153.00535588665284,-27.85694549918771],[153.0053702816587,-27.856979093186023],[153.00539007766446,-27.85700787518376],[153.00542606366966,-27.857017471180118],[153.00547106567475,-27.857019066175543],[153.00553404467868,-27.856995082169423],[153.00560062368103,-27.856956682163055],[153.0056694366837,-27.856918565156477],[153.00571963168653,-27.856898121151577],[153.0057802946913,-27.85688324914558],[153.00583467569726,-27.856883242140153],[153.0058911517048,-27.856894395134397],[153.00593089271246,-27.856920413130243],[153.00596018072045,-27.856957599127],[153.00599645773323,-27.857027567122795],[153.0060333907435,-27.857076569118743],[153.00610033376216,-27.85716580511127],[153.0062209367862,-27.85725118109852],[153.0061529947845,-27.85729610110497],[153.00516683576194,-27.857967100198625],[153.0052988157848,-27.858033708184863],[153.00543080280772,-27.858100316171093],[153.00588145085038,-27.85804886312626],[153.0068172139391,-27.85794199203326],[153.0068742409445,-27.857935487027568],[153.00720868293163,-27.857546938997096],[153.00722931292844,-27.85750425499536],[153.00733084994278,-27.857529914984976],[153.00743704296033,-27.857576204973967],[153.0075187459756,-27.857626131965386],[153.0075994059921,-27.857686942956796],[153.00768008101076,-27.85776409394812],[153.00776670902778,-27.857823698938937],[153.00784879904413,-27.857882073930238],[153.00790900005998,-27.857955051923597],[153.0080020350812,-27.858042611913586],[153.00808413309633,-27.858091256905006],[153.00821000311015,-27.858091248892332],[153.0083687011232,-27.858057184876728],[153.00851645313378,-27.8580133978622],[153.00867905514372,-27.85795222084641],[153.00878538215002,-27.857910512836046],[153.00887919215788,-27.857891051826826],[153.00897613216875,-27.85789381581706],[153.00911685818875,-27.857929950802678],[153.00924507521017,-27.857988326789332],[153.00940456223714,-27.858063375772712],[153.00953277925396,-27.858085601759715],[153.00964848726832,-27.858099496748],[153.00972666627615,-27.858093930740175],[153.0098017162858,-27.85810504773254],[153.0098455032948,-27.858138410727868],[153.00985489030253,-27.85819122772656],[153.00985176931107,-27.85826073472631],[153.0098705373223,-27.85833300572387],[153.0099111873334,-27.858385830719328],[153.00999250334544,-27.858410842711024],[153.0100644313551,-27.8584247377037],[153.01014260235942,-27.85839137369612],[153.01020514235913,-27.85833576269029],[153.01025971835844,-27.85828340768518],[153.01038122936643,-27.858242086673368],[153.0105027413778,-27.858226201661225],[153.01058851938572,-27.85821507065273],[153.01065820538986,-27.858188054645947],[153.01076184239113,-27.8581086246362],[153.01089941738795,-27.85796563262353],[153.0110657743824,-27.857778794608304],[153.01123730137493,-27.857572264592726],[153.01134092436683,-27.857419751583528],[153.01143383236476,-27.857322833574965],[153.01152496036562,-27.8572513385664],[153.01164110036936,-27.857181436555305],[153.01178547037748,-27.857120930541278],[153.01188732738558,-27.857097088531226],[153.01195880039333,-27.85709708152407],[153.01204278340583,-27.857122487515465],[153.01209818641743,-27.85716697550951],[153.01213572242824,-27.85721939050536],[153.01216968144226,-27.857300407501334],[153.01218219845325,-27.85737665649945],[153.01218400246296,-27.857451319498683],[153.0121840094761,-27.857554584497866],[153.01218401648683,-27.85763877549719],[153.01220621850547,-27.857766612493954],[153.0122375035205,-27.857858359490073],[153.01228128353208,-27.857911176485306],[153.01234696054593,-27.85796398647831],[153.0124220095569,-27.857986226470558],[153.01252208657286,-27.85802513346024],[153.0126377935876,-27.858041807448494],[153.01284106061152,-27.85805568742797],[153.01297553562583,-27.858052893414495],[153.01311312563732,-27.858025080400935],[153.01320066963635,-27.85794167139279],[153.01324756363013,-27.85785270438878],[153.0132913286247,-27.857772074385075],[153.01337263662617,-27.85771368337731],[153.01347269863396,-27.85768865736749],[153.01367933965645,-27.857687964346724],[153.01385132167553,-27.857690728329512],[153.0139607786875,-27.857690713318515],[153.01407022770226,-27.857712946307334],[153.0141359047116,-27.85772961330063],[153.01424535372743,-27.857760190289408],[153.01437044874422,-27.857785202276645],[153.01444549875072,-27.857771291269216],[153.0144923997501,-27.857726796264874],[153.014539293744,-27.85763783726089],[153.01455179573583,-27.857562772260195],[153.01459243072932,-27.857476584256798],[153.01464558372626,-27.857407085251996],[153.014711245726,-27.857348687245896],[153.0147706487297,-27.857326447240084],[153.01484258473644,-27.857318095232927],[153.01491138274642,-27.857337548225864],[153.01499581276062,-27.8573764632171],[153.01508025777298,-27.857401474208412],[153.01516155878366,-27.85741536220016],[153.0152178477905,-27.857420913194474],[153.01529602679804,-27.8574125611867],[153.01535543780093,-27.857384763180992],[153.01541484880255,-27.857345833175305],[153.01548363980368,-27.857295780168826],[153.015549301807,-27.857265196162448],[153.01562435181302,-27.857248506155056],[153.01571191782438,-27.85726240214616],[153.0157807168372,-27.8573040881389],[153.01584952285066,-27.85735133913163],[153.01591832186423,-27.85739859812434],[153.01598712787802,-27.857448629117027],[153.01606218489084,-27.85748475710925],[153.01616225390393,-27.857501431099067],[153.01624043991455,-27.857518106091078],[153.016293122926,-27.857562444085435],[153.01632113793332,-27.85759615808236],[153.0163304809381,-27.857625722081234],[153.0163339899437,-27.857667222080515],[153.01634333295198,-27.857724278079132],[153.0163374989558,-27.85775903507947],[153.01627696296265,-27.857865519084662],[153.01617065796597,-27.857982299094463],[153.0160111929644,-27.85810741710943],[153.0158642459717,-27.858290917122744],[153.01574855997526,-27.858418814133383],[153.01568602798608,-27.858557827138572],[153.01571418299866,-27.858632891135144],[153.01582677701703,-27.858680136123436],[153.01596750303594,-27.858707919109094],[153.01613637105257,-27.858694001092292],[153.01633649307234,-27.858677297072305],[153.0164772270866,-27.858668937058273],[153.01660542909886,-27.858655027045504],[153.01673051711325,-27.858660563032917],[153.01686500013432,-27.858710593019037],[153.0169744571544,-27.85877452700751],[153.01703702717566,-27.85888849800037],[153.01709639320006,-27.8590288599933],[153.01710355320932,-27.85909557999204],[153.01709105821956,-27.859187713992554],[153.01704639222257,-27.859249679996584],[153.01698028322048,-27.8592894070029],[153.01690523321633,-27.859321183010188],[153.01684269321268,-27.859346612016264],[153.01677122021067,-27.859392687023085],[153.01673191821286,-27.859443529026567],[153.01670154921678,-27.85950072002918],[153.0167140662251,-27.859554729027533],[153.0167587472362,-27.859603978022648],[153.01682487124887,-27.859646856015647],[153.01689814026238,-27.859689741007987],[153.01705005028904,-27.859769156992122],[153.01718765531194,-27.859831093977835],[153.01735921233754,-27.85988508096017],[153.01749146035905,-27.85994066194645],[153.01760404637844,-27.859996250934703],[153.01775967340407,-27.86006501991854],[153.01785438542015,-27.860109484908705],[153.0179401714344,-27.860147608899826],[153.01803667144685,-27.86016348588995],[153.0181224424587,-27.860182529881197],[153.01817962546147,-27.86015552187571],[153.01823322546147,-27.860109439870662],[153.0182403624562,-27.86006177887033],[153.01824571244592,-27.859975999870493],[153.0182671474406,-27.85991562786881],[153.0183118064388,-27.859863190864722],[153.01837792244356,-27.859844124858263],[153.01845833745242,-27.8598441168502],[153.0185494724651,-27.859866341840842],[153.0186227414748,-27.859879037833373],[153.01871031548734,-27.859902857824412],[153.0188580895107,-27.859959824809124],[153.01890991552017,-27.85998999980368],[153.01894029953127,-27.860050363800188],[153.01894388253749,-27.860096430799448],[153.01899035255167,-27.86016791179424],[153.0190403905606,-27.860194905789015],[153.01910116457344,-27.860244153782503],[153.01916013658777,-27.860306105776097],[153.01920124859953,-27.860363288771545],[153.01924236861106,-27.86041887676694],[153.0192684976199,-27.86046545876397],[153.01930695763448,-27.86054792175948],[153.01931768664718,-27.860638475757693],[153.01930519865718,-27.860727435758214],[153.01929090866423,-27.860795749759145],[153.01929271167253,-27.860859295758445],[153.01931416968193,-27.86091489175583],[153.01937136069364,-27.860957777749775],[153.01942676270215,-27.86097683674407],[153.01950360071066,-27.860978408736308],[153.01957329371746,-27.860972052729416],[153.0196322577225,-27.86096092172357],[153.01969838072873,-27.860952965717022],[153.0197466307341,-27.86095296571215],[153.019827037745,-27.860970429703944],[153.01988959275386,-27.860986299697526],[153.01997000676522,-27.861006944689272],[153.02001647677176,-27.861018053684532],[153.0200772357812,-27.861040278678274],[153.0201147567873,-27.86105616367437],[153.0201987618022,-27.861100643665576],[153.0202380788105,-27.86113240566142],[153.02029526981974,-27.86115622465547],[153.02036317382843,-27.86116573964859],[153.02042572883548,-27.861167318642288],[153.02047039583832,-27.861151433637975],[153.02052043384234,-27.86114030263301],[153.02061565985224,-27.861135757623465],[153.02070679486255,-27.861138924614288],[153.02078363287077,-27.861137322606584],[153.02088012487647,-27.861099183597247],[153.02095337987677,-27.86103880359032],[153.0210230648801,-27.861005432583614],[153.0210945378839,-27.860973655576693],[153.02116958788986,-27.860956161569273],[153.02122498289228,-27.860927566563944],[153.02125178289094,-27.86089419556153],[153.02129465288903,-27.860841765557655],[153.02133217488822,-27.860803640554185],[153.02137862889015,-27.86077821254972],[153.02143938789558,-27.860768667543674],[153.02149121490103,-27.860767065538486],[153.02155554290988,-27.860781356531938],[153.0216198709184,-27.860794059525357],[153.02167884992696,-27.860809929519352],[153.02174250793502,-27.860819108512853],[153.02180479494123,-27.86081455550663],[153.0218466589423,-27.86078641550266],[153.02185685893883,-27.860750101501917],[153.0218578649318,-27.860694728502246],[153.02183948492575,-27.86066295150435],[153.02181395092077,-27.86064571850706],[153.02177514891406,-27.86062575051111],[153.02174552490757,-27.860600336514285],[153.02172815790075,-27.86056130351632],[153.02171589389238,-27.86050593051799],[153.02171486588713,-27.86046599551844],[153.02173016988226,-27.860414243517315],[153.021750591879,-27.860371581515608],[153.02177815087828,-27.860341615513015],[153.02182267588003,-27.86031704350878],[153.02188291388276,-27.860287077502942],[153.02190843988365,-27.860271639500517],[153.02195744988643,-27.860251664495774],[153.02200645988958,-27.860234401490978],[153.02204628989372,-27.860232583487004],[153.02209938290252,-27.860256179481492],[153.02212798590904,-27.860283404478402],[153.02215250591757,-27.86032970147557],[153.02216578992474,-27.86037417447388],[153.02219642693615,-27.8604377134703],[153.02222502994508,-27.860483102467047],[153.02226920396427,-27.86059614946173],[153.02226922697636,-27.860691464461002],[153.0222513599831,-27.86075977946227],[153.02219956398514,-27.86082015846698],[153.0221334469847,-27.86087417547317],[153.02208342398876,-27.860948845477616],[153.0220727249959,-27.86101397847819],[153.02209596300452,-27.86106163947548],[153.02218531802177,-27.861120402466014],[153.02225501803332,-27.861152156458786],[153.02231936204444,-27.86118392545211],[153.02238727405629,-27.861218861444986],[153.0224498210673,-27.861252217438462],[153.02254275208358,-27.86129985642875],[153.02262318109683,-27.861334785420382],[153.02268572910788,-27.86136814141386],[153.02271433211607,-27.861407853410668],[153.02273266012347,-27.86145026940847],[153.0227326751303,-27.86150427840805],[153.02271123213558,-27.861564650409722],[153.02268266714358,-27.861652031411925],[153.02264157714984,-27.861736237415386],[153.02259156115724,-27.861837915419624],[153.02256299616707,-27.861939586421666],[153.02254083817442,-27.86201626742327],[153.02252656218212,-27.86208935042417],[153.02252478919223,-27.862170367423726],[153.02252659920552,-27.862273625422677],[153.02255342221753,-27.862345113419444],[153.0226017092436,-27.86250872841332],[153.02266885328316,-27.86276210040455],[153.02273142330873,-27.86290983039715],[153.02277970332463,-27.862992435391625],[153.02279043233446,-27.86306074239002],[153.02279043934166,-27.86311793238956],[153.02276754435036,-27.863205395391176],[153.02274611635622,-27.86327052839279],[153.02272290036262,-27.863340436394562],[153.02273720537116,-27.863396033392718],[153.0227800983815,-27.863440505388077],[153.02284980639425,-27.863480209380707],[153.02290878440692,-27.863529450374408],[153.022955261419,-27.863585039369305],[153.02297671942884,-27.86364381736671],[153.02298924343967,-27.86371847936484],[153.0229696114497,-27.863813794366102],[153.0229517444556,-27.863875753367395],[153.02291781546057,-27.86394406837028],[153.02288387046409,-27.86400126637323],[153.0228518254704,-27.86407770137582],[153.02283933847784,-27.864147208376544],[153.02287375249145,-27.864225044372482],[153.02291442450553,-27.864300094367767],[153.02293632851774,-27.864377937364992],[153.02294573152724,-27.864444657363542],[153.0229582485371,-27.864511377361705],[153.0229957915455,-27.864544726357725],[153.0230583325526,-27.864547498351417],[153.02316152956038,-27.864519685341246],[153.02323032856688,-27.864511332334416],[153.02331475857363,-27.864491857326094],[153.0234179645852,-27.864494613315753],[153.02348051959558,-27.86452241130921],[153.02352744260918,-27.864589124303986],[153.02349618761681,-27.864675305306417],[153.02341175761813,-27.86475872131423],[153.0232857086163,-27.864853091326147],[153.02321244761336,-27.864892824333236],[153.0231767216153,-27.86493889933646],[153.02316243162124,-27.86499767733742],[153.02317853963285,-27.865075520335175],[153.0232250166449,-27.865129522330097],[153.02329292865835,-27.865177168322898],[153.02336442467163,-27.865220047315393],[153.02343411668068,-27.865231155308287],[153.02348236668428,-27.86521843730356],[153.02352346468209,-27.86516600729986],[153.02355561367906,-27.86511516529702],[153.02360742467448,-27.86503414029249],[153.02365744867245,-27.864975355287896],[153.02371463167412,-27.86493880928245],[153.02376842467805,-27.864923603277166],[153.02385912769006,-27.864940270267947],[153.02391230270112,-27.864981963262224],[153.02395610471692,-27.865068137257193],[153.02401240873337,-27.865148752250857],[153.02408432973976,-27.865137621243786],[153.0241812687436,-27.865084781234447],[153.02428758874743,-27.865023605224277],[153.02436576775003,-27.864976331216806],[153.02443768775643,-27.864965192209628],[153.0245158817682,-27.86499019620159],[153.02454715977825,-27.865043013198022],[153.02458783979083,-27.865106947193475],[153.0246378777995,-27.86513195818824],[153.02471919381367,-27.865173644179762],[153.02476611682624,-27.86523201217459],[153.02476926883787,-27.865320980173575],[153.02469736284624,-27.86544887617979],[153.0245433968623,-27.865707359193184],[153.02444960186585,-27.865815810201752],[153.02433703786377,-27.86589644021244],[153.0242088358626,-27.865996553224505],[153.024036854859,-27.866116120240825],[153.02391610286531,-27.866269915251745],[153.02382230787094,-27.86639504026013],[153.0236722228719,-27.866531282274114],[153.02354402787734,-27.86668420528582],[153.02341367987802,-27.86680237829795],[153.02330736787954,-27.86690525630781],[153.0232198238792,-27.866977557316037],[153.0231572988882,-27.86710266732131],[153.0231291799011,-27.867227777323155],[153.0230729059066,-27.867319531328114],[153.02299160490583,-27.86738348733575],[153.02293220891133,-27.867478012340957],[153.02291657791636,-27.86753083734213],[153.0229541209264,-27.867578103338012],[153.02303542893856,-27.86760310032961],[153.02313237594734,-27.86758918232003],[153.02321369195553,-27.86758361731193],[153.02324705595953,-27.867586336308506],[153.0232803229638,-27.86759203630514],[153.02331417096937,-27.867606043301652],[153.02334976897578,-27.86762626429793],[153.02337945998278,-27.867655865294697],[153.02340885299003,-27.867687619291495],[153.02341601299506,-27.867721206290497],[153.02341806099997,-27.86775751329002],[153.02340887500236,-27.867784752290742],[153.02338232800412,-27.867821067293097],[153.0233496650029,-27.86783922429623],[153.02329349499934,-27.867859206301702],[153.02323937399555,-27.867876462307038],[153.02320772399395,-27.86789099831007],[153.02316790799543,-27.867937296313745],[153.02315667999855,-27.86797089031459],[153.02314454300097,-27.86800037231552],[153.02314354500984,-27.86807118331508],[153.02313640701595,-27.868125646315384],[153.02311803402367,-27.868201903316624],[153.02310375903224,-27.868281796317454],[153.02307144604615,-27.868419244319586],[153.02301830806263,-27.86859439232358],[153.0229683220858,-27.868819578326775],[153.02295584210245,-27.868961370326943],[153.0229527351134,-27.869050323326544],[153.02298715012782,-27.869133725322392],[153.0230778751497,-27.869228235312608],[153.02316231316038,-27.86923933730401],[153.02329991817044,-27.869200393290537],[153.02334681216422,-27.869111433286484],[153.02336242015286,-27.869008562285757],[153.0233655201341,-27.868858441286577],[153.02336549812244,-27.868766694287306],[153.02336547510762,-27.86864993628825],[153.02339360109804,-27.86854984528623],[153.02345299709498,-27.868474781280863],[153.02354057110378,-27.86846920027209],[153.02363753312045,-27.868516444262013],[153.0237126131371,-27.868583149253947],[153.02378142615308,-27.86864986224647],[153.02385961316728,-27.868694327238313],[153.02395031617655,-27.86868875422923],[153.02401597817666,-27.86863314322308],[153.0240722521714,-27.868544175218155],[153.0241253971677,-27.868469103213382],[153.02418167916497,-27.868399589208313],[153.02425672916618,-27.868343978201175],[153.02435053917142,-27.868305034192083],[153.02444123518137,-27.868305019182966],[153.0245475771972,-27.86833836017204],[153.02463828021345,-27.868388384162543],[153.02474776723426,-27.86845786815101],[153.02485723825683,-27.868541255139384],[153.024951078277,-27.868619068129316],[153.0250855762963,-27.868655196115558],[153.02525974831713,-27.868669017097936],[153.02540093733526,-27.86869122708358],[153.02559574736426,-27.86875155506356],[153.02572799538476,-27.86879920104989],[153.02602110142544,-27.868867456019995],[153.02619446144828,-27.868897601002317],[153.02635450746985,-27.86892926598598],[153.0264827394884,-27.868965385972846],[153.02659846750808,-27.869020967960783],[153.02671107553203,-27.86911267694877],[153.0267642735538,-27.869237771942426],[153.02682685057616,-27.869360080935174],[153.02690506659889,-27.869471272926422],[153.02699890661617,-27.869526854916582],[153.02709273162927,-27.86954907190697],[153.02720219564117,-27.86954904989596],[153.02738670965746,-27.869518442877713],[153.02748992267013,-27.869529543867245],[153.0275712526847,-27.869574001858773],[153.02759942370434,-27.86970466285489],[153.02756443571488,-27.869816756857535],[153.0275480517341,-27.86998216685785],[153.0276082897561,-27.87010378285083],[153.02772325978725,-27.870249716838206],[153.02782728481534,-27.87038105582667],[153.02792584184652,-27.87054157881553],[153.0279806108716,-27.87069238580887],[153.02800800689135,-27.87082373980504],[153.02798615390935,-27.870984292805957],[153.02789315592082,-27.871154582814007],[153.0276852249198,-27.87132491083351],[153.02752653491913,-27.8714562938484],[153.02747729392553,-27.871548740852653],[153.02746090993924,-27.871670371853302],[153.0274992439564,-27.87177253384864],[153.02759777797266,-27.87181630583845],[153.0277619659913,-27.8718211338219],[153.02788784399945,-27.871777316809613],[153.02807939101356,-27.87172376279082],[153.02828735902582,-27.871641015770575],[153.02848437403796,-27.87156800075137],[153.0287634730562,-27.87147063672411],[153.02896127106757,-27.87138996970486],[153.02906134707425,-27.87135659869513],[153.02919894508636,-27.871334321681445],[153.0293584541013,-27.87131483866562],[153.02949606611847,-27.871331482651645],[153.02956970012826,-27.871344930644163],[153.02967222814937,-27.871423087633268],[153.02975446717028,-27.871516793624235],[153.02992431121902,-27.871753468605327],[153.0300011862385,-27.871840819596883],[153.03052136334645,-27.872242621541506],[153.03091357642637,-27.872534565499855],[153.03107154445817,-27.87264821648308],[153.03119128947324,-27.872664071470943],[153.03142362849718,-27.872652902447683],[153.03157909951057,-27.87262427743228],[153.03179712553256,-27.872609927410537],[153.03189364054515,-27.872625782400696],[153.0319365705613,-27.87271632939566],[153.03193123557406,-27.87282117439541],[153.03191875658743,-27.8729371493957],[153.03187948460214,-27.873086481398527],[153.03186522361722,-27.873216755398925],[153.0318705956252,-27.873275532397926],[153.03188669662924,-27.873293004396125],[153.03193316563636,-27.873308881391353],[153.03202608964347,-27.873285024382245],[153.03219227465092,-27.873200788366194],[153.0323352286576,-27.873130857352393],[153.0324424506638,-27.87308794234197],[153.03253537366976,-27.87305456333291],[153.03263366167928,-27.87304500432308],[153.03270336969018,-27.873070403315907],[153.0327659317026,-27.873114875309227],[153.03283388172076,-27.873199052301757],[153.0328964517392,-27.873289592294807],[153.03295247974972,-27.87332519828887],[153.03304318276113,-27.873336299279654],[153.03317452176802,-27.873277879266915],[153.03329022977366,-27.873222246255764],[153.03340593678234,-27.87319164624438],[153.03348725279085,-27.873188845236243],[153.03360611180744,-27.87321661322408],[153.0337124538208,-27.873230486213284],[153.03383756383485,-27.87323323520072],[153.03392198683662,-27.87317483819267],[153.033993884831,-27.873069181186285],[153.03405953882802,-27.87298853618036],[153.0341220718257,-27.872916243174632],[153.03420024382706,-27.872860617167206],[153.03427529283454,-27.872855044159696],[153.03437226284908,-27.87288559914976],[153.03445359286283,-27.872924498141288],[153.03453493888057,-27.87299398213256],[153.03459124989521,-27.873060687126376],[153.034666329912,-27.873127392118306],[153.03474768293214,-27.87321633010947],[153.03480073094258,-27.873252771103818],[153.0349164679623,-27.873308337091768],[153.03502906097782,-27.87333332608026],[153.0351635589939,-27.873344413066686],[153.03524173099822,-27.8733110340591],[153.03527923699139,-27.87322483905601],[153.03532925998937,-27.873166448051414],[153.03538241998987,-27.873124733046392],[153.03543244999392,-27.87311360104145],[153.03551689500316,-27.873113579032985],[153.0356044690148,-27.873130239024096],[153.03570144603214,-27.873183033013923],[153.03576715304894,-27.873258068006734],[153.03578595106256,-27.87334981500413],[153.03570777906356,-27.873424894011396],[153.0356014670583,-27.873474962021692],[153.03555768705928,-27.873519449025686],[153.03556083906878,-27.873591735024853],[153.03558901008063,-27.873661234021412],[153.0356734690938,-27.873691796012704],[153.0357516561048,-27.87371122700469],[153.03582672811405,-27.873719549997112],[153.03588928312158,-27.873725092990778],[153.03591743913148,-27.873777902987534],[153.0359174611389,-27.873836284987107],[153.03595814114863,-27.873877985982674],[153.0360269551586,-27.873897416975602],[153.03609576116853,-27.873916862968557],[153.03616771117993,-27.87394465396108],[153.03622090119424,-27.87401135195523],[153.03626159621288,-27.874122551950247],[153.03621471722295,-27.874242103954014],[153.0360916482255,-27.87436778696542],[153.0359822292302,-27.874499170975348],[153.035965852247,-27.874645134975868],[153.03593306226014,-27.874776503978087],[153.03588386628007,-27.874975977981457],[153.03585108430008,-27.87516085698332],[153.035817318302,-27.875205425986362],[153.03580098630454,-27.87523901398776],[153.0357958973081,-27.875271691987958],[153.03579999531462,-27.875318898987206],[153.03584495232818,-27.87538696698211],[153.03588071533846,-27.87543779497817],[153.03593282435372,-27.87551221897235],[153.03600172737893,-27.875651685964314],[153.0360893534089,-27.875812216954245],[153.03620433843815,-27.875943547941645],[153.03633026846745,-27.876065140928066],[153.03647261149726,-27.87617699691288],[153.03655475352045,-27.876288874903732],[153.03666425454603,-27.876395879891906],[153.03682847257264,-27.87646394087485],[153.03699269859607,-27.87650769085804],[153.03713503462163,-27.87658549684312],[153.03723358364226,-27.876663303832643],[153.0373102496649,-27.876775188824023],[153.03733570867433,-27.876827827821085],[153.0373451186831,-27.87688898181964],[153.03734826969193,-27.876955693818783],[153.03735142170154,-27.877027979817914],[153.0373264247076,-27.877097485819895],[153.03728577470955,-27.87714753882356],[153.03720760270664,-27.877192048831073],[153.03712004370345,-27.877242109839436],[153.03706376270654,-27.877314409844523],[153.03704189471264,-27.87738113784623],[153.03703254472222,-27.877464531846513],[153.0370638447359,-27.87754514684274],[153.03712016274943,-27.87760351483662],[153.03719838676932,-27.877692459828086],[153.03722655777955,-27.877748048824795],[153.03723596779182,-27.87783700882313],[153.03720471979653,-27.877900956825773],[153.03714844580165,-27.877989938830734],[153.03708903480265,-27.8780483368362],[153.03702650180145,-27.878092831842146],[153.03696829079857,-27.87811995184779],[153.03694479879817,-27.87813719985003],[153.03692847480204,-27.878181694851303],[153.0369193028081,-27.878237067851803],[153.03692237981394,-27.878280638851162],[153.03694180382348,-27.878338730848746],[153.03698063583624,-27.878405897844317],[153.03702661384838,-27.87846217183923],[153.03705523185684,-27.878503909836024],[153.03707261386614,-27.878562009833807],[153.03707772487073,-27.878592869833092],[153.03711067888173,-27.878651550829314],[153.03713261290008,-27.878776645826107],[153.03713265791566,-27.87889897682512],[153.0371326949308,-27.87901852182421],[153.03710459894336,-27.879140852826065],[153.0370889829547,-27.879243715826817],[153.03709842297303,-27.87937993482482],[153.03714536899088,-27.879480002819303],[153.03720483901546,-27.879621772812172],[153.03722555902385,-27.87966976180978],[153.03726939904595,-27.879805973804256],[153.03731638907936,-27.880028365797813],[153.03737587510915,-27.880211828790365],[153.0374353451305,-27.880328571783455],[153.03751357615295,-27.88043698577476],[153.03761681917447,-27.88051757076378],[153.03773257119275,-27.880562028751797],[153.03786706921093,-27.880589781738056],[153.03800470423093,-27.880628673723947],[153.03815173425474,-27.880689791708665],[153.03822682827368,-27.880773171700497],[153.0382612722905,-27.88087602669619],[153.03828421230065,-27.880936055693414],[153.03829364531788,-27.881063930691493],[153.03829056033203,-27.881177916690874],[153.03825932034528,-27.881308584692977],[153.03822498836988,-27.88153099969467],[153.03818129739827,-27.881792336697046],[153.03813446342363,-27.88203143269984],[153.03815645746246,-27.882317773695384],[153.03819600548766,-27.882481783690103],[153.03827112151387,-27.882623545681508],[153.03840254154414,-27.882748618667314],[153.0386152785833,-27.882873661644908],[153.0387810916146,-27.88297647162744],[153.03884018162543,-27.88301156462124],[153.0388871126377,-27.883067145616103],[153.0388934016465,-27.883131086614977],[153.0388903016579,-27.883222832614585],[153.03883091366475,-27.883328489619668],[153.03881099767284,-27.883408940621063],[153.03880163968168,-27.883486784621365],[153.03882045269685,-27.88358963961868],[153.0388611407112,-27.883667468614007],[153.03892998373004,-27.883756421606353],[153.03904574375434,-27.883848122594003],[153.0392053047831,-27.883937045577287],[153.0394430678243,-27.884056515552498],[153.03957132984465,-27.88410651653918],[153.03974965187763,-27.884212105520433],[153.03994990091968,-27.884370512499064],[153.04063750805602,-27.884850799426232],[153.04082524009704,-27.88501198540607],[153.04100672913768,-27.88517595038656],[153.04113189116907,-27.88531491837289],[153.04128836120879,-27.885492793355787],[153.041416667242,-27.88564287834175],[153.04145734825457,-27.88570681133713],[153.0414667652648,-27.885779089335607],[153.04146681728392,-27.885929204334417],[153.0414401373068,-27.886132217335504],[153.04147851533142,-27.886292755330413],[153.04158256235706,-27.886404618319062],[153.04171399038685,-27.8865262113049],[153.04187832044263,-27.886822923286015],[153.04204263549403,-27.88708559326749],[153.0423712125739,-27.88743091323172],[153.04260214362733,-27.887652970206794],[153.04333051277737,-27.888205699129262],[153.04344253179875,-27.888277574117453],[153.04418345498289,-27.889088056036652],[153.04471400399322,-27.888713231986284],[153.04491105692316,-27.887993468972148],[153.04681222897563,-27.88677137179078],[153.04737026991882,-27.885845905741977],[153.04822482883188,-27.884428686667256],[153.047871112741,-27.884019106706038],[153.0481781136836,-27.883304044680848],[153.04943959370289,-27.882371730561406],[153.04921030961412,-27.881871722588365],[153.04957391259077,-27.88137506655575],[153.0497194075813,-27.88117632254271],[153.05033105558047,-27.88064408248545],[153.05177503771284,-27.88044423534188],[153.05170587475072,-27.880801431346057],[153.05214310373267,-27.880283995306137],[153.05340159680082,-27.879738769183973],[153.05416709189626,-27.879831149106312],[153.0581384302172,-27.878942042714172],[153.05841701513398,-27.878049708693165],[153.06036111711953,-27.8762668215118],[153.0607362691168,-27.875923141476772],[153.06044823695336,-27.87488695951387],[153.06135982279986,-27.87289851843792],[153.06129335560726,-27.87144299545606],[153.0610952295419,-27.871099411478685],[153.060749337428,-27.870501830518194],[153.06120075338666,-27.869789227478414],[153.0623397903983,-27.868903368370887],[153.0628165832745,-27.867521739333803],[153.06288525526108,-27.86735767032819],[153.06295631827587,-27.867412186320607],[153.06303385629317,-27.86748248231228],[153.06317278732814,-27.867637425297087],[153.0632616653536,-27.867760829287196],[153.06346045442004,-27.86811275726444],[153.06358405942194,-27.86802167325269],[153.06549457546075,-27.86668670107114],[153.06536777325624,-27.865189671095674],[153.0657101202606,-27.86493039006328],[153.06850168852756,-27.864631994784926],[153.06870043251342,-27.864350302767146],[153.0684966224177,-27.86377356779221],[153.06843730138988,-27.8636056467995],[153.06810901323573,-27.862676417839825],[153.067475050938,-27.860881900917697],[153.06805591989811,-27.860070212865676],[153.07143423690513,-27.857228762548374],[153.07195851171466,-27.85528229151094],[153.0718038984055,-27.85298724454461],[153.07229241034216,-27.852070241502656],[153.07295130235576,-27.85161248544004],[153.0744333792882,-27.84981161330512],[153.0732747610118,-27.848633653430944],[153.07319377399244,-27.848551310439756],[153.07324074998644,-27.84846369843571],[153.0732790159733,-27.848327561432953],[153.07318443088027,-27.847678385447566],[153.07315086584447,-27.847425415452964],[153.07313785676547,-27.84681593545904],[153.07318229174564,-27.846622436456126],[153.07365398148605,-27.844178750427947],[153.0739351213314,-27.842723220411102],[153.07418397819458,-27.84143512639627],[153.07442590606172,-27.84018367438178],[153.0747781541067,-27.84023511334595],[153.07563676721628,-27.840360551258588],[153.07796813451455,-27.840705207021337],[153.0786570394494,-27.839604130960705],[153.07951575510896,-27.83619374690118],[153.08046872196843,-27.834273523820492],[153.0831338759742,-27.832035660569975],[153.0849453360649,-27.831196613394333],[153.0851631839994,-27.8304966313779],[153.08657070998416,-27.829170874246707],[153.08652628989182,-27.82848368525663],[153.08627915438547,-27.82471814731115],[153.08641953826293,-27.823636233305553],[153.08637683804224,-27.821939438323245],[153.08406335074764,-27.82160519755865],[153.08185629546648,-27.82128601378325],[153.0800331012341,-27.821021994968785],[153.07983138420843,-27.82099278198931],[153.07815967499525,-27.820749066159397],[153.07682015682434,-27.820553682295692],[153.0766711088053,-27.82053192631084],[153.07646938377957,-27.820502519331356],[153.07594344771246,-27.820425912384888],[153.07506154460006,-27.820297412474602],[153.07395364345868,-27.820135727587285],[153.07316813635856,-27.820021248667206],[153.0733722672415,-27.8189259766553],[153.07345160819602,-27.818501077650687],[153.07357599612462,-27.817833207643424],[153.0736340580913,-27.81752197364006],[153.07377989600775,-27.816740363631553],[153.07382993397903,-27.816471449628626],[153.07397974989308,-27.815668083619883],[153.07398375089087,-27.815647147619643],[153.07406293584546,-27.815222449615064],[153.07417929877874,-27.814598790608258],[153.07418754677408,-27.814554295607778],[153.07429550571206,-27.813974968601517],[153.0744118536454,-27.81335122859469],[153.07447174861107,-27.813029974591238],[153.07452823157874,-27.812727398587924],[153.074644430512,-27.812103569581144],[153.0746754564942,-27.81193702657936],[153.07476062344537,-27.811479843574407],[153.07487698637863,-27.810856006567587],[153.0748792373773,-27.810843996567485],[153.0749931783119,-27.810232452560804],[153.07508292826046,-27.809751055555594],[153.0751094522452,-27.80960862255404],[153.0752258151786,-27.808984785547267],[153.07528670114368,-27.808658107543703],[153.07534207411183,-27.80836105254051],[153.07545835504513,-27.80773721553374],[153.07549037802679,-27.807565256531888],[153.0755746139785,-27.807113475526936],[153.07569089491182,-27.806489549520148],[153.07569405390987,-27.80647232351996],[153.0758071618451,-27.805865898513353],[153.076114251669,-27.804218902495478],[153.0761597446501,-27.804031438492352],[153.07334308337138,-27.80425163977399],[153.07262923630063,-27.80430719884531],[153.07205800724563,-27.804363785902332],[153.07146717619085,-27.804438574961175],[153.0713307711782,-27.804456202974713],[153.0713116681434,-27.804199224978678],[153.070960536669,-27.800769827041048],[153.0709384376393,-27.800554945044944],[153.07076356640508,-27.79886282107589],[153.0707611443511,-27.798441148079455],[153.07020098664586,-27.793374977175745],[153.0701528485854,-27.792939662183997],[153.06999269856956,-27.792952723200003],[153.06833640540643,-27.793087802365534],[153.06816176341258,-27.79328623338153],[153.0678061103776,-27.793314918417078],[153.06798075937138,-27.793116598401028]]]}},{"type":"Feature","id":"2027-01-25-riverbend","properties":{"collectionId":"2027-01-25","areaId":"riverbend","areaName":"Riverbend","startsOn":"2027-01-25","endsOn":"2027-02-05","putOutFrom":"2027-01-23"},"geometry":{"type":"Polygon","coordinates":[[[152.9263928375603,-27.837481177249874],[152.92581853257659,-27.83810554330239],[152.92518323663433,-27.839110597357973],[152.92518596365983,-27.839309259356128],[152.92515782267745,-27.839473172357643],[152.92492762975846,-27.840311884374085],[152.92488531785767,-27.84113223037186],[152.92493213694667,-27.84179521336195],[152.92493706895604,-27.841865010360902],[152.92495680598293,-27.84206052035739],[152.92619236611873,-27.84206722623381],[152.92690547618287,-27.841957911163327],[152.9275775632224,-27.841690107098255],[152.92805760425475,-27.841531902051493],[152.92885298332936,-27.841434805972664],[152.9297307513914,-27.84116709888701],[152.9300188723904,-27.840911267860182],[152.9301835823745,-27.840643203845822],[152.93033786135743,-27.840374706832534],[152.9307275043563,-27.840030102796245],[152.93100181237398,-27.839932723769564],[152.93152281644174,-27.840018309716786],[152.93197946951506,-27.840203418669706],[152.9326511986223,-27.840471922600354],[152.93347382473698,-27.840667344516564],[152.9339399857956,-27.840728505469432],[152.9344892648373,-27.840584367415612],[152.93528458492278,-27.840572557336163],[152.93649119107005,-27.84069500821446],[152.93742363916726,-27.840658857121504],[152.93830151126642,-27.840684011033428],[152.9389556353585,-27.840847140966712],[152.93936150541788,-27.840966103925155],[152.93967308847812,-27.841173222892376],[152.93998734652808,-27.841296544859944],[152.940267353566,-27.841354353831477],[152.94077610964152,-27.841512440779315],[152.9412205137052,-27.841631343733894],[152.94152303775795,-27.841787546702424],[152.94191522183698,-27.84207326866093],[152.9423689169253,-27.842378749613122],[152.94267549397804,-27.84253152458123],[152.94300660503083,-27.842662505547054],[152.9433500320766,-27.842728070512173],[152.94387745114122,-27.842782802458995],[152.9442577291758,-27.84272843542134],[152.9446820542091,-27.8426250733797],[152.9448660542267,-27.84260532236147],[152.94500322624117,-27.84260141034775],[152.94530040028013,-27.842652528317593],[152.94575417835037,-27.84281625527092],[152.94603683840637,-27.84301432124108],[152.94627720145806,-27.8432148312154],[152.94643311850615,-27.84346012719786],[152.94654204654336,-27.843660376185426],[152.94678596358077,-27.843745193160316],[152.94725733966627,-27.84401317611103],[152.94871045581954,-27.84396994796592],[152.9498560799369,-27.843909262851763],[152.9508068560614,-27.84407253475531],[152.9520869032793,-27.8446887876223],[152.95232382429683,-27.844622618599118],[152.9526338063275,-27.84459767456827],[152.95298785736807,-27.844612344532695],[152.95436284749113,-27.844397946396786],[152.95529634460112,-27.844462163302797],[152.95602597272324,-27.844796671227098],[152.95630214390658,-27.846005312189916],[152.95692627101272,-27.84630470612509],[152.95776189912107,-27.846439219040338],[152.95833330619635,-27.846541142982293],[152.95909275127903,-27.846538445906337],[152.95968127333435,-27.84646846984792],[152.95990292033986,-27.846320851826942],[152.95998565133618,-27.846220305819433],[152.96023324129644,-27.84569357979878],[152.96051850225015,-27.845082385775015],[152.96039497909055,-27.843929103796455],[152.95999304200578,-27.84360668683924],[152.95881598380404,-27.843029609961658],[152.95780250364118,-27.84261761506639],[152.95721810349116,-27.841936967130245],[152.9563259931923,-27.840347669232088],[152.95623600510243,-27.839715934246065],[152.95667048507426,-27.83911945620729],[152.9576065911133,-27.838620401117517],[152.95814185614643,-27.838421210065448],[152.95845160614545,-27.83814605203664],[152.95871639315857,-27.83802166501108],[152.95903219319484,-27.838036088979372],[152.9592287322258,-27.83811063195909],[152.95947217927463,-27.838286361933374],[152.96033232738358,-27.83840460984628],[152.96150246951962,-27.838470107728554],[152.96282257870303,-27.838780424593907],[152.96430553494127,-27.839382439440694],[152.96522206811895,-27.839994362344083],[152.96617014027515,-27.84040986624584],[152.96786951951873,-27.84086751807197],[152.9685467626538,-27.841349489000354],[152.96890787776735,-27.841934619959602],[152.96952059890413,-27.84248539689388],[152.97037531404732,-27.84287910780512],[152.97121387019862,-27.843349627717426],[152.97160081631355,-27.84392327767412],[152.9724669825395,-27.844958833579234],[152.97321050571517,-27.845703988498872],[152.97375212580982,-27.845983616442393],[152.97474566796242,-27.846331729340132],[152.97567997113435,-27.84688290124214],[152.9760991412216,-27.847209996197552],[152.9773821014512,-27.847915239063475],[152.97818449063632,-27.84868377297699],[152.97889628279992,-27.849360173900365],[152.97937680791233,-27.84983302584845],[152.9798266960042,-27.85016949380071],[152.9802561101042,-27.850587791754386],[152.98071622819828,-27.850933350705592],[152.98102287225973,-27.851153812673072],[152.98142687233246,-27.851379848630827],[152.9817158133781,-27.85149092160102],[152.9821826594434,-27.85160382055334],[152.98273563350793,-27.851636126497638],[152.98352430760187,-27.85169666241816],[152.98392770365507,-27.851769245377113],[152.9844942837185,-27.85178139732023],[152.98495662176393,-27.851741156274187],[152.98540990080068,-27.851640462229568],[152.98555041780833,-27.851580030215963],[152.98579067681408,-27.85141886719313],[152.98589948579843,-27.85120128018394],[152.9859176797349,-27.850685484186226],[152.98572285464715,-27.850161611209856],[152.98505214646647,-27.84931530728376],[152.98459827932598,-27.848597704334924],[152.98417102517044,-27.847739599384482],[152.98393675705935,-27.847065388413277],[152.98370248094554,-27.846370279442255],[152.983588672839,-27.84562848445949],[152.9834531917865,-27.84533166847539],[152.98322524064835,-27.84443841850529],[152.98385135754424,-27.843078255453243],[152.9840520165035,-27.842585354437045],[152.98435296145664,-27.84195612341184],[152.98460871739806,-27.84127421639157],[152.98450558635201,-27.841000742404017],[152.984421872282,-27.84052063441623],[152.98430094118487,-27.839858412433546],[152.98432895511337,-27.8392707104354],[152.98445934806875,-27.838807180425945],[152.98449663802876,-27.83845952842497],[152.9846363289925,-27.83805393341415],[152.98507162195511,-27.837384685375792],[152.98554649189785,-27.836523867334996],[152.9858817228305,-27.835704422307867],[152.9861331577708,-27.835017412288046],[152.98626352773462,-27.83462010227811],[152.9862728856895,-27.83425588828004],[152.98634742162722,-27.833701297276917],[152.98651044053346,-27.83282226226755],[152.9865424194596,-27.83221209726913],[152.98657819639251,-27.83165261826995],[152.986703612328,-27.831035427262226],[152.98676070627948,-27.8306038972599],[152.9868511862347,-27.83017347725423],[152.9869456961432,-27.82937055725107],[152.98695356399935,-27.8282294342593],[152.9869642409477,-27.827813185261512],[152.98709729289024,-27.827245592252616],[152.98739521186218,-27.82676789122656],[152.9878154698312,-27.82616248618922],[152.98827293483978,-27.825836151145932],[152.98860804684386,-27.825580752114305],[152.9891452788743,-27.82535848706221],[152.98950181190807,-27.825318090026833],[152.9904047099772,-27.825086376938128],[152.99193125208598,-27.824631212788653],[152.9934484811969,-27.824200860639888],[152.99476092328976,-27.823803588511442],[152.99598027037757,-27.823447688391997],[152.99666904744214,-27.823364935323564],[152.99733050150985,-27.823329768257477],[152.99752595252602,-27.823288380238207],[152.9979261975549,-27.823172501199025],[152.99837297159206,-27.823081455154924],[152.99907106864202,-27.82287452308656],[153.000057696695,-27.822444094990992],[153.0011094657572,-27.82203020788878],[153.00220777084448,-27.821773594780616],[153.00323161490672,-27.821384526681],[153.00369698589867,-27.820920966638027],[153.00397799187118,-27.820462621613405],[153.00411580485817,-27.820242188601345],[153.00433916580695,-27.819646194583594],[153.00436706776478,-27.819290264583653],[153.00421812366767,-27.818652890603623],[153.0042087956015,-27.81813968660856],[153.0041622515577,-27.81783400461562],[153.0041156934896,-27.817337348624193],[153.00420873640834,-27.816617197620552],[153.0042552583515,-27.81612881961973],[153.004218012297,-27.815731487626618],[153.0041528422437,-27.81536728063601],[153.00418074417524,-27.814804397637662],[153.00429239908655,-27.81400974763275],[153.0045241939721,-27.812907494618184],[153.00465913092586,-27.812427341608412],[153.0047184678962,-27.812143250604684],[153.00488804985827,-27.811698279591198],[153.00498131681863,-27.81130608858492],[153.0051717387928,-27.810938097568716],[153.00551655077803,-27.81052578953741],[153.00582180177173,-27.810214042509234],[153.00611858077696,-27.810000337481128],[153.00641817578602,-27.809814296452597],[153.00685062981117,-27.80964080941054],[153.00727460485035,-27.80958547336843],[153.00724022081803,-27.80936071937367],[153.00725761080847,-27.809270075372616],[153.00607013665623,-27.809090047493203],[153.00581870962392,-27.809051930518734],[152.99372217807266,-27.807217387746327],[152.9935793210544,-27.80719570676081],[152.99355589606807,-27.807324430762197],[152.99325515324625,-27.808987027779242],[152.99285289643512,-27.810822276805077],[152.992804080457,-27.81103685380827],[152.9926107754322,-27.811007975827913],[152.98858986791774,-27.810407325235747],[152.98818942186645,-27.810347593276354],[152.9837427962974,-27.809683231727302],[152.9830147252043,-27.80957440880113],[152.98077882091815,-27.80924010202784],[152.98052100088515,-27.80920152305399],[152.9805038268851,-27.809216372055626],[152.98025214688295,-27.809416092079235],[152.98009020088563,-27.80957601909422],[152.97772183288922,-27.81164152831524],[152.9774884948895,-27.811845100337056],[152.97568207189227,-27.813420704505624],[152.97545023289263,-27.813622928527277],[152.973258397894,-27.815520471731908],[152.97181749288222,-27.8166674958672],[152.97176635988185,-27.816708198872014],[152.97057818583036,-27.817324942986208],[152.9701746698138,-27.817541568024936],[152.9698874578008,-27.817686251052532],[152.96964775779335,-27.817833244075363],[152.96483465254843,-27.820044382540047],[152.96252304340203,-27.820879316764984],[152.96113709433106,-27.821512749898798],[152.95758133414958,-27.82314301924198],[152.94191883534728,-27.830305954753257],[152.94172845835612,-27.830539590770506],[152.9413118733767,-27.83106154780806],[152.93981664644457,-27.83288670994329],[152.9396263144532,-27.833118996960504],[152.93942596846222,-27.83336344997865],[152.93928255947196,-27.83356397499136],[152.93892059548807,-27.834003254024154],[152.9386100254889,-27.83427721905304],[152.93838200545972,-27.83424295007614],[152.93781900438842,-27.834165949133048],[152.93771062937472,-27.83415112714404],[152.93753941035308,-27.834127709161343],[152.93736766733136,-27.83410421917874],[152.93692338627517,-27.834043453223668],[152.93660480123478,-27.83399987725587],[152.93640266120929,-27.833972228276313],[152.93592862714925,-27.83390738932426],[152.93557278010422,-27.833858714360222],[152.93538250508013,-27.833832687379463],[152.93521693405927,-27.83381003839618],[152.93477561600338,-27.833749670440817],[152.93454181297378,-27.83371768746448],[152.9343552439502,-27.8336921654833],[152.9341340809222,-27.833661910505718],[152.9334171458315,-27.83356383357817],[152.9318850336377,-27.833354226733103],[152.93127772156083,-27.833271135794487],[152.93036720844512,-27.83314144988659],[152.92952388447804,-27.83412971396314],[152.92900817548912,-27.834662379010496],[152.92894129449058,-27.83473145901666],[152.9283946045024,-27.83529611806691],[152.92819078550676,-27.835506635085594],[152.92756071852656,-27.836206968143088],[152.92748918452875,-27.836286479149646],[152.9271888455382,-27.836620312177065],[152.92704300854282,-27.836782412190313],[152.92693291354578,-27.836900554200422],[152.92652467555666,-27.837338633237803],[152.9263928375603,-27.837481177249874]]]}},{"type":"Feature","id":"2027-02-08-munruben","properties":{"collectionId":"2027-02-08","areaId":"munruben","areaName":"Munruben","startsOn":"2027-02-08","endsOn":"2027-02-19","putOutFrom":"2027-02-06"},"geometry":{"type":"Polygon","coordinates":[[[153.03110603239014,-27.761868997352913],[153.03117534544626,-27.762251309342943],[153.03241025670968,-27.763269327210878],[153.0326392197586,-27.76345808018643],[153.0327026697733,-27.76351986717957],[153.03275595567152,-27.762671716180883],[153.0331547256234,-27.761951364146555],[153.0343691707257,-27.761716193026423],[153.03546284085303,-27.761783188916084],[153.03603858500728,-27.762505045852542],[153.03698190329646,-27.763975015746233],[153.03782837750896,-27.764924428653718],[153.0380850355187,-27.764781213629092],[153.0408488356673,-27.763584061360902],[153.041009477676,-27.763515091345347],[153.0413657947213,-27.763566068309135],[153.04138195471162,-27.763476401308218],[153.04207905429897,-27.759628273268532],[153.04211541327837,-27.759435280266427],[153.04430996555536,-27.75973776604352],[153.04469219559914,-27.759755357004998],[153.0450676456364,-27.759727439967488],[153.04545804067016,-27.75965849192882],[153.0456450206843,-27.759609921910446],[153.04590997770038,-27.75950960688463],[153.04614113971132,-27.759398309862213],[153.04650893072204,-27.75916738682714],[153.04676047672342,-27.758963114803464],[153.0469802537199,-27.758747479783082],[153.04847458767844,-27.75714155264559],[153.04891014066797,-27.756685383605454],[153.04898737361952,-27.756238109601217],[153.05053678168474,-27.74754940651407],[153.05058781765402,-27.74726340851123],[153.0512178842745,-27.74373480647573],[153.0512487072561,-27.743563740473995],[153.05134712926852,-27.743577010464005],[153.05180499032699,-27.74364599541742],[153.05202549035752,-27.74369803039487],[153.05226142739227,-27.743769034370608],[153.05268827144704,-27.74383553032718],[153.06019205639367,-27.744871422564763],[153.06020850738375,-27.744778453563864],[153.06086714597555,-27.741001054527477],[153.06119339177206,-27.73911984250952],[153.05702602124845,-27.738560309932854],[153.0568242972231,-27.738533219953325],[153.05348654080373,-27.738084889292367],[153.05331059476214,-27.737907871311403],[153.03719726171514,-27.735567605948766],[153.03751221251864,-27.733748456931473],[153.0375864364723,-27.733320346927414],[153.0376901404077,-27.732721900921707],[153.03141404734444,-27.72971228457577],[153.03125869544203,-27.73061462458421],[153.02974183925107,-27.73040827273821],[153.02949997022066,-27.73037528876272],[153.02912548917269,-27.73031760680078],[153.02889511027496,-27.731321243815998],[153.02830387653609,-27.73388672485507],[153.0280405576335,-27.734880684873676],[153.02772312559327,-27.734835250905906],[153.02746141656039,-27.734800337932473],[153.0269247074924,-27.734723365986962],[153.02546293330695,-27.734513610135373],[153.02491133723697,-27.734434462191377],[153.02421768014912,-27.734335034261797],[153.0239100461101,-27.734290949293005],[153.0229089329831,-27.734147250394603],[153.02190773185615,-27.734003625496275],[153.0217075268308,-27.733974866516565],[153.0208865397267,-27.73385702759991],[153.02006564262254,-27.73373918168321],[153.01977524858572,-27.733697436712724],[153.01934472453118,-27.733635669756417],[153.01924458051843,-27.733621327766556],[153.0184235954143,-27.733503474849886],[153.018003114361,-27.733443146892593],[153.01760270431024,-27.73338561393323],[153.0168016402087,-27.733270637014517],[153.01678156120616,-27.733267746016548],[153.0159364040989,-27.733146540102343],[153.01512171299564,-27.733029663184983],[153.01435009389778,-27.73291890226331],[153.01383656983268,-27.73284530531544],[153.01121815950071,-27.7324697965811],[153.01092881652366,-27.732898421606798],[153.01092782552345,-27.732898279606864],[153.01084437156962,-27.733334317611828],[153.01038405282983,-27.735782153638663],[153.01035060684876,-27.73596014764062],[153.00939194139167,-27.741065754696486],[153.00908368056662,-27.74271018771445],[153.0088918356754,-27.743732994725598],[153.00885704169508,-27.743918827727672],[153.00872012977283,-27.744648857735648],[153.00861927083,-27.74518707274146],[153.00853739687636,-27.74562319974624],[153.0084298399374,-27.746196879752503],[153.0083561539792,-27.74658951075681],[153.00828096302178,-27.746990083761233],[153.00820595006437,-27.74739064876555],[153.00807772613706,-27.748073822773037],[153.008044362156,-27.748251816774992],[153.0080825161608,-27.748257412771107],[153.00801317420024,-27.748627825775117],[153.00794474823923,-27.7489938197791],[153.00787809527714,-27.74934989078297],[153.00781142731495,-27.7497058717869],[153.00774493835286,-27.75006194279074],[153.00767827839073,-27.750418020794605],[153.00761161042868,-27.75077409179849],[153.00748857149853,-27.751430994805638],[153.0074123735418,-27.751837885810094],[153.0080059616175,-27.751925668749873],[153.00805409262358,-27.751932790744977],[153.00875586971307,-27.752036734673744],[153.00901451674605,-27.752074978647492],[153.0093464547884,-27.75212414561379],[153.00955856581547,-27.752155549592292],[153.0098665798547,-27.75220110256103],[153.0108178849759,-27.752341828464466],[153.01131618003947,-27.752415634413854],[153.01155799607028,-27.752451441389344],[153.0117624250963,-27.752481750368595],[153.01230785316585,-27.752562447313238],[153.01202005133027,-27.754106267329917],[153.01171108250645,-27.75576110134783],[153.01167199752953,-27.755975752350064],[153.01297046169339,-27.756154484218374],[153.01331732373714,-27.756202108183196],[153.0190117434568,-27.756995073605477],[153.0192411774881,-27.757045544582063],[153.01939659551135,-27.757094919566082],[153.019598915544,-27.757179416545103],[153.0198254285851,-27.757308855521362],[153.02015683765302,-27.75756072248609],[153.02037776270674,-27.75779474446209],[153.0207855917916,-27.758114382418583],[153.0211563257791,-27.757697358384664],[153.02126906078118,-27.757617063374],[153.02142187978782,-27.757539011359302],[153.02158473380328,-27.75752114434311],[153.0222006588849,-27.757636770280346],[153.02288496497448,-27.757755763210707],[153.0226087570036,-27.758222624234747],[153.02226643304203,-27.758819289264384],[153.02214859405476,-27.75902009727469],[153.02244906913472,-27.759393728241573],[153.02265066718707,-27.759632780219427],[153.02441711664045,-27.761692352025864],[153.02479034663872,-27.761359585991052],[153.02489618163824,-27.76126515798116],[153.02514073963727,-27.761047324958305],[153.0260399277507,-27.761171078867083],[153.02724263790253,-27.761336660745],[153.02799905799802,-27.761440745668253],[153.02875548609342,-27.761544845591484],[153.02895741911885,-27.76157259857097],[153.0297138472144,-27.76167686249421],[153.03110603239014,-27.761868997352913]]]}},{"type":"Feature","id":"2027-02-08-park-ridge","properties":{"collectionId":"2027-02-08","areaId":"park-ridge","areaName":"Park Ridge","startsOn":"2027-02-08","endsOn":"2027-02-19","putOutFrom":"2027-02-06"},"geometry":{"type":"Polygon","coordinates":[[[153.056652814092,-27.69036757835088],[153.05657757107033,-27.690260871359303],[153.05635538704206,-27.69022776838194],[153.05495395486363,-27.69001898152441],[153.0547064018321,-27.689982100549575],[153.0518179544646,-27.689551709843283],[153.0517179674519,-27.68953680885341],[153.051577702434,-27.689515909867676],[153.05098006935796,-27.68942685292847],[153.04915664312594,-27.689155123113828],[153.04899515210528,-27.68913105813026],[153.04882781208403,-27.689106113147247],[153.04487253658073,-27.68851663154931],[153.04334590638638,-27.68828906870446],[153.04308287835295,-27.6882498627312],[153.04285038332327,-27.688215202754858],[153.04074915505598,-27.68790195796835],[153.0399380619527,-27.687781027050825],[153.0395245779001,-27.687719359092828],[153.03737927162706,-27.68739946831083],[153.037190339603,-27.68737129033],[153.03498356032208,-27.687042198554263],[153.03466219528238,-27.687003433586828],[153.03315977809055,-27.686774617739523],[153.03248319001227,-27.686735762807757],[153.03225444299582,-27.686800843830195],[153.03185748297463,-27.68697310086869],[153.0319765880316,-27.68732119285401],[153.03220976114068,-27.68798287082533],[153.0325205482499,-27.688578946789445],[153.03325841648692,-27.689817368705583],[153.03313072848124,-27.68988208471789],[153.0329730444766,-27.689979939732943],[153.03215979045382,-27.690496189810485],[153.03204135642224,-27.69034829582362],[153.03192343639083,-27.69020103583659],[153.03167383432418,-27.68988931086412],[153.03144981026446,-27.68960948888884],[153.03121312720137,-27.68931386491491],[153.03087751619063,-27.689515954947005],[153.03045763817713,-27.689768722987164],[153.02966000915154,-27.69024898006343],[153.0295929761896,-27.690607219067395],[153.02896551010977,-27.69051366213111],[153.02833813402992,-27.690420127194827],[153.02803835299179,-27.690375431225306],[153.02769087995864,-27.690411097259883],[153.02732860992003,-27.690416231296208],[153.02770823208218,-27.691371306250566],[153.03074692246864,-27.69182158894189],[153.0306554355198,-27.692303223947317],[153.03055041957884,-27.69285923095346],[153.03054197058358,-27.69290389795394],[153.0304251236486,-27.693517445960843],[153.0300211905972,-27.693456708001865],[153.02989693666635,-27.694109141009214],[153.02986157668641,-27.694297670011295],[153.0297374647563,-27.69495490801855],[153.02965129181476,-27.695490009022983],[153.02953238789542,-27.696228473029084],[153.0295246388996,-27.69626824502953],[153.02977373493158,-27.69630686800424],[153.0297706429327,-27.69631874500441],[153.02969346197625,-27.696728109008934],[153.03025545210355,-27.697252324948394],[153.03070272520492,-27.697669474900174],[153.03103378427994,-27.697978226864528],[153.0312437563275,-27.69817407284189],[153.0313153493471,-27.698267056833952],[153.0316735884449,-27.698732359794306],[153.0316836314938,-27.699109798790303],[153.03185959861054,-27.699880211766533],[153.03191042664423,-27.700102767759727],[153.0320099817103,-27.700538715746223],[153.03197862176202,-27.70097309974596],[153.03194445381837,-27.70144666574564],[153.0319080728782,-27.70195048174531],[153.03277826298913,-27.702081173656914],[153.03297821401463,-27.702111206636584],[153.03400794414594,-27.702265895531955],[153.03784429263501,-27.70284181014214],[153.03811222267194,-27.702904358114754],[153.03834228970447,-27.702964417091188],[153.03829521681232,-27.703854478088832],[153.03823805590113,-27.70460427508867],[153.03819998396762,-27.70516093708813],[153.03816453404588,-27.70580875008655],[153.03813961107215,-27.70603688008724],[153.03811329612324,-27.706462576086555],[153.03806544125595,-27.707550659082724],[153.0380290973424,-27.708262524080787],[153.0380171693952,-27.708689756078616],[153.03782802052712,-27.709891773088135],[153.03735499761513,-27.710990681126926],[153.03674281365596,-27.711835801181753],[153.03630748366535,-27.71228305922196],[153.035296745662,-27.713121473316818],[153.03485733966698,-27.713536448357686],[153.034649081674,-27.713770195376732],[153.03429637069664,-27.7142504444084],[153.03391442373305,-27.714864097441904],[153.03370935476545,-27.715295373459078],[153.03362920878033,-27.71548179446568],[153.03354698379638,-27.715678885472343],[153.03372870381997,-27.715709275453836],[153.03390381484184,-27.715731180436137],[153.03434111888805,-27.715721435392297],[153.04011264361287,-27.716498418806484],[153.04043167765298,-27.716542026774093],[153.04554718729653,-27.717239416254692],[153.04574353232138,-27.717267780234756],[153.05721829776536,-27.718835390069255],[153.0574978218005,-27.71887289604086],[153.0587804839618,-27.719047425910542],[153.0591439900074,-27.719096100873635],[153.06447416467813,-27.719823359332032],[153.06454428268577,-27.71982403032497],[153.0645995806893,-27.719804584319558],[153.06465954268958,-27.719755306313903],[153.06469690768643,-27.719698421310607],[153.06470991667845,-27.719624489309922],[153.06479790060794,-27.71899457230602],[153.06482648059725,-27.71888531630404],[153.0648509925945,-27.718842818301884],[153.0648850495928,-27.71880032029876],[153.0649300215937,-27.718768745294508],[153.06498863459697,-27.718744433288823],[153.0650513536028,-27.71873713228258],[153.0652776806299,-27.718756444259686],[153.06945890215962,-27.719356073834458],[153.0696416201822,-27.71937782981596],[153.0719643984597,-27.71957843758077],[153.0741526337277,-27.719819664358777],[153.0742612697413,-27.719833470347734],[153.07614718397974,-27.720100007155935],[153.07630846600006,-27.720122806139546],[153.07845658827122,-27.72042275892107],[153.0811959946174,-27.72080797664245],[153.08141030364456,-27.720838106620693],[153.08195009071275,-27.720914005565746],[153.08239732676753,-27.720963507520377],[153.08291260182767,-27.720996580468263],[153.08801693538135,-27.720996348954653],[153.08835888741842,-27.720996318920218],[153.09039597963945,-27.72099617071523],[153.09082875368725,-27.721003680671615],[153.0908676086755,-27.72087742366867],[153.09167385141396,-27.718131832609245],[153.09173918539219,-27.717904284604472],[153.09215307229584,-27.71679273957157],[153.09219518328544,-27.716675132568266],[153.09260264811968,-27.715023099540293],[153.0928545890028,-27.7138886375239],[153.09294593295482,-27.713433138518294],[153.0929874929356,-27.71324646451559],[153.0933001787855,-27.711798324495543],[153.09332946676963,-27.711648925493776],[153.09338752873805,-27.711350902490256],[153.0934399066969,-27.71098162148795],[153.09346289867685,-27.710803955487],[153.09367007847615,-27.70904830048003],[153.09368545642675,-27.70864684048167],[153.09375297335885,-27.7080547054795],[153.0938318673136,-27.707631274474906],[153.0939555322801,-27.70726233646543],[153.094088271251,-27.70692007145474],[153.09434576321522,-27.706418163432787],[153.09454868719905,-27.706118404414713],[153.0945920121956,-27.706054396410874],[153.09472256918926,-27.705892696399026],[153.09482385218433,-27.705767228389792],[153.09499792017692,-27.70556044537392],[153.09509936717262,-27.705439917364675],[153.0961126391273,-27.70421969027228],[153.09624160812135,-27.70406288626055],[153.09675949809957,-27.703449211213282],[153.09687008009485,-27.703318081203168],[153.09727356607596,-27.702825523166425],[153.09748309906377,-27.70255014214752],[153.0976000500569,-27.70239643713695],[153.0977486670481,-27.702201112123532],[153.09789668003876,-27.70200089311019],[153.09856120500754,-27.701188876049752],[153.09915824997472,-27.700421071995706],[153.09921469496962,-27.70033345999072],[153.09892083691,-27.700114488021995],[153.0982992348319,-27.700030445085297],[153.0979984097942,-27.699989772115902],[153.09597855054056,-27.69971663432138],[153.09544371847346,-27.699644304375763],[153.0942171223194,-27.699478446500542],[153.09146875897432,-27.699106751780153],[153.09119508394005,-27.699069729807974],[153.09070780087873,-27.699003829857492],[153.0898723967739,-27.698890826942495],[153.08961591874169,-27.69885612896855],[153.0883561595836,-27.698685697096735],[153.08737513443145,-27.69832487319826],[153.08495066312506,-27.69798166244497],[153.08465119508725,-27.697939268475444],[153.0844346510598,-27.69790860249743],[153.084134825022,-27.69786614652798],[153.08305778388586,-27.69771363563755],[153.08295024887227,-27.697698407648478],[153.0829470828718,-27.697697959648767],[153.08282692685668,-27.697680942661044],[153.08218667677582,-27.69759026872614],[153.08217187977388,-27.697588172727624],[153.08165226870827,-27.69751460278052],[153.08159287970068,-27.697506194786584],[153.08098627562416,-27.69742028284825],[153.07971574446353,-27.697240351977502],[153.07863059632638,-27.69708666108791],[153.0783930722964,-27.69705302211201],[153.0780082872478,-27.696998521151198],[153.07734090116347,-27.69690398821903],[153.07717598214236,-27.69687849223586],[153.0772209991153,-27.696626342233316],[153.07732556005215,-27.69604031622741],[153.07736285802972,-27.69583130522534],[153.07765103885586,-27.694216310209104],[153.07766421084528,-27.694121904208508],[153.07766281084128,-27.694091379208874],[153.077653131837,-27.69406557721008],[153.07763356683222,-27.694044500212232],[153.07760190982702,-27.694030992215527],[153.0775051558149,-27.69401853422533],[153.07269986020435,-27.69331093071425],[153.07243239917034,-27.693271456741446],[153.07117286301036,-27.693085579869617],[153.0703552509066,-27.692966206952764],[153.06784500158784,-27.69259785820813],[153.0678391306044,-27.69273345120762],[153.06780824769152,-27.693446233205094],[153.0677403878829,-27.695012717199567],[153.06760574126275,-27.698120556188567],[153.0672219212139,-27.698063507227573],[153.0671404612036,-27.69805140123588],[153.06641872111175,-27.697944122309277],[153.06525730296391,-27.697771496427418],[153.0631265036928,-27.69745473564419],[153.06152668648915,-27.6972168898069],[153.0612804144578,-27.697180277831905],[153.06125103645414,-27.697175871834936],[153.06087721140645,-27.697120322872955],[153.0604464263517,-27.697056269916743],[153.0600656273032,-27.69699965295549],[153.0601392462617,-27.69660992095112],[153.06023451720796,-27.696104070945573],[153.05909255906266,-27.6959351440617],[153.05681557177294,-27.695596441293233],[153.0567797267683,-27.6955911132969],[153.05673106776217,-27.69558387930182],[153.05570174763113,-27.695430881406498],[153.0562047293459,-27.69275196537707],[153.05632029528024,-27.69213587737038],[153.05652463426838,-27.691868207351916],[153.0566947612485,-27.691565580337215],[153.0567160032439,-27.691511012335503],[153.0567956792198,-27.691253393329543],[153.05682033320588,-27.691122240328113],[153.056652814092,-27.69036757835088]]]}},{"type":"Feature","id":"2027-02-08-park-ridge-south","properties":{"collectionId":"2027-02-08","areaId":"park-ridge-south","areaName":"Park Ridge South","startsOn":"2027-02-08","endsOn":"2027-02-19","putOutFrom":"2027-02-06"},"geometry":{"type":"Polygon","coordinates":[[[153.06119339177206,-27.73911984250952],[153.06170427845362,-27.736175029481405],[153.0623631180421,-27.732371352445195],[153.06331197216215,-27.732505127348738],[153.0636849699367,-27.730410620327792],[153.06371674691752,-27.730232350326006],[153.06395322077444,-27.728903822312745],[153.0640770416996,-27.728208682305763],[153.06420069862477,-27.727513454298812],[153.06432425954992,-27.726818225291886],[153.06444767947505,-27.726122915284922],[153.06456248540533,-27.72547625727851],[153.06528798549704,-27.725577726204776],[153.06540726148873,-27.725410863194092],[153.06386698029414,-27.725194513350647],[153.06429040402685,-27.722727208327555],[153.06421745599596,-27.72254640533635],[153.06464973771776,-27.719985715313104],[153.06469690768643,-27.719698421310607],[153.06465954268958,-27.719755306313903],[153.0645995806893,-27.719804584319558],[153.06454428268577,-27.71982403032497],[153.06447416467813,-27.719823359332032],[153.0591439900074,-27.719096100873635],[153.0587804839618,-27.719047425910542],[153.0574978218005,-27.71887289604086],[153.05721829776536,-27.718835390069255],[153.04574353232138,-27.717267780234756],[153.04554718729653,-27.717239416254692],[153.04043167765298,-27.716542026774093],[153.04011264361287,-27.716498418806484],[153.03434111888805,-27.715721435392297],[153.03390381484184,-27.715731180436137],[153.03372870381997,-27.715709275453836],[153.03354698379638,-27.715678885472343],[153.03346759081245,-27.715873188478792],[153.0326393099703,-27.71782661954653],[153.03232403102754,-27.71854782057253],[153.03162972618105,-27.720353304627995],[153.03118171528615,-27.72156545466341],[153.0310049363452,-27.722182154676258],[153.0308080544135,-27.72289008569046],[153.0303689455877,-27.724639884720727],[153.03022850266447,-27.725365056729085],[153.02894963250048,-27.725166736859077],[153.02830384739244,-27.72486796892628],[153.02821576637672,-27.7248189809355],[153.02801978634443,-27.72473277795584],[153.02759693628406,-27.724618209999246],[153.02086031443127,-27.723660617683045],[153.02054005139044,-27.72361247171559],[153.0188152721714,-27.723361662890643],[153.0185912401454,-27.723348668913186],[153.0184591411322,-27.723357646926434],[153.018338360121,-27.723372226938416],[153.0182049951082,-27.723385690951694],[153.0159776579108,-27.723736173172448],[153.01271299261776,-27.724220640496256],[153.01250901759667,-27.72422956651661],[153.0123655865806,-27.724225103531058],[153.01216301255587,-27.724203831551577],[153.00602646877394,-27.723290539174442],[153.0060084307833,-27.723379849175515],[153.0055706200305,-27.725707448201067],[153.00510654629278,-27.728175222228153],[153.00499605435522,-27.728762715234573],[153.00496846437085,-27.728909298236164],[153.0048371554451,-27.729608267243858],[153.00483045744883,-27.729643463244262],[153.0046924645268,-27.730377628252295],[153.00467807053488,-27.730453900253142],[153.00455445760488,-27.731111794260315],[153.0045192536248,-27.731299533262376],[153.00436031771466,-27.73214524927165],[153.0043207627371,-27.732355921273953],[153.00802750121022,-27.732911920897738],[153.01084437156962,-27.733334317611828],[153.01092782552345,-27.732898279606864],[153.01092881652366,-27.732898421606798],[153.01121815950071,-27.7324697965811],[153.01383656983268,-27.73284530531544],[153.01435009389778,-27.73291890226331],[153.01512171299564,-27.733029663184983],[153.0159364040989,-27.733146540102343],[153.01678156120616,-27.733267746016548],[153.0168016402087,-27.733270637014517],[153.01760270431024,-27.73338561393323],[153.018003114361,-27.733443146892593],[153.0184235954143,-27.733503474849886],[153.01924458051843,-27.733621327766556],[153.01934472453118,-27.733635669756417],[153.01977524858572,-27.733697436712724],[153.02006564262254,-27.73373918168321],[153.0208865397267,-27.73385702759991],[153.0217075268308,-27.733974866516565],[153.02190773185615,-27.734003625496275],[153.0229089329831,-27.734147250394603],[153.0239100461101,-27.734290949293005],[153.02421768014912,-27.734335034261797],[153.02491133723697,-27.734434462191377],[153.02546293330695,-27.734513610135373],[153.0269247074924,-27.734723365986962],[153.02746141656039,-27.734800337932473],[153.02772312559327,-27.734835250905906],[153.0280405576335,-27.734880684873676],[153.02830387653609,-27.73388672485507],[153.02889511027496,-27.731321243815998],[153.02912548917269,-27.73031760680078],[153.02949997022066,-27.73037528876272],[153.02974183925107,-27.73040827273821],[153.03125869544203,-27.73061462458421],[153.03141404734444,-27.72971228457577],[153.0376901404077,-27.732721900921707],[153.0375864364723,-27.733320346927414],[153.03751221251864,-27.733748456931473],[153.03719726171514,-27.735567605948766],[153.05331059476214,-27.737907871311403],[153.05348654080373,-27.738084889292367],[153.0568242972231,-27.738533219953325],[153.05702602124845,-27.738560309932854],[153.06119339177206,-27.73911984250952]]]}},{"type":"Feature","id":"2027-02-22-buccan","properties":{"collectionId":"2027-02-22","areaId":"buccan","areaName":"Buccan","startsOn":"2027-02-22","endsOn":"2027-03-05","putOutFrom":"2027-02-20"},"geometry":{"type":"Polygon","coordinates":[[[153.1582569181551,-27.769285931495144],[153.15837614209093,-27.768681525487892],[153.15986879228328,-27.768917642335392],[153.1607457178019,-27.76439589228261],[153.16243811001962,-27.764661713109668],[153.16274779283506,-27.762951328091948],[153.16411877402388,-27.755423403012983],[153.16413512801418,-27.755333847012043],[153.15414126173062,-27.753777645032844],[153.15415828672133,-27.753690905031835],[153.15458061548918,-27.75151007500641],[153.15470213449055,-27.751417270994903],[153.15485847740467,-27.750610215985514],[153.1547625293892,-27.75057101899548],[153.15500341425695,-27.749328082980984],[153.1558048353591,-27.749446859899198],[153.15590547837195,-27.749461813888917],[153.15646034505835,-27.746529443856083],[153.15656574806872,-27.74652065184552],[153.15676221995773,-27.745483091833897],[153.1569682428413,-27.74439400282169],[153.15714020974374,-27.74348210381153],[153.15731608064382,-27.742548367801174],[153.15748472454783,-27.741652457791233],[153.1556922203195,-27.741387507974164],[153.15542367828536,-27.7413478260016],[153.15310044598942,-27.74100418323872],[153.15302129796464,-27.7408773372477],[153.15361514663255,-27.73776529621234],[153.15390386353977,-27.73679148319093],[153.1539754495008,-27.736424870186575],[153.15410020943287,-27.73578595317902],[153.15422491736504,-27.735147229171492],[153.15434964029717,-27.734508424163945],[153.15447431822935,-27.733869887156427],[153.15459898916149,-27.73323128314886],[153.15472370409358,-27.732592612141342],[153.15484860502565,-27.73195285313377],[153.15497333595766,-27.731314025126256],[153.15500090294276,-27.731172859124595],[153.1550984978899,-27.730675473118655],[153.15522324282202,-27.73003666011112],[153.1553480697542,-27.729398034103593],[153.1554728216864,-27.728759236096035],[153.1555976496185,-27.728120974088494],[153.15560918961222,-27.728061384087752],[153.1557226395506,-27.727481431080886],[153.15584755748267,-27.726842365073384],[153.15597229541484,-27.726203292065836],[153.15608510435348,-27.725625685058986],[153.15609712234692,-27.725563935058283],[153.156221777279,-27.724925226050768],[153.15634658921118,-27.72428632404322],[153.15647026914323,-27.72364766103576],[153.1565456461023,-27.723263002031192],[153.15659544607539,-27.723008870028156],[153.15666139903962,-27.722672268024155],[153.15672060800756,-27.722370065020574],[153.1567663099828,-27.722136824017817],[153.1567873059714,-27.722029707016567],[153.15681343495726,-27.72189635701499],[153.15683442394584,-27.721789232013712],[153.15684577793968,-27.72173125901299],[153.15686055293176,-27.721655882012133],[153.15688154092035,-27.72154875701086],[153.15690766990622,-27.72141540700922],[153.15692865789478,-27.721308290007986],[153.1569496468834,-27.721201166006708],[153.15697063487207,-27.721094041005426],[153.1569709478719,-27.72109245400541],[153.157096117804,-27.720453648997836],[153.15711350679453,-27.720364099996804],[153.15640629770405,-27.720255456069],[153.15611100866602,-27.72020880009916],[153.15457737446982,-27.719974040255742],[153.15440756844606,-27.719931289273266],[153.15421004641829,-27.719881392293587],[153.15401974339719,-27.719878419312757],[153.15391787938503,-27.719868987323153],[153.15072908297552,-27.719368509648806],[153.15041981593393,-27.71930552268048],[153.15017893889853,-27.71923270070535],[153.14993803886097,-27.719142837730402],[153.1498049128418,-27.719106061744096],[153.14964584282083,-27.719076803760355],[153.14941486679376,-27.719059748783792],[153.14879882272453,-27.71904092184611],[153.14838600167394,-27.71899543588809],[153.1448339522195,-27.718451000250678],[153.14453408918072,-27.71840169228127],[153.14290778297254,-27.718151844447323],[153.14271384494435,-27.718094974467288],[153.14249495392042,-27.718093804489406],[153.14234416190118,-27.71807084150474],[153.1420903728684,-27.718029751530693],[153.14154839479832,-27.71794082158605],[153.1413452397721,-27.717908106606817],[153.1360352260945,-27.717107727148523],[153.12955255126957,-27.716148695809647],[153.1292487682283,-27.716083219840765],[153.12876557616627,-27.716007648890084],[153.12675268190853,-27.715697302095368],[153.1265516728828,-27.715666301115903],[153.12278888440105,-27.715086392499686],[153.12241688435324,-27.71502757753766],[153.12243311853706,-27.716458610524736],[153.1230411678176,-27.718145183450098],[153.12357921200942,-27.719193987387598],[153.12369060515874,-27.72027259236789],[153.1234484992935,-27.721537827382235],[153.12296711729903,-27.721991516427195],[153.1210019592633,-27.723386257614248],[153.11930725725352,-27.724754004774155],[153.11737528421727,-27.72611610495804],[153.1158747231759,-27.72706969010173],[153.1134860741369,-27.72880060132868],[153.11289989209865,-27.72900027738613],[153.11147091504745,-27.729815981523664],[153.1092899959006,-27.730522087737747],[153.1086659948802,-27.73089415479768],[153.10846050792338,-27.731408922814264],[153.1087865230137,-27.73184045277803],[153.1109689773945,-27.732972301549268],[153.1123142606541,-27.733865901406745],[153.11283077975128,-27.734188816352145],[153.1134263198435,-27.73440538229043],[153.11407929695002,-27.734685740222442],[153.11456723502812,-27.734883240171737],[153.11506956811343,-27.735125407119238],[153.11594906425935,-27.735521859027468],[153.11675323538813,-27.735847844943883],[153.11812713663036,-27.7365797227997],[153.11939832589258,-27.737556032663896],[153.12032686918766,-27.739082417558276],[153.12094677248427,-27.740883953481614],[153.1208109326405,-27.742228000484733],[153.12038580273338,-27.743319645518902],[153.11968501676168,-27.744140080583023],[153.11700212968375,-27.745816326840142],[153.1152469216571,-27.74710413000678],[153.11356946768387,-27.748746297162793],[153.11197569171316,-27.750335573310814],[153.1105515956755,-27.751255645446964],[153.1091370575815,-27.75172411658577],[153.10831043052505,-27.751986182666972],[153.10652807352986,-27.753545789834156],[153.1068597205765,-27.753628766800063],[153.1085185037893,-27.753884709630995],[153.10938472275478,-27.75287444855176],[153.10945446775202,-27.752793043545378],[153.1145488844052,-27.753577254026037],[153.1147554444316,-27.753609053004958],[153.11985872708595,-27.754394404484596],[153.12032052115316,-27.754528134437017],[153.12076991121373,-27.75462094639101],[153.12145128129043,-27.75464163632215],[153.12145917130343,-27.75473698132063],[153.12182071134936,-27.754789381283754],[153.12221728337673,-27.754666104244766],[153.12228088837557,-27.754602230238877],[153.1226414143815,-27.75434124420462],[153.1233157813724,-27.75369477214179],[153.12396390035357,-27.752994335081983],[153.1247589073395,-27.752205207008075],[153.12481121033605,-27.75213377100338],[153.1249704733663,-27.752235351986553],[153.1250554103201,-27.751800312981416],[153.1254476382475,-27.750895670948967],[153.1254631882379,-27.750807209948157],[153.1254852562198,-27.75064615794719],[153.12560771415224,-27.750011330939863],[153.12563311313826,-27.74987964193835],[153.12583793716416,-27.749908661917463],[153.13079620879904,-27.750665388411743],[153.13102459882754,-27.75069448338849],[153.13096556789046,-27.751238703390147],[153.13095827390106,-27.751328721390156],[153.13097932191204,-27.751396767387522],[153.13102007692217,-27.75144173138303],[153.1310842629342,-27.751481197376215],[153.1311656909453,-27.751498676367888],[153.1342949873465,-27.75198042304868],[153.13477044640382,-27.752025305000373],[153.1349452734263,-27.752052730982495],[153.13813782483808,-27.752563744656563],[153.1382372078517,-27.752585574646407],[153.13822951187012,-27.752737000645975],[153.1382269108784,-27.75280409264571],[153.13823935389016,-27.752886406643814],[153.13824378690302,-27.752983010642627],[153.1378753780467,-27.75442462366838],[153.13786811405902,-27.754527829668316],[153.13787559406853,-27.754595875666976],[153.1378990930781,-27.75465074166421],[153.13794233708916,-27.754701189659418],[153.13803122210714,-27.754766970649925],[153.13813611912346,-27.754805281639076],[153.13825023913918,-27.754831231627364],[153.1403762474084,-27.755132093410587],[153.14050747542524,-27.75515232939721],[153.14048986143467,-27.75524189239829],[153.1388793223031,-27.763430110496053],[153.1388559423156,-27.763547449497466],[153.13895808232851,-27.763561970487093],[153.1402969505006,-27.763771369350437],[153.14170194368134,-27.763991154206977],[153.14310702686197,-27.764210752063526],[153.14451211704258,-27.76443050692009],[153.14452651104446,-27.764432749918658],[153.14528191814162,-27.764550825841518],[153.14556532417805,-27.764595112812586],[153.14659033730982,-27.764755241707967],[153.1466016323113,-27.76475702970677],[153.14694196035506,-27.764810285672016],[153.1477041993627,-27.7642204535998],[153.14863729537205,-27.763498559511397],[153.14921627237777,-27.763050622456532],[153.14942979149905,-27.763819835428944],[153.14951778157388,-27.764331951415993],[153.14734838170438,-27.76720411261214],[153.14894695591005,-27.76745493644893],[153.15179266027624,-27.76790142015834],[153.15535689873482,-27.768461024794302],[153.1552863567722,-27.768814271798636],[153.1582569181551,-27.769285931495144]]]}},{"type":"Feature","id":"2027-02-22-chambers-flat","properties":{"collectionId":"2027-02-22","areaId":"chambers-flat","areaName":"Chambers Flat","startsOn":"2027-02-22","endsOn":"2027-03-05","putOutFrom":"2027-02-20"},"geometry":{"type":"Polygon","coordinates":[[[153.08239732676753,-27.720963507520377],[153.08195009071275,-27.720914005565746],[153.08141030364456,-27.720838106620693],[153.0811959946174,-27.72080797664245],[153.07845658827122,-27.72042275892107],[153.07630846600006,-27.720122806139546],[153.07614718397974,-27.720100007155935],[153.0742612697413,-27.719833470347734],[153.0741526337277,-27.719819664358777],[153.0719643984597,-27.71957843758077],[153.0696416201822,-27.71937782981596],[153.06945890215962,-27.719356073834458],[153.0652776806299,-27.718756444259686],[153.0650513536028,-27.71873713228258],[153.06498863459697,-27.718744433288823],[153.0649300215937,-27.718768745294508],[153.0648850495928,-27.71880032029876],[153.0648509925945,-27.718842818301884],[153.06482648059725,-27.71888531630404],[153.06479790060794,-27.71899457230602],[153.06470991667845,-27.719624489309922],[153.06469690768643,-27.719698421310607],[153.06464973771776,-27.719985715313104],[153.06421745599596,-27.72254640533635],[153.06429040402685,-27.722727208327555],[153.06386698029414,-27.725194513350647],[153.06540726148873,-27.725410863194092],[153.06528798549704,-27.725577726204776],[153.06456248540533,-27.72547625727851],[153.06444767947505,-27.726122915284922],[153.06432425954992,-27.726818225291886],[153.06420069862477,-27.727513454298812],[153.0640770416996,-27.728208682305763],[153.06395322077444,-27.728903822312745],[153.06371674691752,-27.730232350326006],[153.0636849699367,-27.730410620327792],[153.06331197216215,-27.732505127348738],[153.0623631180421,-27.732371352445195],[153.06170427845362,-27.736175029481405],[153.06119339177206,-27.73911984250952],[153.06086714597555,-27.741001054527477],[153.06020850738375,-27.744778453563864],[153.06019205639367,-27.744871422564763],[153.05268827144704,-27.74383553032718],[153.05226142739227,-27.743769034370608],[153.05202549035752,-27.74369803039487],[153.05180499032699,-27.74364599541742],[153.05134712926852,-27.743577010464005],[153.0512487072561,-27.743563740473995],[153.0512178842745,-27.74373480647573],[153.05058781765402,-27.74726340851123],[153.05053678168474,-27.74754940651407],[153.04898737361952,-27.756238109601217],[153.04891014066797,-27.756685383605454],[153.04847458767844,-27.75714155264559],[153.0469802537199,-27.758747479783082],[153.04676047672342,-27.758963114803464],[153.04650893072204,-27.75916738682714],[153.04614113971132,-27.759398309862213],[153.04590997770038,-27.75950960688463],[153.0456450206843,-27.759609921910446],[153.04545804067016,-27.75965849192882],[153.0450676456364,-27.759727439967488],[153.04469219559914,-27.759755357004998],[153.04430996555536,-27.75973776604352],[153.04211541327837,-27.759435280266427],[153.04207905429897,-27.759628273268532],[153.04138195471162,-27.763476401308218],[153.0413657947213,-27.763566068309135],[153.041009477676,-27.763515091345347],[153.0408488356673,-27.763584061360902],[153.0380850355187,-27.764781213629092],[153.03782837750896,-27.764924428653718],[153.03883542075263,-27.765981032544207],[153.040099077134,-27.767902254402152],[153.0409950024176,-27.76936858830056],[153.041309907613,-27.770637995258927],[153.0413527638139,-27.77218332824245],[153.0416357369776,-27.773230894205703],[153.04192129507777,-27.773774422172774],[153.04248412019345,-27.77420341111285],[153.04300268028294,-27.774464331058716],[153.04339255433305,-27.774525008019047],[153.04384266637572,-27.774474790974253],[153.0444747734182,-27.774267515912335],[153.04526931045444,-27.773872932835623],[153.04575824047487,-27.773614419788547],[153.04654221249024,-27.773064724714153],[153.04737308550457,-27.772465504635377],[153.04815402550025,-27.771762534562413],[153.0495530374902,-27.77048527343194],[153.05096602446258,-27.76905779430125],[153.05179547543594,-27.76813745422515],[153.05316428115472,-27.764751411114286],[153.05394216600564,-27.76291132605066],[153.05482791390605,-27.7613692049738],[153.0551391238898,-27.76097520294563],[153.0554956937317,-27.75942533392198],[153.05586256059595,-27.75804232689607],[153.05614499740574,-27.756302653881367],[153.05674319727387,-27.75475223983347],[153.05784404316412,-27.752946256737086],[153.0596042132507,-27.75212182056663],[153.06098360638612,-27.752008154428925],[153.06254435251256,-27.751668296274687],[153.06332225355914,-27.75136967619879],[153.06458951461934,-27.75075981707619],[153.06566066971996,-27.75063504196951],[153.0666499438091,-27.75049101487116],[153.06766048788504,-27.750224477771674],[153.0686334739654,-27.750025271675366],[153.06924432503462,-27.75004747461377],[153.06963989915832,-27.750682942568965],[153.06996896125477,-27.75116059853216],[153.0698834962933,-27.75153710653776],[153.0695813822914,-27.751780040566203],[153.06862308820482,-27.751918315661513],[153.06763644513583,-27.75221875975836],[153.0671312211299,-27.75260387280612],[153.06629491611702,-27.753217874885323],[153.06463231103035,-27.753958738046688],[153.06381143601925,-27.754573001124363],[153.06352046105806,-27.75512728714924],[153.0635841941836,-27.756061575135472],[153.06437510960117,-27.75867133503533],[153.06486207973492,-27.75930759998139],[153.06605288399527,-27.760338141853474],[153.06724568523114,-27.761173701726996],[153.06833198744283,-27.76191054261193],[153.06885444354512,-27.76226869155655],[153.06955329269962,-27.762886024481418],[153.07028715281635,-27.763177006405297],[153.0720821990395,-27.763397521223048],[153.0731305782053,-27.763804874114403],[153.0739172924093,-27.764736800027876],[153.0751760077238,-27.766134648890247],[153.0756507068502,-27.766722930837897],[153.07646337900513,-27.76724703475197],[153.07984466854893,-27.768632277400908],[153.08131238075583,-27.769004441250317],[153.08227298389843,-27.769304632151314],[153.08351817011376,-27.769933342021055],[153.08460581325863,-27.77014250190998],[153.0856801643695,-27.770095212802225],[153.08663624541262,-27.76961670070982],[153.08928000243395,-27.767524599460263],[153.08998876840494,-27.766690797395523],[153.09038885735433,-27.765951267361043],[153.0911139623821,-27.765549852291247],[153.0922680935137,-27.76559797617474],[153.09433515383645,-27.766369140960595],[153.09503909898513,-27.766935846885236],[153.09568680817827,-27.76790072681246],[153.09600141631716,-27.768723866774256],[153.09632145555355,-27.770308001729575],[153.09666061372204,-27.771342716687254],[153.09720760583,-27.77172315862919],[153.09858275196996,-27.77164826449131],[153.1000542570431,-27.770965501348574],[153.1011444110762,-27.770294703244115],[153.1023708360853,-27.769318408128285],[153.10297638902813,-27.768351777074944],[153.10315848888018,-27.767034127067024],[153.10253596254475,-27.764930314146312],[153.1023903493444,-27.763479783172432],[153.10161837870717,-27.75913086428448],[153.10143888749062,-27.75758219431475],[153.10159633339572,-27.75670206430585],[153.10247785637137,-27.755757830224574],[153.1035850123907,-27.754964827119323],[153.104890294472,-27.754488548991638],[153.10615586453093,-27.753871454869042],[153.10652807352986,-27.753545789834156],[153.10831043052505,-27.751986182666972],[153.1091370575815,-27.75172411658577],[153.1105515956755,-27.751255645446964],[153.11197569171316,-27.750335573310814],[153.11356946768387,-27.748746297162793],[153.1152469216571,-27.74710413000678],[153.11700212968375,-27.745816326840142],[153.11968501676168,-27.744140080583023],[153.12038580273338,-27.743319645518902],[153.12001060669303,-27.743323087556657],[153.11484789104165,-27.74260874008247],[153.11470599501357,-27.742508992097534],[153.11303522380277,-27.74227791226767],[153.1126407527526,-27.742220639307874],[153.11085198752724,-27.741975731489976],[153.11060357149586,-27.741941190515266],[153.10907388530256,-27.741727426671012],[153.10875044026173,-27.74168176170399],[153.10294867252992,-27.740880526294553],[153.10284587651572,-27.7408573473051],[153.10276684150037,-27.740803874313496],[153.10272436648864,-27.740748218318192],[153.10250798647166,-27.74079905433959],[153.09470430048574,-27.739708713133854],[153.09448602845816,-27.739678061156038],[153.08735948755586,-27.73866654088127],[153.08718042053326,-27.738642340899492],[153.08721464052067,-27.738513594897096],[153.0879316032757,-27.73597436984497],[153.08844076810414,-27.734189665807843],[153.08851543808086,-27.733942648802284],[153.08868292700785,-27.733225388791034],[153.0893272006832,-27.73012059775071],[153.08939158865064,-27.729810258746745],[153.0897452544724,-27.72810584172456],[153.089773788458,-27.727968326722785],[153.0898839314025,-27.727437518715917],[153.09002825630483,-27.7265463247084],[153.0900671712504,-27.726084574708146],[153.09008130410882,-27.724958233715586],[153.0901137520295,-27.72430707471749],[153.09015798597986,-27.72387814471642],[153.09019280994684,-27.723588145715194],[153.0903336178619,-27.722799688707244],[153.09046274380438,-27.72223754969869],[153.09082875368725,-27.721003680671615],[153.09039597963945,-27.72099617071523],[153.08835888741842,-27.720996318920218],[153.08801693538135,-27.720996348954653],[153.08291260182767,-27.720996580468263],[153.08239732676753,-27.720963507520377]]]}},{"type":"Feature","id":"2027-02-22-logan-village","properties":{"collectionId":"2027-02-22","areaId":"logan-village","areaName":"Logan Village","startsOn":"2027-02-22","endsOn":"2027-03-05","putOutFrom":"2027-02-20"},"geometry":{"type":"Polygon","coordinates":[[[153.1582569181551,-27.769285931495144],[153.1552863567722,-27.768814271798636],[153.15535689873482,-27.768461024794302],[153.15179266027624,-27.76790142015834],[153.14894695591005,-27.76745493644893],[153.14734838170438,-27.76720411261214],[153.14951778157388,-27.764331951415993],[153.14942979149905,-27.763819835428944],[153.14921627237777,-27.763050622456532],[153.14863729537205,-27.763498559511397],[153.1477041993627,-27.7642204535998],[153.14694196035506,-27.764810285672016],[153.1466016323113,-27.76475702970677],[153.14659033730982,-27.764755241707967],[153.14556532417805,-27.764595112812586],[153.14528191814162,-27.764550825841518],[153.14452651104446,-27.764432749918658],[153.14451211704258,-27.76443050692009],[153.14310702686197,-27.764210752063526],[153.14170194368134,-27.763991154206977],[153.1402969505006,-27.763771369350437],[153.13895808232851,-27.763561970487093],[153.1388559423156,-27.763547449497466],[153.1388793223031,-27.763430110496053],[153.14048986143467,-27.75524189239829],[153.14050747542524,-27.75515232939721],[153.1403762474084,-27.755132093410587],[153.13825023913918,-27.754831231627364],[153.13813611912346,-27.754805281639076],[153.13803122210714,-27.754766970649925],[153.13794233708916,-27.754701189659418],[153.1378990930781,-27.75465074166421],[153.13787559406853,-27.754595875666976],[153.13786811405902,-27.754527829668316],[153.1378753780467,-27.75442462366838],[153.13824378690302,-27.752983010642627],[153.13823935389016,-27.752886406643814],[153.1382269108784,-27.75280409264571],[153.13822951187012,-27.752737000645975],[153.1382372078517,-27.752585574646407],[153.13813782483808,-27.752563744656563],[153.1349452734263,-27.752052730982495],[153.13477044640382,-27.752025305000373],[153.1342949873465,-27.75198042304868],[153.1311656909453,-27.751498676367888],[153.1310842629342,-27.751481197376215],[153.13102007692217,-27.75144173138303],[153.13097932191204,-27.751396767387522],[153.13095827390106,-27.751328721390156],[153.13096556789046,-27.751238703390147],[153.13102459882754,-27.75069448338849],[153.13079620879904,-27.750665388411743],[153.12583793716416,-27.749908661917463],[153.12563311313826,-27.74987964193835],[153.12560771415224,-27.750011330939863],[153.1254852562198,-27.75064615794719],[153.1254631882379,-27.750807209948157],[153.1254476382475,-27.750895670948967],[153.1250554103201,-27.751800312981416],[153.1249704733663,-27.752235351986553],[153.12481121033605,-27.75213377100338],[153.1247589073395,-27.752205207008075],[153.12396390035357,-27.752994335081983],[153.1233157813724,-27.75369477214179],[153.1226414143815,-27.75434124420462],[153.12228088837557,-27.754602230238877],[153.12221728337673,-27.754666104244766],[153.12182071134936,-27.754789381283754],[153.12145917130343,-27.75473698132063],[153.12145128129043,-27.75464163632215],[153.12076991121373,-27.75462094639101],[153.12032052115316,-27.754528134437017],[153.11985872708595,-27.754394404484596],[153.1147554444316,-27.753609053004958],[153.1145488844052,-27.753577254026037],[153.10945446775202,-27.752793043545378],[153.10938472275478,-27.75287444855176],[153.1085185037893,-27.753884709630995],[153.1068597205765,-27.753628766800063],[153.10652807352986,-27.753545789834156],[153.10615586453093,-27.753871454869042],[153.104890294472,-27.754488548991638],[153.1035850123907,-27.754964827119323],[153.10247785637137,-27.755757830224574],[153.10159633339572,-27.75670206430585],[153.10143888749062,-27.75758219431475],[153.10161837870717,-27.75913086428448],[153.1023903493444,-27.763479783172432],[153.10253596254475,-27.764930314146312],[153.10315848888018,-27.767034127067024],[153.10297638902813,-27.768351777074944],[153.1023708360853,-27.769318408128285],[153.1011444110762,-27.770294703244115],[153.1000542570431,-27.770965501348574],[153.09858275196996,-27.77164826449131],[153.09720760583,-27.77172315862919],[153.09666061372204,-27.771342716687254],[153.09632145555355,-27.770308001729575],[153.09600141631716,-27.768723866774256],[153.09568680817827,-27.76790072681246],[153.09503909898513,-27.766935846885236],[153.09433515383645,-27.766369140960595],[153.0922680935137,-27.76559797617474],[153.0911139623821,-27.765549852291247],[153.09038885735433,-27.765951267361043],[153.08998876840494,-27.766690797395523],[153.08928000243395,-27.767524599460263],[153.08948442346875,-27.767624243438885],[153.09063179770186,-27.76847551731671],[153.0907635757286,-27.76857329130266],[153.09128072883365,-27.768956951247592],[153.09137950785438,-27.76903609823703],[153.09142865987064,-27.769121191231395],[153.09134880487142,-27.769196353238897],[153.09123419187517,-27.76932299824939],[153.09119613488008,-27.769394061252644],[153.09056787922154,-27.772615558290507],[153.09053237024088,-27.77279778529262],[153.09033162135012,-27.773828081304703],[153.09027613738024,-27.774112835308056],[153.0900034825285,-27.775511361324444],[153.08995152955683,-27.77577784632758],[153.08973525467454,-27.776888586340593],[153.08970915469055,-27.77703675534206],[153.0895221226668,-27.777009926361043],[153.08808802148388,-27.776797942507073],[153.08804321250946,-27.77703697950966],[153.08766708471427,-27.778969406532312],[153.08761185374453,-27.779253713535585],[153.08681263818053,-27.783364653583607],[153.08669982917297,-27.783401697594684],[153.08437205102254,-27.784210114822507],[153.0837820319844,-27.78441510188029],[153.08278494292003,-27.78476147997784],[153.08287860495722,-27.78497451396676],[153.08129323285425,-27.78552016512193],[153.08121883884934,-27.78554584012923],[153.08051748579535,-27.78572115919841],[153.0799221247467,-27.785848140257293],[153.0797602677315,-27.78586682627345],[153.07931502168952,-27.785917996317846],[153.07674312642098,-27.78600672557584],[153.07605787436015,-27.786115057643944],[153.07581482133867,-27.7861535396681],[153.07503614628163,-27.786371669744675],[153.07455458525453,-27.786570763791527],[153.07429586423996,-27.786677761816748],[153.07360640921436,-27.787066696883024],[153.07330917621007,-27.787287174911175],[153.0729795552053,-27.787531769942383],[153.07253637921139,-27.787958464983575],[153.07199155523088,-27.788578368033512],[153.07122499525823,-27.789449385103758],[153.07113073026153,-27.789556391112384],[153.07071498826852,-27.78996709615095],[153.07022503028907,-27.790548055195615],[153.0698577543045,-27.790983922229145],[153.06965518031168,-27.79121399624769],[153.06871617634513,-27.792280852333676],[153.0681554233652,-27.792918256385068],[153.06798075937138,-27.793116598401028],[153.0678061103776,-27.793314918417078],[153.06816176341258,-27.79328623338153],[153.06833640540643,-27.793087802365534],[153.06999269856956,-27.792952723200003],[153.0701528485854,-27.792939662183997],[153.07020098664586,-27.793374977175745],[153.0707611443511,-27.798441148079455],[153.07076356640508,-27.79886282107589],[153.0709384376393,-27.800554945044944],[153.070960536669,-27.800769827041048],[153.0713116681434,-27.804199224978678],[153.0713307711782,-27.804456202974713],[153.07146717619085,-27.804438574961175],[153.07205800724563,-27.804363785902332],[153.07262923630063,-27.80430719884531],[153.07334308337138,-27.80425163977399],[153.0761597446501,-27.804031438492352],[153.076114251669,-27.804218902495478],[153.0758071618451,-27.805865898513353],[153.07569405390987,-27.80647232351996],[153.07569089491182,-27.806489549520148],[153.0755746139785,-27.807113475526936],[153.07549037802679,-27.807565256531888],[153.07545835504513,-27.80773721553374],[153.07534207411183,-27.80836105254051],[153.07528670114368,-27.808658107543703],[153.0752258151786,-27.808984785547267],[153.0751094522452,-27.80960862255404],[153.07508292826046,-27.809751055555594],[153.0749931783119,-27.810232452560804],[153.0748792373773,-27.810843996567485],[153.07487698637863,-27.810856006567587],[153.07476062344537,-27.811479843574407],[153.0746754564942,-27.81193702657936],[153.074644430512,-27.812103569581144],[153.07452823157874,-27.812727398587924],[153.07447174861107,-27.813029974591238],[153.0744118536454,-27.81335122859469],[153.07429550571206,-27.813974968601517],[153.07418754677408,-27.814554295607778],[153.07417929877874,-27.814598790608258],[153.07406293584546,-27.815222449615064],[153.07398375089087,-27.815647147619643],[153.07397974989308,-27.815668083619883],[153.07382993397903,-27.816471449628626],[153.07377989600775,-27.816740363631553],[153.0736340580913,-27.81752197364006],[153.07357599612462,-27.817833207643424],[153.07345160819602,-27.818501077650687],[153.0733722672415,-27.8189259766553],[153.07316813635856,-27.820021248667206],[153.07395364345868,-27.820135727587285],[153.07506154460006,-27.820297412474602],[153.07594344771246,-27.820425912384888],[153.07646938377957,-27.820502519331356],[153.0766711088053,-27.82053192631084],[153.07682015682434,-27.820553682295692],[153.07815967499525,-27.820749066159397],[153.07983138420843,-27.82099278198931],[153.0800331012341,-27.821021994968785],[153.08185629546648,-27.82128601378325],[153.08406335074764,-27.82160519755865],[153.08637683804224,-27.821939438323245],[153.08641953826293,-27.823636233305553],[153.08627915438547,-27.82471814731115],[153.08652628989182,-27.82848368525663],[153.08777304704972,-27.828656456129792],[153.08813492183424,-27.826654426109133],[153.0883534767042,-27.82544575509671],[153.0886432155316,-27.82384206308018],[153.08873975347404,-27.823307588074673],[153.08898613632732,-27.8219445410606],[153.08917126121707,-27.820920019050075],[153.08925177916913,-27.820474549045485],[153.0893355461193,-27.820011384040658],[153.08941596707135,-27.819565906036125],[153.0894965750234,-27.819120533031466],[153.08957700397545,-27.8186750630269],[153.08965726892745,-27.818229764022362],[153.08973753487945,-27.817783489017796],[153.09174373713347,-27.81806187981368],[153.09194427715886,-27.818089714793288],[153.09332672533387,-27.81828131465263],[153.09385041140024,-27.8183538015993],[153.09443496947412,-27.818434804539873],[153.0951002385584,-27.818527034472122],[153.09589680965928,-27.818637333391102],[153.0969494657925,-27.818783081284003],[153.09867434901093,-27.819022036108453],[153.09876126102196,-27.81903406909962],[153.09898152904955,-27.819063089077204],[153.09756454764275,-27.817080296235474],[153.0973416635743,-27.81673367226069],[153.0972734235354,-27.816486633269445],[153.097271793482,-27.816068872272922],[153.09735053037573,-27.81516738927209],[153.09751668620473,-27.813681639267124],[153.09751719216985,-27.81340744226921],[153.0973745059854,-27.812081202294014],[153.09739613492937,-27.811622544295496],[153.09753825483105,-27.810729287288197],[153.09758166977298,-27.810235678287732],[153.09759908863694,-27.809152647294518],[153.09758847952742,-27.808301895302264],[153.09742265233626,-27.80694282732968],[153.09739545728115,-27.80653242733569],[153.09741161825434,-27.806308403335777],[153.09748501322912,-27.80604797533046],[153.0975561372148,-27.80587475632471],[153.0979708881445,-27.804966881290117],[153.09837159507234,-27.8040581712569],[153.09855068503356,-27.803599759242484],[153.0986614749781,-27.8030704552355],[153.0987430439347,-27.80265959323056],[153.09891989087973,-27.80207634621736],[153.0991636368399,-27.80155478319692],[153.09948231980113,-27.80097820516937],[153.09969896777125,-27.800558588150853],[153.09995832269482,-27.799736365131228],[153.1000791186563,-27.799330539122302],[153.10021520359763,-27.798753067113118],[153.10030186853479,-27.798185072108904],[153.10030591543725,-27.797416075114537],[153.1002703233867,-27.79704957412103],[153.10018577433914,-27.796748391131935],[153.09947878099868,-27.79467861321942],[153.09935454290923,-27.79408219423668],[153.0993156278362,-27.79354177324481],[153.09962303187578,-27.793589472213483],[153.11021840623542,-27.795211098133702],[153.11056915728034,-27.79526476509795],[153.11133004737798,-27.795380956020413],[153.1120772884738,-27.795495046944254],[153.112678423551,-27.79558683088295],[153.11318216461555,-27.795663735831624],[153.11363738767398,-27.795733234785228],[153.1140959037328,-27.79580323973849],[153.11465017480396,-27.795887857681937],[153.11528862288574,-27.795985318616847],[153.1161529869966,-27.79611726052879],[153.11727021614,-27.796287804414842],[153.1192206003902,-27.796585507215976],[153.11960836543986,-27.796644687176435],[153.1217786447183,-27.796975901955154],[153.12151225686648,-27.798366507971053],[153.121358639952,-27.799168361980175],[153.12120814603566,-27.799953928989126],[153.12108396010473,-27.800602121996548],[153.120975785165,-27.801166802003017],[153.12087866721905,-27.80167375400878],[153.12077519327656,-27.802213899014937],[153.12070783231403,-27.802565454018954],[153.1206744833326,-27.802739537020933],[153.12309581764316,-27.803108035774034],[153.1234883136935,-27.803167751734012],[153.12359868670913,-27.80319592272267],[153.12361107771747,-27.80325157072099],[153.1240338528714,-27.804097793671698],[153.12407645588695,-27.804183043666782],[153.12429298496573,-27.804616428641488],[153.12435066698677,-27.804731882634776],[153.12459345207506,-27.8052178246065],[153.12465113409613,-27.805333271599753],[153.1248558011705,-27.80574289657595],[153.1250373052081,-27.805882580556528],[153.1250066092741,-27.80642590655533],[153.12636272645173,-27.806661143416772],[153.12649616646922,-27.806684292403162],[153.12891060878536,-27.80710305915648],[153.12930901283758,-27.80717216311581],[153.12963771088064,-27.807229168082202],[153.13195221918386,-27.807630544845736],[153.1322311162203,-27.807678914817224],[153.13324213835278,-27.807854227713918],[153.13344322937914,-27.80788909569337],[153.1391344291246,-27.808875821111773],[153.14150404187868,-27.80492573890398],[153.1425086112595,-27.799212975847755],[153.14256785822298,-27.798876164844422],[153.1427660361008,-27.797749093833342],[153.14396923025305,-27.797916262710643],[153.1450645253916,-27.798068560598995],[153.1461378035274,-27.798217340489536],[153.14678701760948,-27.798307455423366],[153.14692490462696,-27.79832635740929],[153.14771192472628,-27.798434271329064],[153.14881467086562,-27.79858553321668],[153.15054008408364,-27.79882258104072],[153.1603984683528,-27.80036281703382],[153.16091846705217,-27.79756343300347],[153.16134581680362,-27.79525144997854],[153.1617594505631,-27.79301429395449],[153.16248907915087,-27.789162001911198],[153.16259820816103,-27.789148969900317],[153.1628903669949,-27.78759836288304],[153.1613177427895,-27.787328905043918],[153.1560550331105,-27.786491766581587],[153.1558848170706,-27.786324329600077],[153.15760973804507,-27.776814683501094],[153.1580008340504,-27.776523783463876],[153.15806788994107,-27.775609045464318],[153.15848598583636,-27.774432055431433],[153.15827953765353,-27.773174471462227],[153.1583215735424,-27.77226760146507],[153.1576732403541,-27.771343297537825],[153.1578338822572,-27.770446858528683],[153.15876165817446,-27.76900754844642],[153.1599663723234,-27.769149116323735],[153.16016335832126,-27.768964774305307],[153.15986879228328,-27.768917642335392],[153.15837614209093,-27.768681525487892],[153.1582569181551,-27.769285931495144]]]}},{"type":"Feature","id":"2027-02-22-stockleigh","properties":{"collectionId":"2027-02-22","areaId":"stockleigh","areaName":"Stockleigh","startsOn":"2027-02-22","endsOn":"2027-03-05","putOutFrom":"2027-02-20"},"geometry":{"type":"Polygon","coordinates":[[[153.08804321250946,-27.77703697950966],[153.08808802148388,-27.776797942507073],[153.0895221226668,-27.777009926361043],[153.08970915469055,-27.77703675534206],[153.08973525467454,-27.776888586340593],[153.08995152955683,-27.77577784632758],[153.0900034825285,-27.775511361324444],[153.09027613738024,-27.774112835308056],[153.09033162135012,-27.773828081304703],[153.09053237024088,-27.77279778529262],[153.09056787922154,-27.772615558290507],[153.09119613488008,-27.769394061252644],[153.09123419187517,-27.76932299824939],[153.09134880487142,-27.769196353238897],[153.09142865987064,-27.769121191231395],[153.09137950785438,-27.76903609823703],[153.09128072883365,-27.768956951247592],[153.0907635757286,-27.76857329130266],[153.09063179770186,-27.76847551731671],[153.08948442346875,-27.767624243438885],[153.08928000243395,-27.767524599460263],[153.08663624541262,-27.76961670070982],[153.0856801643695,-27.770095212802225],[153.08460581325863,-27.77014250190998],[153.08351817011376,-27.769933342021055],[153.08227298389843,-27.769304632151314],[153.08131238075583,-27.769004441250317],[153.07984466854893,-27.768632277400908],[153.07646337900513,-27.76724703475197],[153.0756507068502,-27.766722930837897],[153.0751760077238,-27.766134648890247],[153.0739172924093,-27.764736800027876],[153.0731305782053,-27.763804874114403],[153.0720821990395,-27.763397521223048],[153.07028715281635,-27.763177006405297],[153.06955329269962,-27.762886024481418],[153.06885444354512,-27.76226869155655],[153.06833198744283,-27.76191054261193],[153.06724568523114,-27.761173701726996],[153.06605288399527,-27.760338141853474],[153.06486207973492,-27.75930759998139],[153.06437510960117,-27.75867133503533],[153.0635841941836,-27.756061575135472],[153.06352046105806,-27.75512728714924],[153.06381143601925,-27.754573001124363],[153.06463231103035,-27.753958738046688],[153.06629491611702,-27.753217874885323],[153.0671312211299,-27.75260387280612],[153.06763644513583,-27.75221875975836],[153.06862308820482,-27.751918315661513],[153.0695813822914,-27.751780040566203],[153.0698834962933,-27.75153710653776],[153.06996896125477,-27.75116059853216],[153.06963989915832,-27.750682942568965],[153.06924432503462,-27.75004747461377],[153.0686334739654,-27.750025271675366],[153.06766048788504,-27.750224477771674],[153.0666499438091,-27.75049101487116],[153.06566066971996,-27.75063504196951],[153.06458951461934,-27.75075981707619],[153.06332225355914,-27.75136967619879],[153.06254435251256,-27.751668296274687],[153.06098360638612,-27.752008154428925],[153.0596042132507,-27.75212182056663],[153.05784404316412,-27.752946256737086],[153.05674319727387,-27.75475223983347],[153.05614499740574,-27.756302653881367],[153.05586256059595,-27.75804232689607],[153.0554956937317,-27.75942533392198],[153.0551391238898,-27.76097520294563],[153.05482791390605,-27.7613692049738],[153.05394216600564,-27.76291132605066],[153.05316428115472,-27.764751411114286],[153.05179547543594,-27.76813745422515],[153.05096602446258,-27.76905779430125],[153.0495530374902,-27.77048527343194],[153.04815402550025,-27.771762534562413],[153.04737308550457,-27.772465504635377],[153.04654221249024,-27.773064724714153],[153.04575824047487,-27.773614419788547],[153.04526931045444,-27.773872932835623],[153.0444747734182,-27.774267515912335],[153.04384266637572,-27.774474790974253],[153.04339255433305,-27.774525008019047],[153.04300268028294,-27.774464331058716],[153.04248412019345,-27.77420341111285],[153.04192129507777,-27.773774422172774],[153.0416357369776,-27.773230894205703],[153.0413527638139,-27.77218332824245],[153.041309907613,-27.770637995258927],[153.0409950024176,-27.76936858830056],[153.040099077134,-27.767902254402152],[153.03883542075263,-27.765981032544207],[153.03782837750896,-27.764924428653718],[153.03698190329646,-27.763975015746233],[153.03603858500728,-27.762505045852542],[153.03546284085303,-27.761783188916084],[153.0343691707257,-27.761716193026423],[153.0331547256234,-27.761951364146555],[153.03275595567152,-27.762671716180883],[153.0327026697733,-27.76351986717957],[153.032229788872,-27.764703519217715],[153.03171999815297,-27.767353474247987],[153.03168027124104,-27.768081761246236],[153.03187004534016,-27.768700390222282],[153.03205267252974,-27.770037039193383],[153.03200829769236,-27.77135641018747],[153.03213693176048,-27.771782882171202],[153.03244040884252,-27.772169000137666],[153.03250371689174,-27.772502704128684],[153.03219734892954,-27.773063092155024],[153.03178882596976,-27.773730590190763],[153.03153033602527,-27.774388990211555],[153.03120292707712,-27.775078974238944],[153.03086385109611,-27.77551867026953],[153.0304805341077,-27.77593870430472],[153.03020790217298,-27.776686787326202],[153.0298217392536,-27.777653380357332],[153.02954956929796,-27.778236403380053],[153.02842699028918,-27.779128886485744],[153.02782224125232,-27.779357254544635],[153.02688104717646,-27.77956642963748],[153.02544950701727,-27.779539740781445],[153.02477461794228,-27.77952794584926],[153.02401553787993,-27.779687283924197],[153.02365547389502,-27.780115088956986],[153.02347513993897,-27.780616155971156],[153.02353578806833,-27.78158403795743],[153.02353478220854,-27.782689100948822],[153.0235617833475,-27.783761589937615],[153.02355704546346,-27.78467887493088],[153.02347540854464,-27.785388527933456],[153.02360951856085,-27.785401074919903],[153.02366306556763,-27.785408957914473],[153.0239881046091,-27.785456790881483],[153.02536594078484,-27.785659714741552],[153.02558641081302,-27.78569225171915],[153.02602878986946,-27.78575769067425],[153.0264539939237,-27.785820617631053],[153.02687919897804,-27.785883523587845],[153.02698881199197,-27.785899742576753],[153.02792935111202,-27.786038934481216],[153.02803179612525,-27.786054811470763],[153.02767816231554,-27.7878574424921],[153.02765263633836,-27.78805970349303],[153.02732487849264,-27.789555370514158],[153.02727287252077,-27.78982203451726],[153.02764748759702,-27.79010171347747],[153.02773784059548,-27.790011792469123],[153.0278391315999,-27.789959184459335],[153.02796520260966,-27.78992839144691],[153.02818189563408,-27.789934925425143],[153.03726094179953,-27.791328183502433],[153.0374987648296,-27.791360824478296],[153.0376736148491,-27.791364475460693],[153.03806731088596,-27.79131776742151],[153.04009714005784,-27.79093080722066],[153.04150439817565,-27.790651320081512],[153.04167106018673,-27.790595933065223],[153.04191800219968,-27.790486350041288],[153.04206325120376,-27.79039429002739],[153.0422774262062,-27.790229916007217],[153.0425481952065,-27.789999811981804],[153.04297403219857,-27.789572475942432],[153.0436037561834,-27.78891263788431],[153.04370222218165,-27.78881496787519],[153.043875448211,-27.788897609857145],[153.04701051071643,-27.790189906531978],[153.0471558347399,-27.790249801516918],[153.04800796487729,-27.790601036428566],[153.04814680689964,-27.79065826441415],[153.05076190132132,-27.791736110142867],[153.05480128492354,-27.793014815726824],[153.0584842264374,-27.793902128349615],[153.05872198246695,-27.793931461325503],[153.05895141549,-27.79391568830255],[153.06010218658702,-27.793693698188616],[153.06049212762272,-27.79364060514989],[153.06285391685446,-27.793440705914033],[153.06412396597892,-27.793331934787155],[153.0646316260306,-27.793304255736338],[153.06522712909793,-27.793324134676297],[153.06552927913086,-27.79332398564591],[153.06579094415576,-27.793295457619845],[153.06611665318783,-27.793268888587306],[153.06798075937138,-27.793116598401028],[153.0681554233652,-27.792918256385068],[153.06871617634513,-27.792280852333676],[153.06965518031168,-27.79121399624769],[153.0698577543045,-27.790983922229145],[153.07022503028907,-27.790548055195615],[153.07071498826852,-27.78996709615095],[153.07113073026153,-27.789556391112384],[153.07122499525823,-27.789449385103758],[153.07199155523088,-27.788578368033512],[153.07253637921139,-27.787958464983575],[153.0729795552053,-27.787531769942383],[153.07330917621007,-27.787287174911175],[153.07360640921436,-27.787066696883024],[153.07429586423996,-27.786677761816748],[153.07455458525453,-27.786570763791527],[153.07503614628163,-27.786371669744675],[153.07581482133867,-27.7861535396681],[153.07605787436015,-27.786115057643944],[153.07674312642098,-27.78600672557584],[153.07931502168952,-27.785917996317846],[153.0797602677315,-27.78586682627345],[153.0799221247467,-27.785848140257293],[153.08051748579535,-27.78572115919841],[153.08121883884934,-27.78554584012923],[153.08129323285425,-27.78552016512193],[153.08287860495722,-27.78497451396676],[153.08278494292003,-27.78476147997784],[153.0837820319844,-27.78441510188029],[153.08437205102254,-27.784210114822507],[153.08669982917297,-27.783401697594684],[153.08681263818053,-27.783364653583607],[153.08761185374453,-27.779253713535585],[153.08766708471427,-27.778969406532312],[153.08804321250946,-27.77703697950966]]]}},{"type":"Feature","id":"2027-02-22-waterford","properties":{"collectionId":"2027-02-22","areaId":"waterford","areaName":"Waterford","startsOn":"2027-02-22","endsOn":"2027-03-05","putOutFrom":"2027-02-20"},"geometry":{"type":"Polygon","coordinates":[[[153.14462023980926,-27.6918481734824],[153.1446666718096,-27.691811412477954],[153.14471308080817,-27.691760651473725],[153.144742443803,-27.691694758471296],[153.1447652727974,-27.691631786469472],[153.14477371379166,-27.691578737468998],[153.14476317178335,-27.69152279847052],[153.14473623777138,-27.691452286473815],[153.14469949175898,-27.69138588747804],[153.14462146173773,-27.691284782486708],[153.14456048572183,-27.691211409493413],[153.14448707570446,-27.691138043501418],[153.14441496868736,-27.691065266509266],[153.144348792674,-27.691015794516336],[153.1443127316648,-27.690974443520304],[153.1442524046491,-27.690902813526968],[153.14418880563258,-27.690827108533945],[153.14414157661778,-27.690750799539305],[153.1441166846089,-27.690702311542186],[153.14391665851844,-27.690161980566685],[153.1427728464374,-27.69049747967933],[153.1413951373265,-27.690799078815893],[153.13951413318176,-27.691262028001912],[153.13914292315866,-27.691396362038287],[153.13881405414332,-27.691555790070204],[153.13865912714783,-27.69172339808451],[153.13859823316423,-27.691903478089237],[153.13862070418347,-27.69203569608591],[153.1387917472541,-27.6924451210654],[153.13904812234324,-27.692927941035748],[153.14007250162712,-27.694286710921734],[153.14090394988483,-27.695603570827476],[153.1415103900422,-27.696324197760653],[153.14324109344233,-27.697994537572892],[153.14359165651658,-27.698279633535314],[153.14418707764267,-27.698763869471403],[153.14531640686027,-27.69951207135161],[153.14600955701837,-27.700164436276573],[153.14619809408512,-27.700528457254666],[153.14637269116488,-27.701005540233304],[153.1464241822232,-27.701419710224847],[153.14637598428385,-27.70193754822554],[153.1464518533534,-27.702418915214125],[153.14656965441978,-27.702840059198937],[153.1467070575348,-27.703626974178878],[153.14673135361258,-27.704217239171705],[153.14667162966916,-27.70471163017387],[153.14632147578232,-27.705898604199806],[153.14614338381793,-27.70633000821434],[153.1459526198202,-27.706509962232182],[153.14435948372082,-27.707085184388276],[153.1431330216644,-27.707685887507242],[153.14232233863171,-27.708119526585577],[153.141998059611,-27.708232894617367],[153.14166895257702,-27.708245790650484],[153.1413538375338,-27.708174935682784],[153.14105735747458,-27.70796173071441],[153.14018084926187,-27.707037417810117],[153.13962756812768,-27.706453947870443],[153.1371831515225,-27.703780188138058],[153.13657389641543,-27.703458427202033],[153.13598107530842,-27.70312199626446],[153.13436064105258,-27.70249094043285],[153.1319185636669,-27.70153985168653],[153.13063577645488,-27.700966304820383],[153.13000930833385,-27.700548245886804],[153.129404090188,-27.699917255952805],[153.1285921109774,-27.698953449042254],[153.12825582186815,-27.698380827080697],[153.12793338263003,-27.69678346012579],[153.12787707149505,-27.695770352139508],[153.12781457642325,-27.69525954014981],[153.12770957538604,-27.69505628816198],[153.12741120233432,-27.694903462193295],[153.12710223329785,-27.694879821224582],[153.12677190527242,-27.694961465257272],[153.1264749542651,-27.69515650628564],[153.1259446442738,-27.695676914334975],[153.12559174033228,-27.696437336364518],[153.12533912844398,-27.697530239381376],[153.1251677715512,-27.698518938390844],[153.1250476607757,-27.700386218388193],[153.12505110379854,-27.700562893386426],[153.1250899730568,-27.70255978336671],[153.12506905915077,-27.703316598362886],[153.12489423222752,-27.704069189374565],[153.12398549241254,-27.706297404448534],[153.12292870058693,-27.708568416537087],[153.12251058171412,-27.70992416856849],[153.12226355090212,-27.71161218658005],[153.12219909605076,-27.71283574357687],[153.12229502220865,-27.713995053558104],[153.12241688435324,-27.71502757753766],[153.12278888440105,-27.715086392499686],[153.1265516728828,-27.715666301115903],[153.12675268190853,-27.715697302095368],[153.12876557616627,-27.716007648890084],[153.1292487682283,-27.716083219840765],[153.12955255126957,-27.716148695809647],[153.1360352260945,-27.717107727148523],[153.1413452397721,-27.717908106606817],[153.14154839479832,-27.71794082158605],[153.1420903728684,-27.718029751530693],[153.14234416190118,-27.71807084150474],[153.14249495392042,-27.718093804489406],[153.14271384494435,-27.718094974467288],[153.14290778297254,-27.718151844447323],[153.14453408918072,-27.71840169228127],[153.1448339522195,-27.718451000250678],[153.14838600167394,-27.71899543588809],[153.14879882272453,-27.71904092184611],[153.14941486679376,-27.719059748783792],[153.14964584282083,-27.719076803760355],[153.1498049128418,-27.719106061744096],[153.14993803886097,-27.719142837730402],[153.15017893889853,-27.71923270070535],[153.15041981593393,-27.71930552268048],[153.15072908297552,-27.719368509648806],[153.15391787938503,-27.719868987323153],[153.15401974339719,-27.719878419312757],[153.15421004641829,-27.719881392293587],[153.15440756844606,-27.719931289273266],[153.15457737446982,-27.719974040255742],[153.15611100866602,-27.72020880009916],[153.15640629770405,-27.720255456069],[153.15711350679453,-27.720364099996804],[153.15752319984725,-27.72042969495491],[153.15766067086497,-27.720451703940896],[153.1590105820389,-27.72066781580294],[153.15910040604902,-27.720670542793886],[153.1591671630551,-27.72066126678721],[153.1592494700606,-27.72063478677913],[153.15919254704204,-27.72053757178561],[153.1586815188744,-27.719656860844143],[153.15826949471986,-27.71879508189254],[153.1582281217044,-27.718708536897374],[153.1581189776637,-27.71848177091019],[153.15806219663432,-27.718299640917387],[153.1580313586039,-27.718086539922137],[153.15801020656102,-27.717768488926815],[153.15799536554422,-27.717649674929238],[153.1579756655226,-27.717496140932454],[153.15793034449203,-27.71729494493863],[153.1579162704757,-27.71717873094095],[153.1579132974588,-27.71704905394227],[153.15793297444378,-27.71691386994136],[153.15796224043356,-27.71680909993924],[153.1580094174241,-27.71669410093538],[153.15812311340383,-27.716438858925944],[153.15852985534613,-27.715639939891183],[153.1588774703104,-27.715063369860637],[153.15893983829767,-27.714910960855594],[153.15896430628268,-27.714772729854214],[153.15898575626022,-27.71457752485358],[153.1590249692052,-27.71411314485325],[153.1590650681871,-27.71393602985061],[153.1591516141719,-27.713743469843394],[153.1597294290885,-27.712597189794124],[153.15978587407724,-27.71246151478954],[153.15982681505682,-27.71226579578693],[153.15981831402908,-27.712055659789474],[153.1596799049205,-27.71132086880924],[153.15967404788717,-27.711064583811886],[153.15969385185667,-27.710808581811886],[153.15976903582452,-27.710491886806807],[153.15981294180443,-27.710297337803905],[153.15987555678794,-27.710113941799033],[153.1600097487821,-27.70995402178676],[153.16052903177604,-27.70946461573823],[153.16073877378358,-27.709345809717952],[153.16100897580256,-27.709264851691366],[153.16092010575744,-27.70898641570251],[153.1608077586745,-27.708431228718283],[153.1607446145975,-27.707879832728995],[153.1605922804948,-27.707203803749692],[153.16052074045814,-27.706977201758708],[153.16010170427268,-27.705877220809693],[153.15989570313252,-27.704952543837788],[153.15966765611256,-27.7049891268605],[153.15940084307854,-27.704949682887708],[153.15922327305594,-27.704923374905853],[153.15904004903263,-27.704896232924533],[153.15887823701206,-27.704872256941105],[153.1587231379924,-27.70484933195692],[153.1585681289726,-27.7048263089727],[153.15841311195288,-27.704803383988523],[153.15827315293512,-27.704782604002816],[153.15813311191732,-27.704761914017126],[153.1579930778995,-27.704741134031426],[153.15785303688168,-27.704720444045744],[153.15782353987794,-27.704716085048748],[153.1577280538658,-27.70470189905851],[153.157627999853,-27.7046871250687],[153.15752802784036,-27.704672254078886],[153.15740296182443,-27.70465370909168],[153.1572779858085,-27.70463526110441],[153.15713794479066,-27.704614482118718],[153.1569979857729,-27.704593702132996],[153.15679562774713,-27.70456385515363],[153.15619561067072,-27.704474329214946],[153.15577562161727,-27.70441173725781],[153.1554156235714,-27.704358085294533],[153.1550156395205,-27.704298473335403],[153.1545367394596,-27.704227089384247],[153.1544347184463,-27.704210251394652],[153.15488851116905,-27.701647169369128],[153.15495217613008,-27.70128749236554],[153.15534418088964,-27.699065342343566],[153.15524497587697,-27.699050746353674],[153.15452492178525,-27.698943003427164],[153.1542127947457,-27.698897011459074],[153.15398063473924,-27.69904395848129],[153.1534177206993,-27.69920954853676],[153.15304329166182,-27.69923347957439],[153.15234889058436,-27.69921609764457],[153.15178242253504,-27.699310652700945],[153.1511765415058,-27.69959606075985],[153.15076481551105,-27.69998752179828],[153.15060416550787,-27.700099459813575],[153.15032564751158,-27.700364878839594],[153.15028304551404,-27.700420787843477],[153.15021092351833,-27.70051596985],[153.14888966753435,-27.7017657079734],[153.14877448151537,-27.70171458898541],[153.1487898525114,-27.70167041498423],[153.14880502150578,-27.701613380983137],[153.1488124584885,-27.701472184983487],[153.14882295638014,-27.70061176198921],[153.1488149543644,-27.70049463899096],[153.14879740035076,-27.700402347993474],[153.1487668233389,-27.70033565799711],[153.14892093834766,-27.700273765982022],[153.149079710298,-27.69974776997016],[153.14932375422123,-27.698937958951948],[153.150062195989,-27.696485167896853],[153.15023589901108,-27.696511289879084],[153.15053913682905,-27.694823658861843],[153.15057992880452,-27.694596676859486],[153.14894328259552,-27.69434674702658],[153.14852880654362,-27.69429148606882],[153.14551115016073,-27.693850703376704],[153.14548935713742,-27.69368679738016],[153.1454169530409,-27.692989855393005],[153.1453984680273,-27.69289848939559],[153.14536664601707,-27.69284606639921],[153.14531089400077,-27.692765108405464],[153.14523223798275,-27.69268999941402],[153.14518899497403,-27.692658572418612],[153.14514706996707,-27.692639380422985],[153.14508356195896,-27.69263011942946],[153.14497554294675,-27.692626155440404],[153.1449113789384,-27.692613981446968],[153.14459348489052,-27.692509397479867],[153.14433935285027,-27.6924094105063],[153.1442862898402,-27.69237565951185],[153.14420769382707,-27.692339024520127],[153.1440608648061,-27.6922989635352],[153.14399670079735,-27.69228503854183],[153.14394628979144,-27.69228100754694],[153.14389850878734,-27.692289806551678],[153.14384617678564,-27.692320748556675],[153.14374546678448,-27.69239721356623],[153.1436977087823,-27.692421160570916],[153.14363685977776,-27.6924369555769],[153.14359955477426,-27.69244107558065],[153.14356026776943,-27.6924370375846],[153.14350602776082,-27.692414938590257],[153.1434811347554,-27.692393980592954],[153.14346340974902,-27.69235902959497],[153.14345877574326,-27.692317649595818],[153.1434632907375,-27.69226869159577],[153.14348148572674,-27.69216830259471],[153.1434938757227,-27.692126325593758],[153.14352064571932,-27.692077330591466],[153.14355399471887,-27.69204465958837],[153.14361612472015,-27.692002050582403],[153.14370836272363,-27.69195124457349],[153.14381042872955,-27.69191033356354],[153.14392492873702,-27.69187174655229],[153.14401525974526,-27.691859416543288],[153.1441181527559,-27.69185581053294],[153.1442196147662,-27.691850460522765],[153.14428115577357,-27.691855646516533],[153.14433943478153,-27.69186899051051],[153.14442324579213,-27.691881142501963],[153.14450637980147,-27.691883384493547],[153.14456789880674,-27.691872834487484],[153.14462023980926,-27.6918481734824]]]}},{"type":"Feature","id":"2027-03-08-cedar-creek","properties":{"collectionId":"2027-03-08","areaId":"cedar-creek","areaName":"Cedar Creek","startsOn":"2027-03-08","endsOn":"2027-03-19","putOutFrom":"2027-03-06"},"geometry":{"type":"Polygon","coordinates":[[[153.1646741032172,-27.842643476268883],[153.165738650289,-27.84229751616415],[153.16659164437428,-27.842236741078516],[153.16701778042886,-27.84230028703504],[153.1682895045543,-27.842197617907463],[153.1690517806088,-27.841973303832237],[153.16943889059633,-27.84154533479654],[153.1695771224997,-27.84067178378948],[153.16943667141396,-27.840120343808035],[153.16887708825251,-27.839333644870734],[153.1687058281804,-27.8389155408913],[153.16879319414707,-27.83857986988512],[153.169134080156,-27.838358810852444],[153.17011065021637,-27.8379990667567],[153.17121240520984,-27.837007596653272],[153.17187642317074,-27.83613571459313],[153.1724078131394,-27.835436343545002],[153.17290151906278,-27.83441640350314],[153.1730875300376,-27.83406076548719],[153.17330034802748,-27.833799868467743],[153.17351307701134,-27.833491578448704],[153.17375254600407,-27.833230643426553],[153.17420488599268,-27.832756198384622],[153.17441773398562,-27.832518994365017],[153.17465697196013,-27.832115902344057],[153.17478121093657,-27.831825799333792],[153.17488342490262,-27.83147289532624],[153.17503916485146,-27.830939061314723],[153.17527300879382,-27.830289124296257],[153.17550711275703,-27.829801588276464],[153.1756631057266,-27.82943015426366],[153.1760785576979,-27.828851475226255],[153.17639811268074,-27.82844439019719],[153.17724283765048,-27.82748762411943],[153.17760805763308,-27.827039807086074],[153.17817879461197,-27.826388395033554],[153.1785124166086,-27.82607763200235],[153.17902049359526,-27.825539647955257],[153.18003667857207,-27.82449196886089],[153.18051288255154,-27.823925739817252],[153.18092538351692,-27.82330304278052],[153.18175081248378,-27.82234044370476],[153.18255233045073,-27.82139868963122],[153.1831813603833,-27.820334813576036],[153.18333982736078,-27.820023647562508],[153.18327508926706,-27.819345250574397],[153.18305200320307,-27.819034590599365],[153.18266926007112,-27.81832835764356],[153.1821598629652,-27.81793325369819],[153.18171440089145,-27.81773595374471],[153.18152480585096,-27.817581070765087],[153.18153277783233,-27.817428117765484],[153.1814384307795,-27.817094652777676],[153.18120310468996,-27.816594584805383],[153.18101475361087,-27.816136164827977],[153.18077922550535,-27.815511009856735],[153.18054426544248,-27.81521943088275],[153.17918340923075,-27.814720823024143],[153.17857346714302,-27.81455482408699],[153.17782270202957,-27.814305610164848],[153.1775876809613,-27.81397232319116],[153.17744644690345,-27.81363892520809],[153.1771640547928,-27.81301382124148],[153.17683529871974,-27.81272236227701],[153.17674096666687,-27.812388903289182],[153.17688111963957,-27.81205514027763],[153.17749030066847,-27.811762473218437],[153.17786505067724,-27.811511799182608],[153.17802604966488,-27.81127752316817],[153.1778808385762,-27.81070705418731],[153.17774931252336,-27.81040563320302],[153.17752827745588,-27.810065477228033],[153.17717881536393,-27.809643610266633],[153.17679585526076,-27.809162452309096],[153.17647672417544,-27.808766222344424],[153.1761703570922,-27.808375633378486],[153.17572994499787,-27.808012298425794],[153.17545597293707,-27.80777024445536],[153.17514857586588,-27.807473934488716],[153.17473535978718,-27.80721063853256],[153.17421878868424,-27.80684423358758],[153.17390891162705,-27.80666110662032],[153.17380548959832,-27.806523590631844],[153.17349559754118,-27.806340448664617],[153.1728758364269,-27.805974176730075],[153.17210105827832,-27.805470442812265],[153.17173937019803,-27.8051497258513],[153.17075815802104,-27.804600378954675],[153.17035467192883,-27.80422188199842],[153.16995759284595,-27.803911201040986],[153.1694439197557,-27.80364213809495],[153.1692422626898,-27.803298085118037],[153.16915316869176,-27.80338888512632],[153.16884434980005,-27.804499975148733],[153.16851881096846,-27.80609738016897],[153.15980327886422,-27.804877444058313],[153.16011255169443,-27.803282796039657],[153.16001282557443,-27.802427805056467],[153.1603984683528,-27.80036281703382],[153.15054008408364,-27.79882258104072],[153.14881467086562,-27.79858553321668],[153.14771192472628,-27.798434271329064],[153.14692490462696,-27.79832635740929],[153.14678701760948,-27.798307455423366],[153.1461378035274,-27.798217340489536],[153.1450645253916,-27.798068560598995],[153.14396923025305,-27.797916262710643],[153.1427660361008,-27.797749093833342],[153.14256785822298,-27.798876164844422],[153.1425086112595,-27.799212975847755],[153.14150404187868,-27.80492573890398],[153.1391344291246,-27.808875821111773],[153.13718369602512,-27.817601978239686],[153.14520964807892,-27.819009892419167],[153.14517507009472,-27.819163843421446],[153.1447290853016,-27.821165203450654],[153.1447093043108,-27.821253969451913],[153.14441394144765,-27.822579346471283],[153.14439494945688,-27.822667516472524],[153.14880487303654,-27.823445870021544],[153.14889025705963,-27.82355359801212],[153.14888093606393,-27.8235954560127],[153.1487733501139,-27.82407879001978],[153.1487449711271,-27.8242062620216],[153.14745502172607,-27.83000075710606],[153.1503433961066,-27.83051609881061],[153.15047135912343,-27.830538934797538],[153.15294599544956,-27.830980412544374],[153.15308103746722,-27.83100449253056],[153.1554838487838,-27.831433116284753],[153.15470568114165,-27.834899991335945],[153.1546787551541,-27.835019923337736],[153.1543752922936,-27.836371808357658],[153.1552487694083,-27.836524165268294],[153.15536110142298,-27.836543760256852],[153.15835145881556,-27.837065300951004],[153.15845315882885,-27.83708304094058],[153.15865942785598,-27.837119011919462],[153.15964712898204,-27.837263277818654],[153.16058579810198,-27.83740118772288],[153.1615747292283,-27.837546698621896],[153.16263787436415,-27.83770322051335],[153.16376618250837,-27.83786939739814],[153.16533917170958,-27.838102191237518],[153.16543972472246,-27.838117099227293],[153.16517704686814,-27.839481584243057],[153.16507925092233,-27.839988953248916],[153.16462779017206,-27.842329471276027],[153.16471236919384,-27.84242839326672],[153.16468570420864,-27.842566608268307],[153.1646741032172,-27.842643476268883]]]}},{"type":"Feature","id":"2027-03-08-tamborine","properties":{"collectionId":"2027-03-08","areaId":"tamborine","areaName":"Tamborine","startsOn":"2027-03-08","endsOn":"2027-03-19","putOutFrom":"2027-03-06"},"geometry":{"type":"Polygon","coordinates":[[[153.1058174967123,-27.8733352339611],[153.10640131676143,-27.873220688903224],[153.10669100276476,-27.872998824875772],[153.10693561275346,-27.872700816853527],[153.1070640607091,-27.872242546844163],[153.10721832467334,-27.87183007483189],[153.10739788357753,-27.87092504582092],[153.10750017348204,-27.870088806817247],[153.1074738734119,-27.869561931823984],[153.10730576532205,-27.869000798845388],[153.10711228828342,-27.868863499865924],[153.10681592726274,-27.868955364895047],[153.10649383124516,-27.869093066926435],[153.1061073242234,-27.869253715964092],[153.10568194817412,-27.869231141007095],[153.10512745407848,-27.86895666206507],[153.10457298198733,-27.868716537122797],[153.10413449990597,-27.868453420169047],[153.10422430886027,-27.86801809716346],[153.1048103498687,-27.86758238010786],[153.105042032853,-27.867261491087042],[153.10509337482938,-27.867032370083713],[153.10805598591602,-27.86517448579999],[153.1088800879066,-27.864394938723073],[153.10944667490412,-27.863890505669975],[153.10978143689675,-27.863546609638963],[153.11032254992955,-27.863339997586092],[153.1111731380164,-27.863293498500834],[153.1118431760691,-27.863132595434568],[153.11320757099878,-27.861413336310697],[153.11369682099075,-27.860931850265203],[153.11441820102556,-27.860587633195212],[153.11534624513845,-27.860678486101023],[153.11604250224946,-27.860952808028706],[153.1173929345283,-27.86198376788456],[153.1182468527046,-27.862634210793384],[153.11864981779422,-27.86299255374998],[153.11986611808337,-27.864218271617755],[153.12032541618112,-27.864591605568513],[153.12056817122996,-27.864766403542657],[153.12134484238672,-27.86533091145998],[153.12229790457732,-27.86600933135858],[153.12276238865664,-27.866232908310028],[153.12309330670098,-27.86629795227618],[153.12362751374502,-27.866185277223213],[153.12399502074283,-27.86585384518877],[153.12415035069608,-27.865354947177064],[153.1237504784529,-27.863791293229703],[153.123658136355,-27.863103098244412],[153.1238513373488,-27.862889103226596],[153.12440140541048,-27.8629014481711],[153.1248867964735,-27.86298023812152],[153.12544132752993,-27.862948014065907],[153.12605846658928,-27.86288577200424],[153.1267351136385,-27.862692525937526],[153.12715583266322,-27.862525878896427],[153.12763898770527,-27.862442305848408],[153.12824695576973,-27.86242788878725],[153.12882398085742,-27.862621313727562],[153.12927610391029,-27.862648598681776],[153.12980618297337,-27.86268967362803],[153.13071026706308,-27.862619541537438],[153.13156753814238,-27.862507886451876],[153.13200383616868,-27.86234121740921],[153.13233111119376,-27.862257778376897],[153.13251817221422,-27.862257599358045],[153.13272088024166,-27.862298972337268],[153.1331732053157,-27.862492493290105],[153.1335631393794,-27.862658373249474],[153.13401535244284,-27.86276876820307],[153.13435804845184,-27.862546756170264],[153.13460703943485,-27.8622001621479],[153.1347157214007,-27.86183983013976],[153.1347309573652,-27.86154887014055],[153.13338608978012,-27.8581142563032],[153.13304232765773,-27.857449575343097],[153.13285424552947,-27.856604627368707],[153.1325103723947,-27.855842962409348],[153.13232281132116,-27.85542749543155],[153.13240029728186,-27.85505334942667],[153.13297639027576,-27.854512474372854],[153.13361520331355,-27.85426247831044],[153.13412939834834,-27.85409571925988],[153.13462799037964,-27.853915124211074],[153.13511095940575,-27.853706828163986],[153.13557826742309,-27.853443137118976],[153.13696448546276,-27.8525689309861],[153.13736955148565,-27.85240227594657],[153.13766562150727,-27.852318859917382],[153.13800860855184,-27.852373926882386],[153.13844531762405,-27.852567455836823],[153.1390380707312,-27.852899363774398],[153.1399892418667,-27.853147789676573],[153.1406754629767,-27.853424183605146],[153.1408939660271,-27.853631779581463],[153.1412066221496,-27.85432418354448],[153.14150327422968,-27.854697949511618],[153.1416903592518,-27.85471161449263],[153.14226713031647,-27.8547248764344],[153.14270348835342,-27.854641302391034],[153.1429373033789,-27.854641064367456],[153.14324913241992,-27.85469614633559],[153.14345163942775,-27.854585110316034],[153.14359167241838,-27.85439100030346],[153.1434820963622,-27.85404474231724],[153.14324791030128,-27.853767901343012],[153.14318516925556,-27.85346316435173],[153.14343424125082,-27.853213525328577],[153.14385490927717,-27.853060684287357],[153.1443225593299,-27.85307405824009],[153.1451956114375,-27.853170126151266],[153.1457725755215,-27.8533357670918],[153.14682973881432,-27.854725277974225],[153.14709462188014,-27.855014650945222],[153.1475324779961,-27.855548954896825],[153.14783921107252,-27.85588532586323],[153.14869175923766,-27.85644991577279],[153.1498147924237,-27.856947466655555],[153.15089119961533,-27.857528186542403],[153.15121858565453,-27.85755553750917],[153.15146814269409,-27.857652246483237],[153.1516710737427,-27.85785984146114],[153.15188190280702,-27.85818310743734],[153.15231778490397,-27.858569539390277],[153.15257921095218,-27.858724012362693],[153.15289856499686,-27.858801044329837],[153.15347919607663,-27.858929365270267],[153.15411788216272,-27.859057627204802],[153.15487264826143,-27.85918574712766],[153.15539524733484,-27.85931413507391],[153.15600483141117,-27.859390831011797],[153.1569794265349,-27.8595271029124],[153.15770064958937,-27.85933744784108],[153.15790060853647,-27.85875315082551],[153.1577714684022,-27.85781229184594],[153.15764225326166,-27.856822779866768],[153.15780491413645,-27.855703121859214],[153.15747505398645,-27.854811175899563],[153.15701767784546,-27.854097834951347],[153.15564741858853,-27.85325572509623],[153.15504467548962,-27.852996825159078],[153.15365613322442,-27.852106049306187],[153.1519938259314,-27.851231790480796],[153.1511899677797,-27.850729725565824],[153.15097050371642,-27.850421703590445],[153.15084221965472,-27.850048690606325],[153.15095153464802,-27.849902554596433],[153.15155377170333,-27.849820769536283],[153.1522291527768,-27.849820032468173],[153.15268513579545,-27.849576159424103],[153.15310478182457,-27.849445901382772],[153.15370699787763,-27.84934788832279],[153.15432721391002,-27.849071390262374],[153.15485610092625,-27.84874631421161],[153.15553095195415,-27.84838862614632],[153.1558591649588,-27.848144888115133],[153.15616908695935,-27.847884959085935],[153.1565160159741,-27.847703568052342],[153.1571671890156,-27.847473023988403],[153.1575392930397,-27.847343912951892],[153.15821095606591,-27.84697546688705],[153.15837619506385,-27.846819011871588],[153.15879967806544,-27.84646923683159],[153.15924359904798,-27.845953969790884],[153.15969781602823,-27.8454111127493],[153.15982145800172,-27.84509844173933],[153.1600586919747,-27.84468452571862],[153.16040909290837,-27.84386603468969],[153.16057418289463,-27.843617654675032],[153.16072916989975,-27.84352555866013],[153.1610392109183,-27.843405700629784],[153.16149413596077,-27.84335002258426],[153.16221806404434,-27.843385941510952],[153.16283843710477,-27.843330054448753],[153.16349996615097,-27.843127041383603],[153.16405800718,-27.842878199329217],[153.16420265318513,-27.8427952973153],[153.1644506531969,-27.842675506291176],[153.1646741032172,-27.842643476268883],[153.16468570420864,-27.842566608268307],[153.16471236919384,-27.84242839326672],[153.16462779017206,-27.842329471276027],[153.16507925092233,-27.839988953248916],[153.16517704686814,-27.839481584243057],[153.16543972472246,-27.838117099227293],[153.16533917170958,-27.838102191237518],[153.16376618250837,-27.83786939739814],[153.16263787436415,-27.83770322051335],[153.1615747292283,-27.837546698621896],[153.16058579810198,-27.83740118772288],[153.15964712898204,-27.837263277818654],[153.15865942785598,-27.837119011919462],[153.15825307414275,-27.83971132194004],[153.15659365092748,-27.839442803109637],[153.15632269508149,-27.8408800501256],[153.15629667009637,-27.84101809512717],[153.15358836874876,-27.840608775403638],[153.15340021974188,-27.840715474421803],[153.15336564876105,-27.840894400423863],[153.15270509612543,-27.844312697463558],[153.15036364582633,-27.843969016702488],[153.14901153665346,-27.843770539840502],[153.1455780942147,-27.84326580119079],[153.14321030691204,-27.842917657432356],[153.1416487537125,-27.842688030591642],[153.14155209776683,-27.84319619759735],[153.1408327821728,-27.846991002640028],[153.14070334318197,-27.8471739066516],[153.1405356151795,-27.84729748966756],[153.13897705815603,-27.84844574181567],[153.13887641613167,-27.848341038826607],[153.13810461794677,-27.847551411910693],[153.1374697977787,-27.846777527980798],[153.13703210662837,-27.845973781031258],[153.1367381594817,-27.845075211067957],[153.1361476700758,-27.842399261148632],[153.1358308790354,-27.842352978180937],[153.1356158631553,-27.84347677119372],[153.13463730370867,-27.84864892725162],[153.13020011013862,-27.847974821704288],[153.13008312120309,-27.84857961471129],[153.12725210205215,-27.84981743898689],[153.12678811032478,-27.852351523013667],[153.12676649533645,-27.852460860015018],[153.12658049232058,-27.852496169033486],[153.1263442492986,-27.852526030057014],[153.12608195827085,-27.85253169308345],[153.1258366032414,-27.852511420108314],[153.124789327114,-27.852408423214676],[153.1243760290654,-27.852380983256545],[153.12411712103707,-27.852380118282657],[153.12394756802215,-27.852408095299527],[153.12378956401108,-27.85245653931505],[153.12359865800124,-27.85254308533359],[153.12343905099468,-27.85262814134906],[153.12272859397223,-27.853059604417247],[153.12243899696205,-27.853227488445103],[153.1222563529552,-27.853330134462645],[153.12179230893452,-27.853564775507582],[153.12138468791326,-27.853746853547246],[153.1212904449055,-27.853766709556588],[153.12113524988658,-27.85375075757235],[153.1211601638636,-27.853549673571397],[153.1213142127218,-27.852306507565675],[153.12141507862566,-27.851466208562133],[153.12143573854587,-27.850822895565173],[153.12137889146481,-27.85023596057552],[153.12121814537062,-27.849634907596425],[153.12117180234452,-27.84946989960238],[153.12100970726362,-27.84897401862261],[153.12066033512428,-27.84818105366411],[153.11927437761952,-27.845408698825636],[153.11905270054132,-27.84498450085129],[153.11922559853812,-27.844811870835226],[153.11923202940835,-27.84378871184263],[153.11943347036123,-27.843246562826597],[153.11939113615549,-27.841669677843335],[153.11935026210148,-27.841281539850502],[153.11927965305472,-27.840974888860032],[153.1189842748879,-27.839918798898108],[153.1188751608438,-27.83966631291111],[153.11876651581179,-27.839508844923305],[153.1185263917531,-27.839253960949492],[153.11832272270783,-27.839072188971425],[153.1181478276724,-27.838944798990056],[153.11795125863927,-27.83885278501057],[153.1177381866096,-27.83880204603249],[153.11683367948896,-27.83862989312498],[153.11369434705878,-27.83794035744664],[153.11301500396956,-27.837821721516054],[153.10978686059,-27.83760527384292],[153.10934105453907,-27.837587198887952],[153.1092526985185,-27.837501502897528],[153.10857475536983,-27.836915260970443],[153.10796690021013,-27.836182496037434],[153.1079234181906,-27.836066752042683],[153.10768026108164,-27.83541945307231],[153.10740710796313,-27.834723226105325],[153.10723692888223,-27.83423370012629],[153.1070164737711,-27.833550706153886],[153.1068237196856,-27.833044535177308],[153.10662659961307,-27.83264341120031],[153.10627631147756,-27.831880136241608],[153.1060782223882,-27.831348783265707],[153.105356514009,-27.828990563357014],[153.10476575777287,-27.827642343427136],[153.10466514473268,-27.827412723439103],[153.10414157751745,-27.826171762501605],[153.10396630345483,-27.825829952521932],[153.10377963640065,-27.825564056542802],[153.102841020146,-27.824368141646758],[153.1011543416765,-27.82212598483425],[153.10092204061345,-27.821829764859988],[153.09991215233,-27.8204680519724],[153.0994989351984,-27.819788306019372],[153.09924562312466,-27.819426573047753],[153.09898152904955,-27.819063089077204],[153.09876126102196,-27.81903406909962],[153.09867434901093,-27.819022036108453],[153.0969494657925,-27.818783081284003],[153.09589680965928,-27.818637333391102],[153.0951002385584,-27.818527034472122],[153.09443496947412,-27.818434804539873],[153.09385041140024,-27.8183538015993],[153.09332672533387,-27.81828131465263],[153.09194427715886,-27.818089714793288],[153.09174373713347,-27.81806187981368],[153.08973753487945,-27.817783489017796],[153.08965726892745,-27.818229764022362],[153.08957700397545,-27.8186750630269],[153.0894965750234,-27.819120533031466],[153.08941596707135,-27.819565906036125],[153.0893355461193,-27.820011384040658],[153.08925177916913,-27.820474549045485],[153.08917126121707,-27.820920019050075],[153.08898613632732,-27.8219445410606],[153.08873975347404,-27.823307588074673],[153.0886432155316,-27.82384206308018],[153.0883534767042,-27.82544575509671],[153.08813492183424,-27.826654426109133],[153.08777304704972,-27.828656456129792],[153.08652628989182,-27.82848368525663],[153.08657070998416,-27.829170874246707],[153.0851631839994,-27.8304966313779],[153.0849453360649,-27.831196613394333],[153.0831338759742,-27.832035660569975],[153.08046872196843,-27.834273523820492],[153.07951575510896,-27.83619374690118],[153.0786570394494,-27.839604130960705],[153.07796813451455,-27.840705207021337],[153.07563676721628,-27.840360551258588],[153.0747781541067,-27.84023511334595],[153.07442590606172,-27.84018367438178],[153.07418397819458,-27.84143512639627],[153.0739351213314,-27.842723220411102],[153.07365398148605,-27.844178750427947],[153.07318229174564,-27.846622436456126],[153.07313785676547,-27.84681593545904],[153.07315086584447,-27.847425415452964],[153.07318443088027,-27.847678385447566],[153.0732790159733,-27.848327561432953],[153.07324074998644,-27.84846369843571],[153.07319377399244,-27.848551310439756],[153.0732747610118,-27.848633653430944],[153.0744333792882,-27.84981161330512],[153.07464849935133,-27.850122972281042],[153.0748558194122,-27.850422791257877],[153.07581663860168,-27.851087815155978],[153.0765402387562,-27.85168103007849],[153.07666365079254,-27.85186057406465],[153.0770293469002,-27.852392523023667],[153.07744471005736,-27.853270566974953],[153.0777870271869,-27.853994420934807],[153.07807641528484,-27.854516117901618],[153.0783458653761,-27.85500154487067],[153.07865159150236,-27.85573027883418],[153.07869359852936,-27.855906976828575],[153.07886338163897,-27.856621628805875],[153.0795594007758,-27.85709949473207],[153.07972019880742,-27.85720986871505],[153.08039057290506,-27.857402421646075],[153.0809767989905,-27.85757078958577],[153.08144810805928,-27.857706114537226],[153.0822859261813,-27.85794667145111],[153.08230195218366,-27.857951282449466],[153.08237664419457,-27.857972785441753],[153.08320839731553,-27.8582091473562],[153.0835135503599,-27.858295857324823],[153.08405215343817,-27.858448855269394],[153.08448246850062,-27.858571089225133],[153.08511302559225,-27.85874997716028],[153.08561863766573,-27.858893408108283],[153.08636574377437,-27.859105415031443],[153.08660911780967,-27.8591740340064],[153.08762112295653,-27.859459778902313],[153.08765655796165,-27.859469769898674],[153.08778179397936,-27.859501017885783],[153.08801165199554,-27.85943091586322],[153.08813966801512,-27.859475238849974],[153.0886644940848,-27.85957219379642],[153.08968246021985,-27.859760276692498],[153.09069657335442,-27.859947345588935],[153.0907860323663,-27.859963885579788],[153.09182886750096,-27.86012683747359],[153.09271343061496,-27.86026367438342],[153.09356650672493,-27.860395632296516],[153.0945470778513,-27.86054730319665],[153.09564506999274,-27.860717132084794],[153.09609822905114,-27.860787219038606],[153.09406814014542,-27.871111146161613],[153.0954058843171,-27.871312565025377],[153.0957079083559,-27.871358035994575],[153.10065304499173,-27.87210823549084],[153.100909069033,-27.87221261046421],[153.1010186150163,-27.871987975454967],[153.10122332702156,-27.87185369343543],[153.10151435404475,-27.87178641540662],[153.10179463807285,-27.871767051378576],[153.10211812711427,-27.87181471234565],[153.10254948617848,-27.871948524301143],[153.1027760362227,-27.872101641277098],[153.1029594242574,-27.87221647025773],[153.10355257234775,-27.8724172181964],[153.10401647544,-27.872742607147142],[153.10452333751604,-27.87290509709484],[153.1050194575946,-27.873096331043385],[153.1058174967123,-27.8733352339611]]]}},{"type":"Feature","id":"2027-03-08-yarrabilba","properties":{"collectionId":"2027-03-08","areaId":"yarrabilba","areaName":"Yarrabilba","startsOn":"2027-03-08","endsOn":"2027-03-19","putOutFrom":"2027-03-06"},"geometry":{"type":"Polygon","coordinates":[[[153.10466514473268,-27.827412723439103],[153.10476575777287,-27.827642343427136],[153.105356514009,-27.828990563357014],[153.1060782223882,-27.831348783265707],[153.10627631147756,-27.831880136241608],[153.10662659961307,-27.83264341120031],[153.1068237196856,-27.833044535177308],[153.1070164737711,-27.833550706153886],[153.10723692888223,-27.83423370012629],[153.10740710796313,-27.834723226105325],[153.10768026108164,-27.83541945307231],[153.1079234181906,-27.836066752042683],[153.10796690021013,-27.836182496037434],[153.10857475536983,-27.836915260970443],[153.1092526985185,-27.837501502897528],[153.10934105453907,-27.837587198887952],[153.10978686059,-27.83760527384292],[153.11301500396956,-27.837821721516054],[153.11369434705878,-27.83794035744664],[153.11683367948896,-27.83862989312498],[153.1177381866096,-27.83880204603249],[153.11795125863927,-27.83885278501057],[153.1181478276724,-27.838944798990056],[153.11832272270783,-27.839072188971425],[153.1185263917531,-27.839253960949492],[153.11876651581179,-27.839508844923305],[153.1188751608438,-27.83966631291111],[153.1189842748879,-27.839918798898108],[153.11927965305472,-27.840974888860032],[153.11935026210148,-27.841281539850502],[153.11939113615549,-27.841669677843335],[153.11943347036123,-27.843246562826597],[153.11923202940835,-27.84378871184263],[153.11922559853812,-27.844811870835226],[153.11905270054132,-27.84498450085129],[153.11927437761952,-27.845408698825636],[153.12066033512428,-27.84818105366411],[153.12100970726362,-27.84897401862261],[153.12117180234452,-27.84946989960238],[153.12121814537062,-27.849634907596425],[153.12137889146481,-27.85023596057552],[153.12143573854587,-27.850822895565173],[153.12141507862566,-27.851466208562133],[153.1213142127218,-27.852306507565675],[153.1211601638636,-27.853549673571397],[153.12113524988658,-27.85375075757235],[153.1212904449055,-27.853766709556588],[153.12138468791326,-27.853746853547246],[153.12179230893452,-27.853564775507582],[153.1222563529552,-27.853330134462645],[153.12243899696205,-27.853227488445103],[153.12272859397223,-27.853059604417247],[153.12343905099468,-27.85262814134906],[153.12359865800124,-27.85254308533359],[153.12378956401108,-27.85245653931505],[153.12394756802215,-27.852408095299527],[153.12411712103707,-27.852380118282657],[153.1243760290654,-27.852380983256545],[153.124789327114,-27.852408423214676],[153.1258366032414,-27.852511420108314],[153.12608195827085,-27.85253169308345],[153.1263442492986,-27.852526030057014],[153.12658049232058,-27.852496169033486],[153.12676649533645,-27.852460860015018],[153.12678811032478,-27.852351523013667],[153.12725210205215,-27.84981743898689],[153.13008312120309,-27.84857961471129],[153.13020011013862,-27.847974821704288],[153.13463730370867,-27.84864892725162],[153.1356158631553,-27.84347677119372],[153.1358308790354,-27.842352978180937],[153.1361476700758,-27.842399261148632],[153.1367381594817,-27.845075211067957],[153.13703210662837,-27.845973781031258],[153.1374697977787,-27.846777527980798],[153.13810461794677,-27.847551411910693],[153.13887641613167,-27.848341038826607],[153.13897705815603,-27.84844574181567],[153.1405356151795,-27.84729748966756],[153.14070334318197,-27.8471739066516],[153.1408327821728,-27.846991002640028],[153.14155209776683,-27.84319619759735],[153.1416487537125,-27.842688030591642],[153.14321030691204,-27.842917657432356],[153.1455780942147,-27.84326580119079],[153.14901153665346,-27.843770539840502],[153.15036364582633,-27.843969016702488],[153.15270509612543,-27.844312697463558],[153.15336564876105,-27.840894400423863],[153.15340021974188,-27.840715474421803],[153.15358836874876,-27.840608775403638],[153.15629667009637,-27.84101809512717],[153.15632269508149,-27.8408800501256],[153.15659365092748,-27.839442803109637],[153.15825307414275,-27.83971132194004],[153.15865942785598,-27.837119011919462],[153.15845315882885,-27.83708304094058],[153.15835145881556,-27.837065300951004],[153.15536110142298,-27.836543760256852],[153.1552487694083,-27.836524165268294],[153.1543752922936,-27.836371808357658],[153.1546787551541,-27.835019923337736],[153.15470568114165,-27.834899991335945],[153.1554838487838,-27.831433116284753],[153.15308103746722,-27.83100449253056],[153.15294599544956,-27.830980412544374],[153.15047135912343,-27.830538934797538],[153.1503433961066,-27.83051609881061],[153.14745502172607,-27.83000075710606],[153.1487449711271,-27.8242062620216],[153.1487733501139,-27.82407879001978],[153.14888093606393,-27.8235954560127],[153.14889025705963,-27.82355359801212],[153.14880487303654,-27.823445870021544],[153.14439494945688,-27.822667516472524],[153.14441394144765,-27.822579346471283],[153.1447093043108,-27.821253969451913],[153.1447290853016,-27.821165203450654],[153.14517507009472,-27.819163843421446],[153.14520964807892,-27.819009892419167],[153.13718369602512,-27.817601978239686],[153.1391344291246,-27.808875821111773],[153.13344322937914,-27.80788909569337],[153.13324213835278,-27.807854227713918],[153.1322311162203,-27.807678914817224],[153.13195221918386,-27.807630544845736],[153.12963771088064,-27.807229168082202],[153.12930901283758,-27.80717216311581],[153.12891060878536,-27.80710305915648],[153.12649616646922,-27.806684292403162],[153.12636272645173,-27.806661143416772],[153.1250066092741,-27.80642590655533],[153.1250373052081,-27.805882580556528],[153.1248558011705,-27.80574289657595],[153.12465113409613,-27.805333271599753],[153.12459345207506,-27.8052178246065],[153.12435066698677,-27.804731882634776],[153.12429298496573,-27.804616428641488],[153.12407645588695,-27.804183043666782],[153.1240338528714,-27.804097793671698],[153.12361107771747,-27.80325157072099],[153.12359868670913,-27.80319592272267],[153.1234883136935,-27.803167751734012],[153.12309581764316,-27.803108035774034],[153.1206744833326,-27.802739537020933],[153.12070783231403,-27.802565454018954],[153.12077519327656,-27.802213899014937],[153.12087866721905,-27.80167375400878],[153.120975785165,-27.801166802003017],[153.12108396010473,-27.800602121996548],[153.12120814603566,-27.799953928989126],[153.121358639952,-27.799168361980175],[153.12151225686648,-27.798366507971053],[153.1217786447183,-27.796975901955154],[153.11960836543986,-27.796644687176435],[153.1192206003902,-27.796585507215976],[153.11727021614,-27.796287804414842],[153.1161529869966,-27.79611726052879],[153.11528862288574,-27.795985318616847],[153.11465017480396,-27.795887857681937],[153.1140959037328,-27.79580323973849],[153.11363738767398,-27.795733234785228],[153.11318216461555,-27.795663735831624],[153.112678423551,-27.79558683088295],[153.1120772884738,-27.795495046944254],[153.11133004737798,-27.795380956020413],[153.11056915728034,-27.79526476509795],[153.11021840623542,-27.795211098133702],[153.09962303187578,-27.793589472213483],[153.0993156278362,-27.79354177324481],[153.09935454290923,-27.79408219423668],[153.09947878099868,-27.79467861321942],[153.10018577433914,-27.796748391131935],[153.1002703233867,-27.79704957412103],[153.10030591543725,-27.797416075114537],[153.10030186853479,-27.798185072108904],[153.10021520359763,-27.798753067113118],[153.1000791186563,-27.799330539122302],[153.09995832269482,-27.799736365131228],[153.09969896777125,-27.800558588150853],[153.09948231980113,-27.80097820516937],[153.0991636368399,-27.80155478319692],[153.09891989087973,-27.80207634621736],[153.0987430439347,-27.80265959323056],[153.0986614749781,-27.8030704552355],[153.09855068503356,-27.803599759242484],[153.09837159507234,-27.8040581712569],[153.0979708881445,-27.804966881290117],[153.0975561372148,-27.80587475632471],[153.09748501322912,-27.80604797533046],[153.09741161825434,-27.806308403335777],[153.09739545728115,-27.80653242733569],[153.09742265233626,-27.80694282732968],[153.09758847952742,-27.808301895302264],[153.09759908863694,-27.809152647294518],[153.09758166977298,-27.810235678287732],[153.09753825483105,-27.810729287288197],[153.09739613492937,-27.811622544295496],[153.0973745059854,-27.812081202294014],[153.09751719216985,-27.81340744226921],[153.09751668620473,-27.813681639267124],[153.09735053037573,-27.81516738927209],[153.097271793482,-27.816068872272922],[153.0972734235354,-27.816486633269445],[153.0973416635743,-27.81673367226069],[153.09756454764275,-27.817080296235474],[153.09898152904955,-27.819063089077204],[153.09924562312466,-27.819426573047753],[153.0994989351984,-27.819788306019372],[153.09991215233,-27.8204680519724],[153.10092204061345,-27.821829764859988],[153.1011543416765,-27.82212598483425],[153.102841020146,-27.824368141646758],[153.10377963640065,-27.825564056542802],[153.10396630345483,-27.825829952521932],[153.10414157751745,-27.826171762501605],[153.10466514473268,-27.827412723439103]]]}},{"type":"Feature","id":"2027-03-29-rochedale-south-north-of-underwood-road","properties":{"collectionId":"2027-03-29","areaId":"rochedale-south-north-of-underwood-road","areaName":"Rochedale South — north of Underwood Road","areaNote":"Only properties north of Underwood Road, including the northern side. The map uses the full official locality boundary; confirm the road split with Council.","startsOn":"2027-03-29","endsOn":"2027-04-09","putOutFrom":"2027-03-27"},"geometry":{"type":"Polygon","coordinates":[[[153.1402251653495,-27.589728450733073],[153.14024433533774,-27.589619866732022],[153.13925524121336,-27.589480324832866],[153.1387343631479,-27.589406630885925],[153.1384522691124,-27.589366687914694],[153.13787052804028,-27.58929286097396],[153.13776318702685,-27.589277936984907],[153.13602976480936,-27.589036851161573],[153.13555880574907,-27.588961459209678],[153.1352679947126,-27.588921181239275],[153.13402070055625,-27.58874846936639],[153.13375160752247,-27.588711246393824],[153.13347694348803,-27.588673293421824],[153.1319943293022,-27.5884682825729],[153.13181968028033,-27.588444061590696],[153.13108494918816,-27.58834192166554],[153.13073720014447,-27.588293522700994],[153.13068755713837,-27.58828660770604],[153.13022565808038,-27.588222241753098],[153.12996212404727,-27.588185532779974],[153.1298853750377,-27.588174863787795],[153.12968382201237,-27.588146834808306],[153.129138878944,-27.588071084863824],[153.1290612819343,-27.588060310871768],[153.12898635892486,-27.58804990987942],[153.12883346490574,-27.58802874289499],[153.12808073281136,-27.587924665971663],[153.12798014979882,-27.587910807981917],[153.1269510686699,-27.587769768086734],[153.12604322955175,-27.587609752179514],[153.12592662853666,-27.58758919619137],[153.12554767048726,-27.5875223942301],[153.12403485929033,-27.587255708384685],[153.1240062192857,-27.587243310387656],[153.1239881222807,-27.587219967389668],[153.12332689822117,-27.5873117814556],[153.1231419152164,-27.587431534473268],[153.1231394712196,-27.587458788473334],[153.12312932322246,-27.587489991474097],[153.1231006982313,-27.58758404847625],[153.1230674012438,-27.587710566478602],[153.12303902225693,-27.58783803048046],[153.12302143926718,-27.587934225481447],[153.12301144727394,-27.587995565481958],[153.12300395228436,-27.588083892482018],[153.12301010629622,-27.58817230148071],[153.1230144283004,-27.58820155248003],[153.12297817332322,-27.58841182948204],[153.1229155363625,-27.58877514948544],[153.12288660638075,-27.588943041487052],[153.12284434640736,-27.589188299489386],[153.12283700741193,-27.589230901489792],[153.12297866542988,-27.58925155547533],[153.12293294145732,-27.589507027477914],[153.12293191345802,-27.589512750477983],[153.12293056445873,-27.589520267478022],[153.1228919104831,-27.589745230480204],[153.12285035050934,-27.589987270482453],[153.12283111352156,-27.590099408483486],[153.12280317353924,-27.590262189485014],[153.12273929957948,-27.590633742488496],[153.12268135661597,-27.59097042649166],[153.1225419187017,-27.591764486499446],[153.12247041574588,-27.592173136503433],[153.1224415597638,-27.592338337505048],[153.12230628684728,-27.59311153651253],[153.12228801785827,-27.593213177513586],[153.1222470478828,-27.593441239515897],[153.1219441890636,-27.595123268533136],[153.12191604108577,-27.59532128253439],[153.12186969108456,-27.59535136053882],[153.12170801306405,-27.595326691555282],[153.12132848101646,-27.595274082593978],[153.12105554298213,-27.595236248621767],[153.12081727395227,-27.595203227646003],[153.1204050479006,-27.595146037688036],[153.12012501786546,-27.595107107716547],[153.11974087381725,-27.595053648755652],[153.1194450627801,-27.595012491785784],[153.11908637673508,-27.59496255082233],[153.11881424470096,-27.594924642850046],[153.11867035868286,-27.594904734864667],[153.11815749061856,-27.594833640916942],[153.1181079516124,-27.59482677892198],[153.1180583976061,-27.594819909927008],[153.11757618854563,-27.59475302597615],[153.11709398848518,-27.594686127025263],[153.11704443447894,-27.59467925803031],[153.11699491047267,-27.594672373035355],[153.11651269341232,-27.59460548208443],[153.11603048435174,-27.594538598133575],[153.1159809603456,-27.594531721138573],[153.11593140733933,-27.59452484414366],[153.1158396973278,-27.594512156152955],[153.1154388932774,-27.594455666193824],[153.11545562726712,-27.59436008219289],[153.11518615523315,-27.59432139122036],[153.11495824920445,-27.594288669243554],[153.11483645418906,-27.59427118225593],[153.1144023761343,-27.594208857300156],[153.1137669830543,-27.5941176263649],[153.11358216403173,-27.594097375383694],[153.1133841570056,-27.59405967540393],[153.11320251997935,-27.59400682142266],[153.11317585397475,-27.59399388642543],[153.11315484297006,-27.593974165427696],[153.11314170096546,-27.593949660429193],[153.11263810091876,-27.594009533479458],[153.11262482392075,-27.594036451480594],[153.11259818792016,-27.594053834483134],[153.11256537591694,-27.594057015486435],[153.11218909886975,-27.5940047945247],[153.1116921308074,-27.593935846575327],[153.11159519079533,-27.59392239158523],[153.11126381875442,-27.593881614618947],[153.11140655680674,-27.59417345360225],[153.11346573443146,-27.597345515369724],[153.1143456617013,-27.598724707270165],[153.1155287100606,-27.600550077136557],[153.11683509545847,-27.602574212988923],[153.12011469945838,-27.607663489618258],[153.1205544245942,-27.60835954456845],[153.12155221389975,-27.609917714455595],[153.1217358479562,-27.610206230434756],[153.1219114509726,-27.610186218417226],[153.12210978599293,-27.610178209397315],[153.12259846905587,-27.610258027347445],[153.12284190208428,-27.61027533532278],[153.12301150710172,-27.61026880030572],[153.12318655811728,-27.61024250028829],[153.12357623914775,-27.61015092524975],[153.12415615518844,-27.609979025192672],[153.12456397721422,-27.60983587715271],[153.12581098830208,-27.60946790802998],[153.1263973863424,-27.60928720897232],[153.1267272013643,-27.609179353939933],[153.12822463446457,-27.60869635479284],[153.1287898195025,-27.60851465773729],[153.13031247960808,-27.60805276758746],[153.13059250962704,-27.607964165559945],[153.13117012366493,-27.60777175350325],[153.13129913768378,-27.607810653489935],[153.13188026077034,-27.607999026429876],[153.1321068108044,-27.60807482140643],[153.13265651488717,-27.60825937134953],[153.13273795689935,-27.60828604434115],[153.13280127192547,-27.608437455333537],[153.13294409998528,-27.608787103316377],[153.1330314430165,-27.608958661306193],[153.1332887340315,-27.608858122281074],[153.13400872812156,-27.608955934207728],[153.1342815611556,-27.608992799179884],[153.1360853843809,-27.60923376599616],[153.13682545047538,-27.60934852692065],[153.13735728654203,-27.60942204886644],[153.1373399345527,-27.609520836867404],[153.1373459615535,-27.609521663866783],[153.13767660359505,-27.60956781983309],[153.13798433463373,-27.609610787801728],[153.13815981065574,-27.60963526278381],[153.13836000068088,-27.60966318676339],[153.13860271071133,-27.609697057738682],[153.13881687073825,-27.609726935716875],[153.13906606276953,-27.60976170669146],[153.13930828079998,-27.609795517666754],[153.1395247428272,-27.609825722644654],[153.13971855485158,-27.609852767624943],[153.13990960987553,-27.60987941160548],[153.1400395558919,-27.60989754559222],[153.14054202295492,-27.60996767054099],[153.1406771389719,-27.609986513527232],[153.14074053597983,-27.609995364520753],[153.14111094902643,-27.610047041483032],[153.14131829905244,-27.610075972461864],[153.14166383409594,-27.61012418542664],[153.14170891010158,-27.61013047342206],[153.14228483317387,-27.610210820363346],[153.14227425316955,-27.610185905364563],[153.14306000626868,-27.610298580284454],[153.1430562812708,-27.6103184662847],[153.14336572630958,-27.610361575253126],[153.14358588333732,-27.6103922122307],[153.14372900135527,-27.610412120216058],[153.14390078937683,-27.610436029198592],[153.1440915474008,-27.61046256817911],[153.1442505644208,-27.610484696162924],[153.14468862147578,-27.610545649118254],[153.14480101348985,-27.610561280106804],[153.1448815845,-27.61057249409857],[153.14655414971006,-27.610805189928044],[153.1467067967292,-27.61082642391246],[153.14701803753886,-27.609064435895007],[153.14701696453872,-27.60906429489512],[153.14701712053858,-27.609063392895127],[153.146998598532,-27.6090273548973],[153.14702092051834,-27.608900471896057],[153.14720124840855,-27.607884293885924],[153.1472304544089,-27.607861889883104],[153.14811351886877,-27.60286255083359],[153.1481166258669,-27.602845048833416],[153.1481327708571,-27.602754151832503],[153.14807770384525,-27.602708196838453],[153.14779093079235,-27.602535283868715],[153.14748135974253,-27.602405904900984],[153.14608735553279,-27.60193802304528],[153.14578098848668,-27.601835309077003],[153.14519152839804,-27.601637988137984],[153.14494391533952,-27.601388342164956],[153.14477071229868,-27.601213886183796],[153.14479134228603,-27.601096033182635],[153.14514342006913,-27.599090471162995],[153.1455648168096,-27.596690490139512],[153.14558095479964,-27.59659851213861],[153.1456185127765,-27.596384502136488],[153.14564668375908,-27.596223934134965],[153.14567974173866,-27.59603540513309],[153.14570476072333,-27.59589271113168],[153.14639468480988,-27.595988809061353],[153.14646739481907,-27.59599892005394],[153.14641319980134,-27.595906130060147],[153.1463746057818,-27.595784969065008],[153.14635676877154,-27.595719113067325],[153.1463408917592,-27.595635704069583],[153.14625582773448,-27.595513432079134],[153.14618484672133,-27.595470196086627],[153.1461149977116,-27.595452494093824],[153.14604595970135,-27.595430433100937],[153.14594695668725,-27.595403894111147],[153.14588076566486,-27.595283649118777],[153.1458322476375,-27.59510892512501],[153.14567942159536,-27.594907111142042],[153.14561200857406,-27.594796530149715],[153.14562388455553,-27.594641290149777],[153.14563640952758,-27.5944101131503],[153.14558720550687,-27.594288706156224],[153.1454954744733,-27.594102397167],[153.1454976354634,-27.59402260116738],[153.14544857345186,-27.593973464172706],[153.14537359843231,-27.59388405018099],[153.14532665240816,-27.59373354118692],[153.1452648043829,-27.593586854194346],[153.1452224113629,-27.59346544619952],[153.14519969434875,-27.593373685202575],[153.1451421683335,-27.59330248020892],[153.14507846532044,-27.593253865215743],[153.14489650729084,-27.593175261234734],[153.14473087326567,-27.593117035251865],[153.14453747121942,-27.592917434272984],[153.14444071819204,-27.592783815283802],[153.1443790941758,-27.592708885290566],[153.1443430041671,-27.592670790294523],[153.144293942155,-27.592617131299892],[153.14428124614793,-27.592572487301503],[153.14428800313487,-27.59246357430174],[153.1443275061293,-27.592385827298354],[153.14437913111846,-27.592257029294164],[153.14436522910597,-27.59217009629627],[153.14423112608412,-27.592112279310218],[153.1440536830588,-27.592063284328525],[153.14389992503894,-27.592037975344198],[153.14380835702542,-27.59200924535368],[153.14370873600578,-27.591939091364313],[153.14370270099278,-27.591841607365648],[153.14366504597592,-27.591740995370277],[153.14359626896095,-27.59168184437766],[153.14350897795097,-27.591677292386485],[153.14340204694653,-27.59173341039687],[153.14324178493254,-27.591759025412795],[153.14313012392486,-27.59179349142376],[153.14299946290717,-27.591764755437183],[153.14285062988287,-27.591699972452723],[153.14281469587326,-27.591654039456692],[153.14278053485648,-27.591551482460957],[153.1428069768433,-27.591424986459284],[153.14278831282726,-27.59131532846204],[153.14269046480882,-27.59125297447238],[153.142593189804,-27.591296866481862],[153.14229808677345,-27.591306909511584],[153.1402251653495,-27.589728450733073]]]}},{"type":"Feature","id":"2027-03-29-priestdale","properties":{"collectionId":"2027-03-29","areaId":"priestdale","areaName":"Priestdale","startsOn":"2027-03-29","endsOn":"2027-04-09","putOutFrom":"2027-03-27"},"geometry":{"type":"Polygon","coordinates":[[[153.18173303522374,-27.62430925627062],[153.18176405920426,-27.624129831268895],[153.18305509539317,-27.616664245197548],[153.18344555815526,-27.61446523617553],[153.18344019415125,-27.614437154176247],[153.18369753698946,-27.612948864162043],[153.18376032295006,-27.61258572215861],[153.18365888293724,-27.61257179016896],[153.18355745792465,-27.61255785017928],[153.18267428860736,-27.61081417528229],[153.18124768928772,-27.60951118843671],[153.18117705027456,-27.609467640444183],[153.18082863119238,-27.609117514482136],[153.18043259513192,-27.60897789152325],[153.17986719303047,-27.608660183582852],[153.1768878774755,-27.606823338898238],[153.17581018133612,-27.60664141100853],[153.17571077532216,-27.60661593701873],[153.17565580531513,-27.60660695902438],[153.17443354415786,-27.60640729114938],[153.17433403414321,-27.60637590915964],[153.17423451712838,-27.606344535169995],[153.1732781009869,-27.606042943268907],[153.172855555798,-27.60491640832047],[153.17282318278356,-27.604830093324463],[153.1727908027691,-27.60474377032839],[153.17276237175636,-27.60466795333188],[153.17221627362488,-27.60409687439155],[153.17167788749515,-27.603533826450352],[153.17143639243702,-27.603281273476735],[153.17107944936998,-27.603057182514533],[153.17027588221913,-27.602552711599657],[153.16959712709178,-27.602126582671524],[153.16892083696487,-27.60170200374315],[153.16880205294262,-27.601627430755716],[153.1682197818418,-27.601328945816878],[153.16751237971943,-27.600966303891127],[153.1668062875973,-27.60060433196532],[153.16614940043846,-27.599912322037078],[153.1656238363114,-27.5993586550945],[153.16512436419063,-27.598832457149072],[153.16512935618468,-27.598781793148955],[153.16499902315286,-27.59864216216324],[153.16494144514635,-27.598639748169077],[153.1644374130245,-27.59810873022416],[153.16403607292753,-27.597685917268013],[153.16378854989546,-27.597643531293304],[153.1629424467858,-27.597498677379875],[153.1622490876959,-27.597379952450794],[153.16202932566753,-27.59734232647327],[153.16152501056698,-27.596979774527018],[153.16090772344407,-27.596535995592795],[153.1608294254284,-27.596479698601144],[153.16074416841153,-27.59641841061024],[153.16055517637378,-27.596282533630404],[153.15988333523998,-27.595799520702023],[153.15983625523054,-27.595765679707018],[153.15934150711425,-27.595269983760907],[153.15906292904876,-27.594990870791193],[153.15879978998683,-27.594727224819824],[153.15825013085762,-27.594176506879652],[153.15782620775786,-27.59375176492584],[153.1577210197291,-27.593614152937526],[153.15725986660266,-27.593010833988863],[153.1568041074777,-27.592414512039536],[153.15636412135717,-27.591838880088474],[153.15574279427338,-27.591706312152184],[153.15264365788548,-27.591282948468248],[153.15233862385026,-27.59126458249915],[153.1510446967069,-27.591234065629962],[153.14960639854763,-27.591200119775294],[153.14927013951032,-27.59119216980928],[153.14735727022423,-27.59056284200719],[153.14696561518886,-27.59061721604627],[153.14276848681067,-27.59120132746496],[153.14269046480882,-27.59125297447238],[153.14278831282726,-27.59131532846204],[153.1428069768433,-27.591424986459284],[153.14278053485648,-27.591551482460957],[153.14281469587326,-27.591654039456692],[153.14285062988287,-27.591699972452723],[153.14299946290717,-27.591764755437183],[153.14313012392486,-27.59179349142376],[153.14324178493254,-27.591759025412795],[153.14340204694653,-27.59173341039687],[153.14350897795097,-27.591677292386485],[153.14359626896095,-27.59168184437766],[153.14366504597592,-27.591740995370277],[153.14370270099278,-27.591841607365648],[153.14370873600578,-27.591939091364313],[153.14380835702542,-27.59200924535368],[153.14389992503894,-27.592037975344198],[153.1440536830588,-27.592063284328525],[153.14423112608412,-27.592112279310218],[153.14436522910597,-27.59217009629627],[153.14437913111846,-27.592257029294164],[153.1443275061293,-27.592385827298354],[153.14428800313487,-27.59246357430174],[153.14428124614793,-27.592572487301503],[153.144293942155,-27.592617131299892],[153.1443430041671,-27.592670790294523],[153.1443790941758,-27.592708885290566],[153.14444071819204,-27.592783815283802],[153.14453747121942,-27.592917434272984],[153.14473087326567,-27.593117035251865],[153.14489650729084,-27.593175261234734],[153.14507846532044,-27.593253865215743],[153.1451421683335,-27.59330248020892],[153.14519969434875,-27.593373685202575],[153.1452224113629,-27.59346544619952],[153.1452648043829,-27.593586854194346],[153.14532665240816,-27.59373354118692],[153.14537359843231,-27.59388405018099],[153.14544857345186,-27.593973464172706],[153.1454976354634,-27.59402260116738],[153.1454954744733,-27.594102397167],[153.14558720550687,-27.594288706156224],[153.14563640952758,-27.5944101131503],[153.14562388455553,-27.594641290149777],[153.14561200857406,-27.594796530149715],[153.14567942159536,-27.594907111142042],[153.1458322476375,-27.59510892512501],[153.14588076566486,-27.595283649118777],[153.14594695668725,-27.595403894111147],[153.14604595970135,-27.595430433100937],[153.1461149977116,-27.595452494093824],[153.14618484672133,-27.595470196086627],[153.14625582773448,-27.595513432079134],[153.1463408917592,-27.595635704069583],[153.14635676877154,-27.595719113067325],[153.1463746057818,-27.595784969065008],[153.14641319980134,-27.595906130060147],[153.14646739481907,-27.59599892005394],[153.14639468480988,-27.595988809061353],[153.14570476072333,-27.59589271113168],[153.14567974173866,-27.59603540513309],[153.14564668375908,-27.596223934134965],[153.1456185127765,-27.596384502136488],[153.14558095479964,-27.59659851213861],[153.1455648168096,-27.596690490139512],[153.14514342006913,-27.599090471162995],[153.14479134228603,-27.601096033182635],[153.14477071229868,-27.601213886183796],[153.14494391533952,-27.601388342164956],[153.14519152839804,-27.601637988137984],[153.14578098848668,-27.601835309077003],[153.14608735553279,-27.60193802304528],[153.14748135974253,-27.602405904900984],[153.14779093079235,-27.602535283868715],[153.14807770384525,-27.602708196838453],[153.1481327708571,-27.602754151832503],[153.1481166258669,-27.602845048833416],[153.14811351886877,-27.60286255083359],[153.1472304544089,-27.607861889883104],[153.14720124840855,-27.607884293885924],[153.14702092051834,-27.608900471896057],[153.146998598532,-27.6090273548973],[153.14701712053858,-27.609063392895127],[153.14701696453872,-27.60906429489512],[153.14701803753886,-27.609064435895007],[153.1467067967292,-27.61082642391246],[153.14852065595704,-27.61107983272754],[153.1486107189684,-27.61109241771834],[153.15037189418976,-27.611338451538714],[153.15053448821007,-27.611361063522136],[153.15275201948853,-27.61166948029598],[153.15356100397688,-27.60695790425166],[153.15357630696695,-27.606867596250858],[153.15819825154597,-27.607499985779477],[153.15823557155056,-27.60750508977569],[153.15831944257283,-27.607608972766414],[153.1585595086366,-27.607906340739806],[153.15993785900238,-27.609613678587216],[153.16090117425796,-27.610806866480548],[153.16923436546992,-27.62112729255784],[153.16937585248775,-27.621147863543374],[153.17057870280712,-27.622637353410155],[153.17573444545897,-27.623386985883677],[153.17574520447076,-27.623470163881944],[153.18139290118097,-27.624261594305324],[153.18173303522374,-27.62430925627062]]]}},{"type":"Feature","id":"2027-04-12-rochedale-south-south-of-underwood-road","properties":{"collectionId":"2027-04-12","areaId":"rochedale-south-south-of-underwood-road","areaName":"Rochedale South — south of Underwood Road","areaNote":"Only properties south of Underwood Road, including the southern side. The map uses the full official locality boundary; confirm the road split with Council.","startsOn":"2027-04-12","endsOn":"2027-04-23","putOutFrom":"2027-04-10"},"geometry":{"type":"Polygon","coordinates":[[[153.1402251653495,-27.589728450733073],[153.14024433533774,-27.589619866732022],[153.13925524121336,-27.589480324832866],[153.1387343631479,-27.589406630885925],[153.1384522691124,-27.589366687914694],[153.13787052804028,-27.58929286097396],[153.13776318702685,-27.589277936984907],[153.13602976480936,-27.589036851161573],[153.13555880574907,-27.588961459209678],[153.1352679947126,-27.588921181239275],[153.13402070055625,-27.58874846936639],[153.13375160752247,-27.588711246393824],[153.13347694348803,-27.588673293421824],[153.1319943293022,-27.5884682825729],[153.13181968028033,-27.588444061590696],[153.13108494918816,-27.58834192166554],[153.13073720014447,-27.588293522700994],[153.13068755713837,-27.58828660770604],[153.13022565808038,-27.588222241753098],[153.12996212404727,-27.588185532779974],[153.1298853750377,-27.588174863787795],[153.12968382201237,-27.588146834808306],[153.129138878944,-27.588071084863824],[153.1290612819343,-27.588060310871768],[153.12898635892486,-27.58804990987942],[153.12883346490574,-27.58802874289499],[153.12808073281136,-27.587924665971663],[153.12798014979882,-27.587910807981917],[153.1269510686699,-27.587769768086734],[153.12604322955175,-27.587609752179514],[153.12592662853666,-27.58758919619137],[153.12554767048726,-27.5875223942301],[153.12403485929033,-27.587255708384685],[153.1240062192857,-27.587243310387656],[153.1239881222807,-27.587219967389668],[153.12332689822117,-27.5873117814556],[153.1231419152164,-27.587431534473268],[153.1231394712196,-27.587458788473334],[153.12312932322246,-27.587489991474097],[153.1231006982313,-27.58758404847625],[153.1230674012438,-27.587710566478602],[153.12303902225693,-27.58783803048046],[153.12302143926718,-27.587934225481447],[153.12301144727394,-27.587995565481958],[153.12300395228436,-27.588083892482018],[153.12301010629622,-27.58817230148071],[153.1230144283004,-27.58820155248003],[153.12297817332322,-27.58841182948204],[153.1229155363625,-27.58877514948544],[153.12288660638075,-27.588943041487052],[153.12284434640736,-27.589188299489386],[153.12283700741193,-27.589230901489792],[153.12297866542988,-27.58925155547533],[153.12293294145732,-27.589507027477914],[153.12293191345802,-27.589512750477983],[153.12293056445873,-27.589520267478022],[153.1228919104831,-27.589745230480204],[153.12285035050934,-27.589987270482453],[153.12283111352156,-27.590099408483486],[153.12280317353924,-27.590262189485014],[153.12273929957948,-27.590633742488496],[153.12268135661597,-27.59097042649166],[153.1225419187017,-27.591764486499446],[153.12247041574588,-27.592173136503433],[153.1224415597638,-27.592338337505048],[153.12230628684728,-27.59311153651253],[153.12228801785827,-27.593213177513586],[153.1222470478828,-27.593441239515897],[153.1219441890636,-27.595123268533136],[153.12191604108577,-27.59532128253439],[153.12186969108456,-27.59535136053882],[153.12170801306405,-27.595326691555282],[153.12132848101646,-27.595274082593978],[153.12105554298213,-27.595236248621767],[153.12081727395227,-27.595203227646003],[153.1204050479006,-27.595146037688036],[153.12012501786546,-27.595107107716547],[153.11974087381725,-27.595053648755652],[153.1194450627801,-27.595012491785784],[153.11908637673508,-27.59496255082233],[153.11881424470096,-27.594924642850046],[153.11867035868286,-27.594904734864667],[153.11815749061856,-27.594833640916942],[153.1181079516124,-27.59482677892198],[153.1180583976061,-27.594819909927008],[153.11757618854563,-27.59475302597615],[153.11709398848518,-27.594686127025263],[153.11704443447894,-27.59467925803031],[153.11699491047267,-27.594672373035355],[153.11651269341232,-27.59460548208443],[153.11603048435174,-27.594538598133575],[153.1159809603456,-27.594531721138573],[153.11593140733933,-27.59452484414366],[153.1158396973278,-27.594512156152955],[153.1154388932774,-27.594455666193824],[153.11545562726712,-27.59436008219289],[153.11518615523315,-27.59432139122036],[153.11495824920445,-27.594288669243554],[153.11483645418906,-27.59427118225593],[153.1144023761343,-27.594208857300156],[153.1137669830543,-27.5941176263649],[153.11358216403173,-27.594097375383694],[153.1133841570056,-27.59405967540393],[153.11320251997935,-27.59400682142266],[153.11317585397475,-27.59399388642543],[153.11315484297006,-27.593974165427696],[153.11314170096546,-27.593949660429193],[153.11263810091876,-27.594009533479458],[153.11262482392075,-27.594036451480594],[153.11259818792016,-27.594053834483134],[153.11256537591694,-27.594057015486435],[153.11218909886975,-27.5940047945247],[153.1116921308074,-27.593935846575327],[153.11159519079533,-27.59392239158523],[153.11126381875442,-27.593881614618947],[153.11140655680674,-27.59417345360225],[153.11346573443146,-27.597345515369724],[153.1143456617013,-27.598724707270165],[153.1155287100606,-27.600550077136557],[153.11683509545847,-27.602574212988923],[153.12011469945838,-27.607663489618258],[153.1205544245942,-27.60835954456845],[153.12155221389975,-27.609917714455595],[153.1217358479562,-27.610206230434756],[153.1219114509726,-27.610186218417226],[153.12210978599293,-27.610178209397315],[153.12259846905587,-27.610258027347445],[153.12284190208428,-27.61027533532278],[153.12301150710172,-27.61026880030572],[153.12318655811728,-27.61024250028829],[153.12357623914775,-27.61015092524975],[153.12415615518844,-27.609979025192672],[153.12456397721422,-27.60983587715271],[153.12581098830208,-27.60946790802998],[153.1263973863424,-27.60928720897232],[153.1267272013643,-27.609179353939933],[153.12822463446457,-27.60869635479284],[153.1287898195025,-27.60851465773729],[153.13031247960808,-27.60805276758746],[153.13059250962704,-27.607964165559945],[153.13117012366493,-27.60777175350325],[153.13129913768378,-27.607810653489935],[153.13188026077034,-27.607999026429876],[153.1321068108044,-27.60807482140643],[153.13265651488717,-27.60825937134953],[153.13273795689935,-27.60828604434115],[153.13280127192547,-27.608437455333537],[153.13294409998528,-27.608787103316377],[153.1330314430165,-27.608958661306193],[153.1332887340315,-27.608858122281074],[153.13400872812156,-27.608955934207728],[153.1342815611556,-27.608992799179884],[153.1360853843809,-27.60923376599616],[153.13682545047538,-27.60934852692065],[153.13735728654203,-27.60942204886644],[153.1373399345527,-27.609520836867404],[153.1373459615535,-27.609521663866783],[153.13767660359505,-27.60956781983309],[153.13798433463373,-27.609610787801728],[153.13815981065574,-27.60963526278381],[153.13836000068088,-27.60966318676339],[153.13860271071133,-27.609697057738682],[153.13881687073825,-27.609726935716875],[153.13906606276953,-27.60976170669146],[153.13930828079998,-27.609795517666754],[153.1395247428272,-27.609825722644654],[153.13971855485158,-27.609852767624943],[153.13990960987553,-27.60987941160548],[153.1400395558919,-27.60989754559222],[153.14054202295492,-27.60996767054099],[153.1406771389719,-27.609986513527232],[153.14074053597983,-27.609995364520753],[153.14111094902643,-27.610047041483032],[153.14131829905244,-27.610075972461864],[153.14166383409594,-27.61012418542664],[153.14170891010158,-27.61013047342206],[153.14228483317387,-27.610210820363346],[153.14227425316955,-27.610185905364563],[153.14306000626868,-27.610298580284454],[153.1430562812708,-27.6103184662847],[153.14336572630958,-27.610361575253126],[153.14358588333732,-27.6103922122307],[153.14372900135527,-27.610412120216058],[153.14390078937683,-27.610436029198592],[153.1440915474008,-27.61046256817911],[153.1442505644208,-27.610484696162924],[153.14468862147578,-27.610545649118254],[153.14480101348985,-27.610561280106804],[153.1448815845,-27.61057249409857],[153.14655414971006,-27.610805189928044],[153.1467067967292,-27.61082642391246],[153.14701803753886,-27.609064435895007],[153.14701696453872,-27.60906429489512],[153.14701712053858,-27.609063392895127],[153.146998598532,-27.6090273548973],[153.14702092051834,-27.608900471896057],[153.14720124840855,-27.607884293885924],[153.1472304544089,-27.607861889883104],[153.14811351886877,-27.60286255083359],[153.1481166258669,-27.602845048833416],[153.1481327708571,-27.602754151832503],[153.14807770384525,-27.602708196838453],[153.14779093079235,-27.602535283868715],[153.14748135974253,-27.602405904900984],[153.14608735553279,-27.60193802304528],[153.14578098848668,-27.601835309077003],[153.14519152839804,-27.601637988137984],[153.14494391533952,-27.601388342164956],[153.14477071229868,-27.601213886183796],[153.14479134228603,-27.601096033182635],[153.14514342006913,-27.599090471162995],[153.1455648168096,-27.596690490139512],[153.14558095479964,-27.59659851213861],[153.1456185127765,-27.596384502136488],[153.14564668375908,-27.596223934134965],[153.14567974173866,-27.59603540513309],[153.14570476072333,-27.59589271113168],[153.14639468480988,-27.595988809061353],[153.14646739481907,-27.59599892005394],[153.14641319980134,-27.595906130060147],[153.1463746057818,-27.595784969065008],[153.14635676877154,-27.595719113067325],[153.1463408917592,-27.595635704069583],[153.14625582773448,-27.595513432079134],[153.14618484672133,-27.595470196086627],[153.1461149977116,-27.595452494093824],[153.14604595970135,-27.595430433100937],[153.14594695668725,-27.595403894111147],[153.14588076566486,-27.595283649118777],[153.1458322476375,-27.59510892512501],[153.14567942159536,-27.594907111142042],[153.14561200857406,-27.594796530149715],[153.14562388455553,-27.594641290149777],[153.14563640952758,-27.5944101131503],[153.14558720550687,-27.594288706156224],[153.1454954744733,-27.594102397167],[153.1454976354634,-27.59402260116738],[153.14544857345186,-27.593973464172706],[153.14537359843231,-27.59388405018099],[153.14532665240816,-27.59373354118692],[153.1452648043829,-27.593586854194346],[153.1452224113629,-27.59346544619952],[153.14519969434875,-27.593373685202575],[153.1451421683335,-27.59330248020892],[153.14507846532044,-27.593253865215743],[153.14489650729084,-27.593175261234734],[153.14473087326567,-27.593117035251865],[153.14453747121942,-27.592917434272984],[153.14444071819204,-27.592783815283802],[153.1443790941758,-27.592708885290566],[153.1443430041671,-27.592670790294523],[153.144293942155,-27.592617131299892],[153.14428124614793,-27.592572487301503],[153.14428800313487,-27.59246357430174],[153.1443275061293,-27.592385827298354],[153.14437913111846,-27.592257029294164],[153.14436522910597,-27.59217009629627],[153.14423112608412,-27.592112279310218],[153.1440536830588,-27.592063284328525],[153.14389992503894,-27.592037975344198],[153.14380835702542,-27.59200924535368],[153.14370873600578,-27.591939091364313],[153.14370270099278,-27.591841607365648],[153.14366504597592,-27.591740995370277],[153.14359626896095,-27.59168184437766],[153.14350897795097,-27.591677292386485],[153.14340204694653,-27.59173341039687],[153.14324178493254,-27.591759025412795],[153.14313012392486,-27.59179349142376],[153.14299946290717,-27.591764755437183],[153.14285062988287,-27.591699972452723],[153.14281469587326,-27.591654039456692],[153.14278053485648,-27.591551482460957],[153.1428069768433,-27.591424986459284],[153.14278831282726,-27.59131532846204],[153.14269046480882,-27.59125297447238],[153.142593189804,-27.591296866481862],[153.14229808677345,-27.591306909511584],[153.1402251653495,-27.589728450733073]]]}},{"type":"Feature","id":"2027-04-26-logan-reserve","properties":{"collectionId":"2027-04-26","areaId":"logan-reserve","areaName":"Logan Reserve","startsOn":"2027-04-26","endsOn":"2027-05-07","putOutFrom":"2027-04-24"},"geometry":{"type":"Polygon","coordinates":[[[153.11955840906538,-27.691614068010598],[153.119583845049,-27.691463812009253],[153.11948995303723,-27.691451139018806],[153.11192166808755,-27.690429425789347],[153.111717507062,-27.690401850810126],[153.11169093107873,-27.69055697181154],[153.11157087215946,-27.691293998817834],[153.1115620881748,-27.691422192817726],[153.11159541520408,-27.691624073812704],[153.11161391422894,-27.691803967809477],[153.11135559519994,-27.69179556383553],[153.11127281225194,-27.692275425840105],[153.11124473826965,-27.69243813984163],[153.1112082302926,-27.692649780843603],[153.11118054430992,-27.69281025084516],[153.1111528353274,-27.69297087084664],[153.11112511934476,-27.693131490848202],[153.11109741036222,-27.693292102849732],[153.11106960537964,-27.693453280851234],[153.11104180739719,-27.693614399852756],[153.11102160140987,-27.693731522853927],[153.11026778831362,-27.693616574930722],[153.11002278328232,-27.693579210955708],[153.10951398321728,-27.693501628007553],[153.10860941610176,-27.693363688099762],[153.1079072280121,-27.693256608171293],[153.10669985385783,-27.693072467294392],[153.10594591476155,-27.692957490371196],[153.10519210166535,-27.692842505448034],[153.1027869583581,-27.6924756386931],[153.10281937633886,-27.69229623669124],[153.10250347130776,-27.692320450722875],[153.10248596231963,-27.692429108723758],[153.10242759435008,-27.692718727727346],[153.10237432338482,-27.693037232730255],[153.10236726041848,-27.69330824772877],[153.10238123746126,-27.693633189724814],[153.10245580956158,-27.6943586537116],[153.10245265760275,-27.694685086709324],[153.10240402065318,-27.69512306171074],[153.10228261370176,-27.69560946471913],[153.10210315873962,-27.696059858733637],[153.10183595877047,-27.696530802756836],[153.10159884378712,-27.696864111778076],[153.10141034380027,-27.697127884794988],[153.1004427748638,-27.69845342488192],[153.10034511187274,-27.698606936890553],[153.10025785088072,-27.698744109898225],[153.1000072809037,-27.699137961920325],[153.09986127891906,-27.69938392093308],[153.09932883096013,-27.700160568980547],[153.09921469496962,-27.70033345999072],[153.09915824997472,-27.700421071995706],[153.09856120500754,-27.701188876049752],[153.09789668003876,-27.70200089311019],[153.0977486670481,-27.702201112123532],[153.0976000500569,-27.70239643713695],[153.09748309906377,-27.70255014214752],[153.09727356607596,-27.702825523166425],[153.09687008009485,-27.703318081203168],[153.09675949809957,-27.703449211213282],[153.09624160812135,-27.70406288626055],[153.0961126391273,-27.70421969027228],[153.09509936717262,-27.705439917364675],[153.09499792017692,-27.70556044537392],[153.09482385218433,-27.705767228389792],[153.09472256918926,-27.705892696399026],[153.0945920121956,-27.706054396410874],[153.09454868719905,-27.706118404414713],[153.09434576321522,-27.706418163432787],[153.094088271251,-27.70692007145474],[153.0939555322801,-27.70726233646543],[153.0938318673136,-27.707631274474906],[153.09375297335885,-27.7080547054795],[153.09368545642675,-27.70864684048167],[153.09367007847615,-27.70904830048003],[153.09346289867685,-27.710803955487],[153.0934399066969,-27.71098162148795],[153.09338752873805,-27.711350902490256],[153.09332946676963,-27.711648925493776],[153.0933001787855,-27.711798324495543],[153.0929874929356,-27.71324646451559],[153.09294593295482,-27.713433138518294],[153.0928545890028,-27.7138886375239],[153.09260264811968,-27.715023099540293],[153.09219518328544,-27.716675132568266],[153.09215307229584,-27.71679273957157],[153.09173918539219,-27.717904284604472],[153.09167385141396,-27.718131832609245],[153.0908676086755,-27.72087742366867],[153.09082875368725,-27.721003680671615],[153.09046274380438,-27.72223754969869],[153.0903336178619,-27.722799688707244],[153.09019280994684,-27.723588145715194],[153.09015798597986,-27.72387814471642],[153.0901137520295,-27.72430707471749],[153.09008130410882,-27.724958233715586],[153.0900671712504,-27.726084574708146],[153.09002825630483,-27.7265463247084],[153.0898839314025,-27.727437518715917],[153.089773788458,-27.727968326722785],[153.0897452544724,-27.72810584172456],[153.08939158865064,-27.729810258746745],[153.0893272006832,-27.73012059775071],[153.08868292700785,-27.733225388791034],[153.08851543808086,-27.733942648802284],[153.08844076810414,-27.734189665807843],[153.0879316032757,-27.73597436984497],[153.08721464052067,-27.738513594897096],[153.08718042053326,-27.738642340899492],[153.08735948755586,-27.73866654088127],[153.09448602845816,-27.739678061156038],[153.09470430048574,-27.739708713133854],[153.10250798647166,-27.74079905433959],[153.10272436648864,-27.740748218318192],[153.10276684150037,-27.740803874313496],[153.10284587651572,-27.7408573473051],[153.10294867252992,-27.740880526294553],[153.10875044026173,-27.74168176170399],[153.10907388530256,-27.741727426671012],[153.11060357149586,-27.741941190515266],[153.11085198752724,-27.741975731489976],[153.1126407527526,-27.742220639307874],[153.11303522380277,-27.74227791226767],[153.11470599501357,-27.742508992097534],[153.11484789104165,-27.74260874008247],[153.12001060669303,-27.743323087556657],[153.12038580273338,-27.743319645518902],[153.1208109326405,-27.742228000484733],[153.12094677248427,-27.740883953481614],[153.12032686918766,-27.739082417558276],[153.11939832589258,-27.737556032663896],[153.11812713663036,-27.7365797227997],[153.11675323538813,-27.735847844943883],[153.11594906425935,-27.735521859027468],[153.11506956811343,-27.735125407119238],[153.11456723502812,-27.734883240171737],[153.11407929695002,-27.734685740222442],[153.1134263198435,-27.73440538229043],[153.11283077975128,-27.734188816352145],[153.1123142606541,-27.733865901406745],[153.1109689773945,-27.732972301549268],[153.1087865230137,-27.73184045277803],[153.10846050792338,-27.731408922814264],[153.1086659948802,-27.73089415479768],[153.1092899959006,-27.730522087737747],[153.11147091504745,-27.729815981523664],[153.11289989209865,-27.72900027738613],[153.1134860741369,-27.72880060132868],[153.1158747231759,-27.72706969010173],[153.11737528421727,-27.72611610495804],[153.11930725725352,-27.724754004774155],[153.1210019592633,-27.723386257614248],[153.12296711729903,-27.721991516427195],[153.1234484992935,-27.721537827382235],[153.12369060515874,-27.72027259236789],[153.12357921200942,-27.719193987387598],[153.1230411678176,-27.718145183450098],[153.12243311853706,-27.716458610524736],[153.12241688435324,-27.71502757753766],[153.12229502220865,-27.713995053558104],[153.12219909605076,-27.71283574357687],[153.12226355090212,-27.71161218658005],[153.12251058171412,-27.70992416856849],[153.12292870058693,-27.708568416537087],[153.12398549241254,-27.706297404448534],[153.12489423222752,-27.704069189374565],[153.12506905915077,-27.703316598362886],[153.1250899730568,-27.70255978336671],[153.12505110379854,-27.700562893386426],[153.1250476607757,-27.700386218388193],[153.1251677715512,-27.698518938390844],[153.12533912844398,-27.697530239381376],[153.12559174033228,-27.696437336364518],[153.1259446442738,-27.695676914334975],[153.1264749542651,-27.69515650628564],[153.12611851117504,-27.694752186324802],[153.1257813420898,-27.694369725361778],[153.1254978630255,-27.69410492439242],[153.1251637339753,-27.693995318426936],[153.12441592690092,-27.69404771150192],[153.1241836468832,-27.69410610852485],[153.1238862278815,-27.694345578552923],[153.12383586192706,-27.69474645655488],[153.1237489509423,-27.69494048456204],[153.12354583294245,-27.69511521558115],[153.12337166093357,-27.6951929545981],[153.12311036891597,-27.695277221623748],[153.12260225387826,-27.695413439673903],[153.12225387985777,-27.695549517707956],[153.12204350485726,-27.695724254727732],[153.12182585185423,-27.69588606674843],[153.121658935846,-27.695963798764584],[153.12155000083098,-27.695938026775764],[153.12151358981555,-27.69584754778013],[153.12160053780354,-27.69567938777274],[153.1217091377791,-27.695394827764027],[153.12173795675673,-27.69519439976272],[153.1216579007267,-27.695026373772137],[153.1215416417042,-27.694948895784435],[153.1210018246272,-27.694803035840007],[153.12058201356888,-27.694702191883056],[153.12004852349634,-27.69458587393777],[153.11989118948517,-27.694632722953234],[153.1197950774838,-27.694702869962338],[153.11973401249404,-27.694835281967475],[153.11950716352692,-27.695287024986754],[153.11938508555332,-27.695598541996585],[153.11925420857074,-27.695847779007813],[153.11921940658783,-27.696011304010028],[153.11924585661538,-27.696205913005816],[153.11937723265635,-27.69641600399092],[153.1196310367095,-27.696618197963748],[153.11985858475887,-27.696812643939293],[153.11996374979802,-27.69703054292698],[153.11998148282774,-27.697248509923508],[153.11991161083003,-27.69732642792992],[153.11971054181322,-27.697365528949835],[153.11936090078927,-27.69747482098419],[153.11913376978947,-27.69766965400556],[153.11897653279019,-27.697809926020298],[153.1186882927956,-27.69809822604705],[153.11846993880079,-27.698324188067268],[153.1183301808034,-27.698464445080226],[153.11827889780565,-27.698526016084923],[153.11827682681525,-27.698602817084545],[153.1182831598281,-27.69869845308312],[153.11820030982662,-27.698757498091005],[153.11810698382502,-27.69882401709991],[153.11790338863267,-27.697485044130975],[153.11789449258896,-27.69714929113451],[153.11791010155324,-27.696855045135305],[153.11798140351902,-27.6965253051307],[153.11818846347845,-27.69602984811374],[153.1189092103819,-27.694656319052005],[153.11903629535908,-27.694369069041482],[153.11914342632923,-27.69404283103325],[153.1191829893051,-27.69381947003104],[153.11955840906538,-27.691614068010598]]]}},{"type":"Feature","id":"2027-04-26-waterford-west","properties":{"collectionId":"2027-04-26","areaId":"waterford-west","areaName":"Waterford West","startsOn":"2027-04-26","endsOn":"2027-05-07","putOutFrom":"2027-04-24"},"geometry":{"type":"Polygon","coordinates":[[[153.1299059236513,-27.68741077800105],[153.12907884254804,-27.687303043085233],[153.12826398844635,-27.68719690916819],[153.12809221442487,-27.687174535185726],[153.12797056940968,-27.687158695198086],[153.1277598743834,-27.68713124021953],[153.1274557343454,-27.68709161825054],[153.12725388332026,-27.687065332271043],[153.12685268427012,-27.687013074311917],[153.12664648124445,-27.686986214332908],[153.1264612902213,-27.68696208935181],[153.12645261722017,-27.68696095735266],[153.12628102319846,-27.68693639237014],[153.12610077117563,-27.686910584388485],[153.12603756816767,-27.686901531394955],[153.12592028115284,-27.686884738406924],[153.1257460711309,-27.686859808424675],[153.12563519211673,-27.686843931435966],[153.12556693010808,-27.68683414844292],[153.12538761608562,-27.686809889461195],[153.12522876306568,-27.686788401477358],[153.1252082880632,-27.686785630479413],[153.1250289600406,-27.686761371497703],[153.12500691403784,-27.686758383499935],[153.12484964701812,-27.686737112515974],[153.12478847101042,-27.68672884252219],[153.1246703189957,-27.686712890534196],[153.12442056796428,-27.686679139559647],[153.12434399895477,-27.68666879056746],[153.1238763698961,-27.68660584761509],[153.12372948187766,-27.68658608163003],[153.12370118487414,-27.68658227463292],[153.1234185318387,-27.686544440661688],[153.1228495087674,-27.68646825871965],[153.1225920537353,-27.686435042745842],[153.12256371172592,-27.686386017749108],[153.12247582470113,-27.68626542275893],[153.12238407866303,-27.68604377576989],[153.12232460763968,-27.685911370776935],[153.1222659416037,-27.68567825778472],[153.12203863337842,-27.684099285820093],[153.12193518127054,-27.683339624836517],[153.12189518722911,-27.683047695842827],[153.12178004511046,-27.68221282886104],[153.12170848300332,-27.681431001874394],[153.12169907197512,-27.681216901877047],[153.12161702686353,-27.680409489891712],[153.12156606479837,-27.679940646900537],[153.1215297057519,-27.679605683906857],[153.12141435559843,-27.67849697092723],[153.12139218251852,-27.677887728934294],[153.1213965124893,-27.677654123935685],[153.12119137546551,-27.67764134595647],[153.12108648645284,-27.67763098196713],[153.12076945640592,-27.677531963999844],[153.12054348737948,-27.67751614602273],[153.12033434236236,-27.67755928504347],[153.12015441135352,-27.677643328060952],[153.11691515926054,-27.67966988637131],[153.1158746332236,-27.68026538147141],[153.1153620562123,-27.680613077520324],[153.11475813419366,-27.680980488578278],[153.1143300011798,-27.681236594619353],[153.11393651416697,-27.68147063965715],[153.11365578315895,-27.68164713668402],[153.11256139713146,-27.68236290578862],[153.1124300061246,-27.682420617801384],[153.11231944711633,-27.682450442812318],[153.11219844210518,-27.68246540282437],[153.11190640208306,-27.68253996885318],[153.11188980209235,-27.682627311854162],[153.1117752191019,-27.682800224864366],[153.11164765110527,-27.68293486387612],[153.11149756610644,-27.683072498890176],[153.11080745609914,-27.683602637955488],[153.11057467009314,-27.683754286977695],[153.11025221608566,-27.683969802008516],[153.1077388000027,-27.685457929249917],[153.10753341800836,-27.685677453268863],[153.1072878690124,-27.685918926291635],[153.10721220101775,-27.68602591729847],[153.10640138405302,-27.686994119372436],[153.10630872105727,-27.68710683938087],[153.1059644300733,-27.68752563641225],[153.10581709408004,-27.687704845425674],[153.1052279251073,-27.688421494479307],[153.10510768011284,-27.68856725049028],[153.10498371711856,-27.688717536501574],[153.10477662812815,-27.688969596520458],[153.10456685713783,-27.689224928539563],[153.1032088772027,-27.690892569663127],[153.10302642021463,-27.69114163467952],[153.10285060923238,-27.691431857694955],[153.10267382925934,-27.69179447670989],[153.1025484652842,-27.69209700072013],[153.10250347130776,-27.692320450722875],[153.10281937633886,-27.69229623669124],[153.1027869583581,-27.6924756386931],[153.10519210166535,-27.692842505448034],[153.10594591476155,-27.692957490371196],[153.10669985385783,-27.693072467294392],[153.1079072280121,-27.693256608171293],[153.10860941610176,-27.693363688099762],[153.10951398321728,-27.693501628007553],[153.11002278328232,-27.693579210955708],[153.11026778831362,-27.693616574930722],[153.11102160140987,-27.693731522853927],[153.11104180739719,-27.693614399852756],[153.11106960537964,-27.693453280851234],[153.11109741036222,-27.693292102849732],[153.11112511934476,-27.693131490848202],[153.1111528353274,-27.69297087084664],[153.11118054430992,-27.69281025084516],[153.1112082302926,-27.692649780843603],[153.11124473826965,-27.69243813984163],[153.11127281225194,-27.692275425840105],[153.11135559519994,-27.69179556383553],[153.11161391422894,-27.691803967809477],[153.11159541520408,-27.691624073812704],[153.1115620881748,-27.691422192817726],[153.11157087215946,-27.691293998817834],[153.11169093107873,-27.69055697181154],[153.111717507062,-27.690401850810126],[153.11192166808755,-27.690429425789347],[153.11948995303723,-27.691451139018806],[153.119583845049,-27.691463812009253],[153.11955840906538,-27.691614068010598],[153.1191829893051,-27.69381947003104],[153.11914342632923,-27.69404283103325],[153.11903629535908,-27.694369069041482],[153.1189092103819,-27.694656319052005],[153.11818846347845,-27.69602984811374],[153.11798140351902,-27.6965253051307],[153.11791010155324,-27.696855045135305],[153.11789449258896,-27.69714929113451],[153.11790338863267,-27.697485044130975],[153.11810698382502,-27.69882401709991],[153.11820030982662,-27.698757498091005],[153.1182831598281,-27.69869845308312],[153.11827682681525,-27.698602817084545],[153.11827889780565,-27.698526016084923],[153.1183301808034,-27.698464445080226],[153.11846993880079,-27.698324188067268],[153.1186882927956,-27.69809822604705],[153.11897653279019,-27.697809926020298],[153.11913376978947,-27.69766965400556],[153.11936090078927,-27.69747482098419],[153.11971054181322,-27.697365528949835],[153.11991161083003,-27.69732642792992],[153.11998148282774,-27.697248509923508],[153.11996374979802,-27.69703054292698],[153.11985858475887,-27.696812643939293],[153.1196310367095,-27.696618197963748],[153.11937723265635,-27.69641600399092],[153.11924585661538,-27.696205913005816],[153.11921940658783,-27.696011304010028],[153.11925420857074,-27.695847779007813],[153.11938508555332,-27.695598541996585],[153.11950716352692,-27.695287024986754],[153.11973401249404,-27.694835281967475],[153.1197950774838,-27.694702869962338],[153.11989118948517,-27.694632722953234],[153.12004852349634,-27.69458587393777],[153.12058201356888,-27.694702191883056],[153.1210018246272,-27.694803035840007],[153.1215416417042,-27.694948895784435],[153.1216579007267,-27.695026373772137],[153.12173795675673,-27.69519439976272],[153.1217091377791,-27.695394827764027],[153.12160053780354,-27.69567938777274],[153.12151358981555,-27.69584754778013],[153.12155000083098,-27.695938026775764],[153.121658935846,-27.695963798764584],[153.12182585185423,-27.69588606674843],[153.12204350485726,-27.695724254727732],[153.12225387985777,-27.695549517707956],[153.12260225387826,-27.695413439673903],[153.12311036891597,-27.695277221623748],[153.12337166093357,-27.6951929545981],[153.12354583294245,-27.69511521558115],[153.1237489509423,-27.69494048456204],[153.12383586192706,-27.69474645655488],[153.1238862278815,-27.694345578552923],[153.1241836468832,-27.69410610852485],[153.12441592690092,-27.69404771150192],[153.1251637339753,-27.693995318426936],[153.1254978630255,-27.69410492439242],[153.1257813420898,-27.694369725361778],[153.12611851117504,-27.694752186324802],[153.1264749542651,-27.69515650628564],[153.12677190527242,-27.694961465257272],[153.12710223329785,-27.694879821224582],[153.12741120233432,-27.694903462193295],[153.12770957538604,-27.69505628816198],[153.12781457642325,-27.69525954014981],[153.12787707149505,-27.695770352139508],[153.12793338263003,-27.69678346012579],[153.12825582186815,-27.698380827080697],[153.1285921109774,-27.698953449042254],[153.129404090188,-27.699917255952805],[153.13000930833385,-27.700548245886804],[153.13063577645488,-27.700966304820383],[153.1319185636669,-27.70153985168653],[153.13436064105258,-27.70249094043285],[153.13598107530842,-27.70312199626446],[153.13657389641543,-27.703458427202033],[153.1371831515225,-27.703780188138058],[153.13962756812768,-27.706453947870443],[153.14018084926187,-27.707037417810117],[153.14105735747458,-27.70796173071441],[153.1413538375338,-27.708174935682784],[153.14166895257702,-27.708245790650484],[153.141998059611,-27.708232894617367],[153.14232233863171,-27.708119526585577],[153.1431330216644,-27.707685887507242],[153.14435948372082,-27.707085184388276],[153.1459526198202,-27.706509962232182],[153.14614338381793,-27.70633000821434],[153.14632147578232,-27.705898604199806],[153.14667162966916,-27.70471163017387],[153.14673135361258,-27.704217239171705],[153.1467070575348,-27.703626974178878],[153.14656965441978,-27.702840059198937],[153.1464518533534,-27.702418915214125],[153.14637598428385,-27.70193754822554],[153.1464241822232,-27.701419710224847],[153.14637269116488,-27.701005540233304],[153.14619809408512,-27.700528457254666],[153.14600955701837,-27.700164436276573],[153.14531640686027,-27.69951207135161],[153.14418707764267,-27.698763869471403],[153.14359165651658,-27.698279633535314],[153.14324109344233,-27.697994537572892],[153.1415103900422,-27.696324197760653],[153.14090394988483,-27.695603570827476],[153.14007250162712,-27.694286710921734],[153.13904812234324,-27.692927941035748],[153.1387917472541,-27.6924451210654],[153.13862070418347,-27.69203569608591],[153.13859823316423,-27.691903478089237],[153.13865912714783,-27.69172339808451],[153.13881405414332,-27.691555790070204],[153.13914292315866,-27.691396362038287],[153.13951413318176,-27.691262028001912],[153.1413951373265,-27.690799078815893],[153.1427728464374,-27.69049747967933],[153.14284479639164,-27.690077632675404],[153.1428752913723,-27.689899667673757],[153.142930418337,-27.689575209670743],[153.1429684833126,-27.689351133668687],[153.14300655628827,-27.68912705766661],[153.14304462126387,-27.688902966664532],[153.1431211012148,-27.688452787660395],[153.14313822220507,-27.688361249659383],[153.14217867708481,-27.688232934757202],[153.14185650604446,-27.688189855789997],[153.1374165644871,-27.68758822924249],[153.1367982484099,-27.68750774030544],[153.13616413633085,-27.68742549336999],[153.13585733629253,-27.68738526040126],[153.13489407317203,-27.687258071499357],[153.13459639313461,-27.68721739852975],[153.13287775991998,-27.686992920704768],[153.13257285988195,-27.686953997735795],[153.13127956472056,-27.68678596486752],[153.13113782570284,-27.686767561881926],[153.13066749964426,-27.686706444929793],[153.1306605786535,-27.686785204929883],[153.1301288306653,-27.68733150397918],[153.13005976366696,-27.687402455985566],[153.13003493066753,-27.687427966987922],[153.1299059236513,-27.68741077800105]]]}},{"type":"Feature","id":"2027-05-17-springwood","properties":{"collectionId":"2027-05-17","areaId":"springwood","areaName":"Springwood","startsOn":"2027-05-17","endsOn":"2027-05-28","putOutFrom":"2027-05-15"},"geometry":{"type":"Polygon","coordinates":[[[153.14559163865675,-27.634801863835328],[153.14562889863987,-27.634637413832856],[153.14568766960372,-27.634303113829564],[153.14578214254576,-27.633765964824313],[153.14581114752787,-27.63360098582267],[153.14584016051006,-27.633436052821086],[153.14586916649222,-27.633271118819454],[153.14589817847425,-27.63310618581783],[153.1459271834565,-27.63294124481617],[153.14592896445535,-27.6329309928161],[153.14594937144287,-27.632814979814945],[153.14595618843867,-27.632776311814574],[153.14597290842835,-27.63268110081364],[153.14598962741806,-27.63258620281272],[153.14599645141385,-27.63254721381233],[153.14601998839942,-27.63241331181099],[153.14602417539683,-27.632389670810785],[153.1460435243849,-27.63227940980971],[153.14606384937244,-27.632163754808584],[153.14608263236087,-27.63205712180751],[153.14608419735984,-27.632048076807404],[153.14610266734846,-27.631943179806402],[153.14610770334542,-27.631914398806092],[153.14613088233114,-27.631782694804837],[153.14613121733092,-27.631780719804787],[153.14615473231652,-27.631647063803474],[153.14615912731384,-27.631622014803245],[153.14617823830204,-27.631513407802153],[153.14618744729637,-27.631460970801673],[153.14619977028877,-27.631390883800936],[153.14649216832558,-27.631431645771166],[153.14647766933447,-27.631514093771965],[153.1465427433426,-27.631523168765302],[153.14656966932603,-27.631369931763803],[153.14672688434587,-27.631391866747794],[153.14674397634792,-27.631394243746026],[153.1468764923646,-27.63141274373254],[153.1469386823724,-27.63142140872618],[153.14702612938345,-27.631433605717312],[153.14713337339694,-27.631448573706333],[153.14718984136226,-27.63112762570321],[153.14720612835308,-27.6310418697022],[153.1472655533602,-27.631046995696195],[153.14747830538502,-27.631062186674598],[153.14744799636952,-27.63096586567842],[153.1471787472062,-27.629909961713935],[153.14675526307906,-27.629270090761725],[153.14692926408577,-27.629174990744925],[153.14743716310554,-27.628899134695843],[153.14751877610874,-27.628854862687994],[153.14770592711605,-27.628753497669894],[153.1477862000661,-27.62829262766544],[153.14786899101463,-27.627817183660838],[153.1478853150051,-27.627728729659914],[153.14911294716083,-27.627910889534654],[153.14913041115025,-27.627812683533655],[153.14917770012116,-27.627543672531008],[153.14922547309178,-27.627271927528373],[153.14925798007178,-27.627086959526505],[153.14927323906232,-27.627000167525672],[153.1493013580452,-27.6268410525241],[153.14932101203294,-27.626728414523022],[153.14936878500356,-27.62645666252035],[153.1493886189913,-27.62634378651922],[153.14941655797418,-27.626184902517682],[153.14944728495522,-27.626010082515954],[153.1494643169448,-27.625913179514992],[153.14951210491535,-27.62564128551235],[153.14953425490168,-27.625515333511096],[153.14956466888307,-27.625342286509408],[153.14962188184782,-27.625016703506216],[153.14974164977414,-27.6243355934995],[153.14978381975283,-27.624132856496853],[153.1498180257356,-27.623968429494685],[153.1498711997089,-27.623712777491384],[153.15008718460018,-27.622674494477796],[153.15071203577307,-27.623503706408197],[153.15072033576791,-27.623456313407733],[153.15074348375373,-27.623324550406416],[153.15145172230726,-27.619212612367527],[153.1514894442835,-27.618993587365463],[153.15189013603137,-27.616669967343398],[153.15275201948853,-27.61166948029598],[153.15053448821007,-27.611361063522136],[153.15037189418976,-27.611338451538714],[153.1486107189684,-27.61109241771834],[153.14852065595704,-27.61107983272754],[153.1467067967292,-27.61082642391246],[153.14655414971006,-27.610805189928044],[153.1448815845,-27.61057249409857],[153.14480101348985,-27.610561280106804],[153.14468862147578,-27.610545649118254],[153.1442505644208,-27.610484696162924],[153.1440915474008,-27.61046256817911],[153.14390078937683,-27.610436029198592],[153.14372900135527,-27.610412120216058],[153.14358588333732,-27.6103922122307],[153.14336572630958,-27.610361575253126],[153.1430562812708,-27.6103184662847],[153.14306000626868,-27.610298580284454],[153.14227425316955,-27.610185905364563],[153.14228483317387,-27.610210820363346],[153.14170891010158,-27.61013047342206],[153.14166383409594,-27.61012418542664],[153.14131829905244,-27.610075972461864],[153.14111094902643,-27.610047041483032],[153.14074053597983,-27.609995364520753],[153.1406771389719,-27.609986513527232],[153.14054202295492,-27.60996767054099],[153.1400395558919,-27.60989754559222],[153.13990960987553,-27.60987941160548],[153.13971855485158,-27.609852767624943],[153.1395247428272,-27.609825722644654],[153.13930828079998,-27.609795517666754],[153.13906606276953,-27.60976170669146],[153.13881687073825,-27.609726935716875],[153.13860271071133,-27.609697057738682],[153.13836000068088,-27.60966318676339],[153.13815981065574,-27.60963526278381],[153.13798433463373,-27.609610787801728],[153.13767660359505,-27.60956781983309],[153.1373459615535,-27.609521663866783],[153.1373399345527,-27.609520836867404],[153.13735728654203,-27.60942204886644],[153.13682545047538,-27.60934852692065],[153.1360853843809,-27.60923376599616],[153.1342815611556,-27.608992799179884],[153.13400872812156,-27.608955934207728],[153.1332887340315,-27.608858122281074],[153.1330314430165,-27.608958661306193],[153.13294409998528,-27.608787103316377],[153.13280127192547,-27.608437455333537],[153.13273795689935,-27.60828604434115],[153.13265651488717,-27.60825937134953],[153.1321068108044,-27.60807482140643],[153.13188026077034,-27.607999026429876],[153.13129913768378,-27.607810653489935],[153.13117012366493,-27.60777175350325],[153.13059250962704,-27.607964165559945],[153.13031247960808,-27.60805276758746],[153.1287898195025,-27.60851465773729],[153.12822463446457,-27.60869635479284],[153.1267272013643,-27.609179353939933],[153.1263973863424,-27.60928720897232],[153.12581098830208,-27.60946790802998],[153.12456397721422,-27.60983587715271],[153.12415615518844,-27.609979025192672],[153.12357623914775,-27.61015092524975],[153.12318655811728,-27.61024250028829],[153.12301150710172,-27.61026880030572],[153.12284190208428,-27.61027533532278],[153.12259846905587,-27.610258027347445],[153.12210978599293,-27.610178209397315],[153.1219114509726,-27.610186218417226],[153.1217358479562,-27.610206230434756],[153.1219612660257,-27.61056180940925],[153.12226828911997,-27.611044354374517],[153.12258798622668,-27.611612691337804],[153.12286473832262,-27.61213304030581],[153.12302199838112,-27.612460053287368],[153.1232006404545,-27.612885593265993],[153.12333422151812,-27.61327315824946],[153.12348654059954,-27.613785057230043],[153.12358733265253,-27.614116481217298],[153.12378671775932,-27.6147878681919],[153.12390388481143,-27.61509905717763],[153.1239622528347,-27.61523222117068],[153.12401484685913,-27.61538031616417],[153.12436137298604,-27.616084753123722],[153.12471199009522,-27.61664640808396],[153.12505195320017,-27.617183751045413],[153.1254222243172,-27.617791071003325],[153.12583802646367,-27.618590517955052],[153.1261479925765,-27.619215226918904],[153.12643234369298,-27.619890472884908],[153.12669429879944,-27.62050587585363],[153.1268783578742,-27.620938381831635],[153.12774224621214,-27.622864043729372],[153.12803778132658,-27.62351400369441],[153.12850043850432,-27.62451950463983],[153.1286147675441,-27.624735377626607],[153.1289360226735,-27.62548097958831],[153.1294627708977,-27.626798077524832],[153.1298875440779,-27.627855352473638],[153.13038736629338,-27.629126056413252],[153.13053866535626,-27.629492349395047],[153.13083167447567,-27.630183502360044],[153.1310933305759,-27.63074986532922],[153.131382464669,-27.63123654529623],[153.13179153878997,-27.63184093625022],[153.1318729588125,-27.631948694241174],[153.13215974688498,-27.63227602720966],[153.1325550679832,-27.632712386166357],[153.1332639081475,-27.63340266708943],[153.13388819221234,-27.633382476026693],[153.1341337862221,-27.633250511002938],[153.1344271382546,-27.63325717897332],[153.1351730233457,-27.633339858897468],[153.13544196637835,-27.63336799187013],[153.1366227115272,-27.633536158749774],[153.13691374656312,-27.633571192720122],[153.13718316659637,-27.633604071692695],[153.13780101367513,-27.633698917629676],[153.13823822073343,-27.633785917584913],[153.1389023808132,-27.633848912517454],[153.14017879197343,-27.634024336387327],[153.14113292109406,-27.63416313329007],[153.14239852125468,-27.634351044160958],[153.1427391542981,-27.634403570126175],[153.14392712744691,-27.634564809005045],[153.14422013648365,-27.634605287975184],[153.14530503662033,-27.63475831486456],[153.14559163865675,-27.634801863835328]]]}},{"type":"Feature","id":"2027-05-17-underwood","properties":{"collectionId":"2027-05-17","areaId":"underwood","areaName":"Underwood","startsOn":"2027-05-17","endsOn":"2027-05-28","putOutFrom":"2027-05-15"},"geometry":{"type":"Polygon","coordinates":[[[153.10594426108295,-27.593110657160757],[153.1059352080935,-27.593201539160937],[153.10584130108163,-27.593188315170508],[153.10582273509294,-27.593293137171504],[153.10542091733745,-27.59556214419408],[153.1054115593432,-27.59561504319458],[153.1053004864107,-27.59624218120083],[153.10524362344538,-27.59656324920402],[153.10516126549552,-27.597028284208623],[153.1051199055206,-27.597261808210956],[153.10491883764303,-27.598397090222175],[153.10487461766988,-27.598646766224643],[153.104676283786,-27.59973048323607],[153.10463582680964,-27.599951527238396],[153.10458880683714,-27.60020843824111],[153.10453811986534,-27.60047358924406],[153.10448115289702,-27.60077167224747],[153.1043195719868,-27.60161702225708],[153.10427134501361,-27.6018693362599],[153.10355114241395,-27.605637110302638],[153.1035221294302,-27.60578889330435],[153.10330080955316,-27.606946691317475],[153.1032013516081,-27.60746450632343],[153.1029353957499,-27.60880840533952],[153.10286968178494,-27.609140462343536],[153.10278654082921,-27.60956031734856],[153.1027601358433,-27.609693690350213],[153.1024760009947,-27.61112844136744],[153.1024528070071,-27.611245519368865],[153.1023949310379,-27.611537754372403],[153.10232739907389,-27.611878774376457],[153.10221662413298,-27.612438104383234],[153.10216737515913,-27.61268673738617],[153.10214123117305,-27.612818747387784],[153.10186167832202,-27.614230334404773],[153.10181430734724,-27.614469512407656],[153.10112868971245,-27.617931171449293],[153.10109029673126,-27.618111498451743],[153.10121547374655,-27.618126019439046],[153.10224511487624,-27.61827138733418],[153.10519877124798,-27.61868833703351],[153.10554883629217,-27.618738470997865],[153.10691367146444,-27.618935017858828],[153.10723493150482,-27.618979981826158],[153.10816881062246,-27.61911197673101],[153.10840538865273,-27.619149237706935],[153.1110038829809,-27.619524187442252],[153.11144948003763,-27.619592368396837],[153.1137494893277,-27.619921080162545],[153.11407157036854,-27.61996882312974],[153.11467865144516,-27.620056099067856],[153.1154202815505,-27.620255245991576],[153.11575891759625,-27.620328067956926],[153.1159871886254,-27.620363025933617],[153.11715886677433,-27.62053966381422],[153.11741035380166,-27.620540803788856],[153.11787275184778,-27.62051146374248],[153.1183599828833,-27.620377428694482],[153.11879240690038,-27.620144046652783],[153.1191508018988,-27.619826435619164],[153.11941498487855,-27.619442492595542],[153.11957152184104,-27.61901427758318],[153.11966914672806,-27.61804207358104],[153.1196749136828,-27.617680005583303],[153.11976522162098,-27.617116249578697],[153.11994281357343,-27.616590782564966],[153.12010957954388,-27.61621624955112],[153.12040337851207,-27.615716866525432],[153.1205659964886,-27.61539398851163],[153.1209846144529,-27.614756695474476],[153.12115091143426,-27.61446813446002],[153.1213603394693,-27.614566325438144],[153.12272380269732,-27.615203268295677],[153.12279152070835,-27.615232288288635],[153.1230052487382,-27.615285858266716],[153.1232264557616,-27.615282304244456],[153.12338103377482,-27.61525528822903],[153.12368951679645,-27.615163102198707],[153.12390388481143,-27.61509905717763],[153.12378671775932,-27.6147878681919],[153.12358733265253,-27.614116481217298],[153.12348654059954,-27.613785057230043],[153.12333422151812,-27.61327315824946],[153.1232006404545,-27.612885593265993],[153.12302199838112,-27.612460053287368],[153.12286473832262,-27.61213304030581],[153.12258798622668,-27.611612691337804],[153.12226828911997,-27.611044354374517],[153.1219612660257,-27.61056180940925],[153.1217358479562,-27.610206230434756],[153.12155221389975,-27.609917714455595],[153.1205544245942,-27.60835954456845],[153.12011469945838,-27.607663489618258],[153.11683509545847,-27.602574212988923],[153.1155287100606,-27.600550077136557],[153.1143456617013,-27.598724707270165],[153.11346573443146,-27.597345515369724],[153.11140655680674,-27.59417345360225],[153.11126381875442,-27.593881614618947],[153.11060346667082,-27.59378476368618],[153.1105225156607,-27.59377353569442],[153.1101091786088,-27.593715246736537],[153.10988711458086,-27.593683932759145],[153.10972353756023,-27.59366086777581],[153.10958557554295,-27.59364140678983],[153.1078965443305,-27.593403181961854],[153.10787026632602,-27.59338972596457],[153.1078403223209,-27.593374384967706],[153.10779713131075,-27.59333128397245],[153.10777460830147,-27.593277385975096],[153.1074277462539,-27.593197345010676],[153.10741899926046,-27.59325671101112],[153.10737215026086,-27.593299634015448],[153.10735443225929,-27.593302152017237],[153.10730579525497,-27.59330908102207],[153.10594426108295,-27.593110657160757]]]}},{"type":"Feature","id":"2027-05-31-daisy-hill","properties":{"collectionId":"2027-05-31","areaId":"daisy-hill","areaName":"Daisy Hill","startsOn":"2027-05-31","endsOn":"2027-06-11","putOutFrom":"2027-05-29"},"geometry":{"type":"Polygon","coordinates":[[[153.15731571577692,-27.649372688537394],[153.157451003767,-27.649180784525225],[153.15756935576098,-27.649032175514453],[153.1576645667563,-27.64891433650579],[153.15769883975034,-27.64883844550294],[153.1577251477374,-27.648714668501267],[153.1577541457069,-27.648450880500445],[153.15787585769974,-27.648290909489404],[153.1579324446964,-27.648216530484273],[153.15797986069362,-27.648154206479987],[153.15804407668975,-27.648069798474218],[153.1580838336875,-27.648017554470588],[153.15815571668313,-27.647923074464064],[153.15818779868133,-27.647880903461196],[153.15821603667968,-27.647843777458647],[153.15837959168965,-27.647783442442613],[153.15856346470082,-27.647715605424576],[153.1587477327121,-27.647647618406513],[153.1588884517207,-27.647595703392742],[153.15908464773273,-27.647523313373483],[153.15928125374467,-27.647450781354234],[153.15958771076347,-27.647337711324212],[153.15967599279432,-27.64750521531397],[153.1597681568265,-27.647680066303273],[153.16040486787728,-27.647538914240165],[153.16035345884836,-27.64735502624678],[153.16030421882064,-27.647178858253152],[153.1604528948325,-27.647145874238426],[153.16065072984827,-27.64710199721881],[153.16084852786412,-27.647058121199198],[153.1610463858799,-27.647014237179537],[153.16124423589565,-27.646970346159957],[153.16144210091144,-27.646926454140303],[153.16172728693428,-27.646863191112036],[153.162099897964,-27.6467805420751],[153.16249225299532,-27.646693504036183],[153.16277834001383,-27.646596550008056],[153.16309813403464,-27.646488165976663],[153.16345202205756,-27.646368226941892],[153.1634914580332,-27.64614304793964],[153.1635039080255,-27.646071968939022],[153.16354784399832,-27.64582106393652],[153.16360170396496,-27.645513510933554],[153.1636352759442,-27.645321844931644],[153.16365573593154,-27.645205011930496],[153.16373121688488,-27.644773988926303],[153.16375151987205,-27.644656522925196],[153.16376221886546,-27.644594749924583],[153.16377003486056,-27.644549763924154],[153.16379173084698,-27.64442479492295],[153.1638089938362,-27.64432538892199],[153.1638453078135,-27.64411622192],[153.1638479378118,-27.64410109691985],[153.16388686678755,-27.643876878917666],[153.16388758278703,-27.64387283391768],[153.1639257737632,-27.643652713915554],[153.1639284117615,-27.643637551915397],[153.16396469573877,-27.6434282719134],[153.16396989673552,-27.643398208913066],[153.1640035287145,-27.643203920911223],[153.16401132170958,-27.643158881910807],[153.1640422866901,-27.6429797249091],[153.16404233869008,-27.6429794719091],[153.16407328067058,-27.64280007690737],[153.16407941266675,-27.64276441790704],[153.16411103264676,-27.64258065690529],[153.16412191063935,-27.64251323690473],[153.16339210352874,-27.642263060980394],[153.16317027849504,-27.642187080003414],[153.16230159336337,-27.641889795093373],[153.16207771032947,-27.641813270116575],[153.1618467722945,-27.64173433814055],[153.1611007231814,-27.641479506217802],[153.16117397718332,-27.64143208321084],[153.161396399189,-27.64128775018949],[153.1616079142091,-27.64126591316835],[153.16190597421644,-27.641070700139768],[153.16198343818337,-27.64074496813456],[153.16199897217672,-27.640679515133534],[153.1620801311419,-27.640337384128035],[153.16211229612807,-27.64020177612585],[153.16216836112403,-27.6401215331208],[153.1623031651139,-27.639928616108755],[153.16240806910625,-27.639778486099335],[153.1625734641093,-27.63966248108355],[153.16273364411228,-27.639550141068295],[153.16289268411532,-27.63943858305311],[153.1630635491185,-27.63931874103682],[153.1631506161201,-27.6392576760285],[153.1632310081207,-27.639194122020932],[153.16323860012082,-27.639188110020186],[153.1634183681221,-27.639046035003197],[153.16354821612703,-27.63897406999063],[153.16372901913064,-27.638849882973386],[153.16390027113428,-27.63873226795701],[153.1640562341375,-27.638625150942136],[153.16422897614095,-27.638506507925655],[153.16444634614552,-27.63835721390484],[153.16510648315906,-27.637903822841846],[153.16553521918408,-27.63773650579985],[153.16570517420539,-27.637759430782513],[153.16588629022806,-27.63778434576408],[153.16588777322764,-27.63777969676396],[153.1658745562128,-27.63767397976614],[153.16615638924821,-27.637713021737362],[153.17219045800627,-27.63854899912158],[153.17252652304856,-27.638595543087263],[153.17308026611806,-27.638672254030787],[153.1730963221081,-27.638579911029893],[153.17310563509383,-27.638460397029878],[153.1732218940217,-27.637795738023406],[153.17335047594202,-27.637060641016284],[153.17381685165788,-27.634432098989958],[153.17384117063756,-27.634252211988912],[153.17574520447076,-27.623470163881944],[153.17573444545897,-27.623386985883677],[153.17057870280712,-27.622637353410155],[153.16937585248775,-27.621147863543374],[153.16923436546992,-27.62112729255784],[153.16090117425796,-27.610806866480548],[153.15993785900238,-27.609613678587216],[153.1585595086366,-27.607906340739806],[153.15831944257283,-27.607608972766414],[153.15823557155056,-27.60750508977569],[153.15819825154597,-27.607499985779477],[153.15357630696695,-27.606867596250858],[153.15356100397688,-27.60695790425166],[153.15275201948853,-27.61166948029598],[153.15189013603137,-27.616669967343398],[153.1514894442835,-27.618993587365463],[153.15145172230726,-27.619212612367527],[153.15074348375373,-27.623324550406416],[153.15072033576791,-27.623456313407733],[153.15071203577307,-27.623503706408197],[153.15008718460018,-27.622674494477796],[153.1498711997089,-27.623712777491384],[153.1498180257356,-27.623968429494685],[153.14978381975283,-27.624132856496853],[153.14974164977414,-27.6243355934995],[153.14962188184782,-27.625016703506216],[153.14956466888307,-27.625342286509408],[153.14953425490168,-27.625515333511096],[153.14951210491535,-27.62564128551235],[153.1494643169448,-27.625913179514992],[153.14944728495522,-27.626010082515954],[153.14941655797418,-27.626184902517682],[153.1493886189913,-27.62634378651922],[153.14936878500356,-27.62645666252035],[153.14932101203294,-27.626728414523022],[153.1493013580452,-27.6268410525241],[153.14927323906232,-27.627000167525672],[153.14925798007178,-27.627086959526505],[153.14922547309178,-27.627271927528373],[153.14917770012116,-27.627543672531008],[153.14913041115025,-27.627812683533655],[153.14911294716083,-27.627910889534654],[153.1478853150051,-27.627728729659914],[153.14786899101463,-27.627817183660838],[153.1477862000661,-27.62829262766544],[153.14770592711605,-27.628753497669894],[153.14751877610874,-27.628854862687994],[153.14743716310554,-27.628899134695843],[153.14692926408577,-27.629174990744925],[153.14675526307906,-27.629270090761725],[153.1471787472062,-27.629909961713935],[153.14744799636952,-27.63096586567842],[153.14747830538502,-27.631062186674598],[153.1472655533602,-27.631046995696195],[153.14720612835308,-27.6310418697022],[153.14718984136226,-27.63112762570321],[153.14713337339694,-27.631448573706333],[153.14702612938345,-27.631433605717312],[153.1469386823724,-27.63142140872618],[153.1468764923646,-27.63141274373254],[153.14674397634792,-27.631394243746026],[153.14672688434587,-27.631391866747794],[153.14656966932603,-27.631369931763803],[153.1465427433426,-27.631523168765302],[153.14647766933447,-27.631514093771965],[153.14649216832558,-27.631431645771166],[153.14619977028877,-27.631390883800936],[153.14618744729637,-27.631460970801673],[153.14617823830204,-27.631513407802153],[153.14615912731384,-27.631622014803245],[153.14615473231652,-27.631647063803474],[153.14613121733092,-27.631780719804787],[153.14613088233114,-27.631782694804837],[153.14610770334542,-27.631914398806092],[153.14610266734846,-27.631943179806402],[153.14608419735984,-27.632048076807404],[153.14608263236087,-27.63205712180751],[153.14606384937244,-27.632163754808584],[153.1460435243849,-27.63227940980971],[153.14602417539683,-27.632389670810785],[153.14601998839942,-27.63241331181099],[153.14599645141385,-27.63254721381233],[153.14598962741806,-27.63258620281272],[153.14597290842835,-27.63268110081364],[153.14595618843867,-27.632776311814574],[153.14594937144287,-27.632814979814945],[153.14592896445535,-27.6329309928161],[153.1459271834565,-27.63294124481617],[153.14589817847425,-27.63310618581783],[153.14586916649222,-27.633271118819454],[153.14584016051006,-27.633436052821086],[153.14581114752787,-27.63360098582267],[153.14578214254576,-27.633765964824313],[153.14568766960372,-27.634303113829564],[153.14562889863987,-27.634637413832856],[153.14559163865675,-27.634801863835328],[153.14530503662033,-27.63475831486456],[153.14422013648365,-27.634605287975184],[153.14392712744691,-27.634564809005045],[153.1427391542981,-27.634403570126175],[153.14239852125468,-27.634351044160958],[153.14113292109406,-27.63416313329007],[153.14017879197343,-27.634024336387327],[153.1389023808132,-27.633848912517454],[153.13823822073343,-27.633785917584913],[153.13780101367513,-27.633698917629676],[153.13718316659637,-27.633604071692695],[153.13691374656312,-27.633571192720122],[153.1366227115272,-27.633536158749774],[153.13544196637835,-27.63336799187013],[153.1351730233457,-27.633339858897468],[153.1344271382546,-27.63325717897332],[153.1341337862221,-27.633250511002938],[153.13388819221234,-27.633382476026693],[153.1332639081475,-27.63340266708943],[153.13393908030238,-27.63404767901627],[153.13476542449212,-27.63483867692673],[153.13539549663656,-27.635439074858418],[153.13619933281876,-27.636189950771488],[153.13725667405774,-27.637170530657105],[153.13754282112043,-27.637420728626267],[153.13785060518907,-27.637699894593023],[153.13807176823858,-27.637900478569158],[153.13831737629343,-27.638123206542613],[153.13862809536263,-27.638404085509055],[153.13894002143292,-27.638692229475364],[153.13921336149204,-27.638924560445957],[153.13999260166648,-27.639634102361775],[153.14037556175063,-27.639971360320484],[153.14067780981716,-27.64023751728789],[153.1409214958692,-27.640440113261715],[153.14118096992306,-27.640642791233955],[153.14145217797952,-27.64085598920489],[153.1418961660723,-27.641209221157336],[153.14246826618665,-27.64162240809637],[153.14278221924945,-27.64184919606293],[153.14305234030294,-27.64204047503417],[153.1434933173905,-27.64235386898721],[153.14414399851992,-27.642818538917957],[153.14518982872568,-27.643548539806666],[153.14552310079003,-27.64377088677132],[153.1457647528381,-27.64394360674555],[153.14642862997025,-27.644418931674885],[153.14764192020942,-27.64526877554578],[153.14775500423107,-27.645343362533758],[153.14804916128773,-27.645538746502552],[153.14842052835644,-27.645763135463355],[153.14873912941277,-27.64593507242981],[153.14901413846127,-27.64608287740093],[153.14931159451174,-27.646226994369762],[153.149877026605,-27.64647948631076],[153.15033368767666,-27.64665543226326],[153.15082120875,-27.646817936212788],[153.15171301388088,-27.647089234120713],[153.15245035998933,-27.647314883044572],[153.15301863807179,-27.647480434985905],[153.15326947710918,-27.647561034959956],[153.1538576331956,-27.64774138389921],[153.1543982102743,-27.64790060284341],[153.15450844229093,-27.64793778083195],[153.15485896234492,-27.64806446279561],[153.15527492040968,-27.648220522752414],[153.15554659845517,-27.648346169723997],[153.15591292051593,-27.648512929685747],[153.15639897360188,-27.648776232634596],[153.1567901886744,-27.64901342959324],[153.1571400537413,-27.649242467556135],[153.15731571577692,-27.649372688537394]]]}},{"type":"Feature","id":"2027-05-31-shailer-park","properties":{"collectionId":"2027-05-31","areaId":"shailer-park","areaName":"Shailer Park","startsOn":"2027-05-31","endsOn":"2027-06-11","putOutFrom":"2027-05-29"},"geometry":{"type":"Polygon","coordinates":[[[153.17642223755746,-27.66284652050217],[153.17995752400654,-27.663371420141026],[153.1803982110623,-27.66343499609601],[153.18078579811214,-27.6634975810564],[153.1818100662424,-27.66365039195171],[153.18214073828364,-27.66369322591796],[153.18269738635365,-27.663771143861187],[153.18290403538225,-27.663820131839913],[153.18312864841667,-27.66389952481656],[153.1833709784585,-27.66402233979112],[153.18378809753773,-27.66428969674692],[153.1840946375935,-27.664467319714493],[153.18545626784973,-27.665322787570204],[153.18559460287594,-27.66541130755554],[153.1858486089236,-27.665569923528658],[153.18615981197803,-27.665732912495915],[153.18645195703186,-27.66590720346504],[153.18654965605026,-27.66596917045463],[153.18670903908102,-27.666075482437716],[153.18696466812855,-27.666231616410656],[153.18859532543217,-27.667230002238032],[153.18890488948787,-27.66740450920536],[153.18912155246795,-27.667064971186186],[153.1891262384651,-27.66703821618589],[153.1896975931108,-27.66377356515396],[153.18976818806712,-27.663370839150023],[153.1897775750613,-27.66331731414951],[153.18980739304286,-27.663147188147835],[153.1898415390217,-27.66295236214594],[153.1898778229992,-27.66274541514393],[153.1899062399817,-27.662583276142357],[153.1899344919642,-27.662422097140713],[153.18996738594387,-27.662234797138904],[153.19000028092358,-27.662047497137046],[153.19003317490328,-27.661860189135204],[153.190049692893,-27.66176615613429],[153.19005358189062,-27.66174396813405],[153.1900660318829,-27.661672874133334],[153.19009884386256,-27.66148555913151],[153.19013164884228,-27.661298244129735],[153.19014092483647,-27.661244682129208],[153.1901721878171,-27.66106628512745],[153.19020345779776,-27.660887896125722],[153.19023470577832,-27.660709499123964],[153.190265975759,-27.660531110122218],[153.19031130473098,-27.660272396119662],[153.19033954971096,-27.660091831118244],[153.19033995970727,-27.660062536118424],[153.1903812806815,-27.659825123116157],[153.19040609166598,-27.659682318114772],[153.19045438563592,-27.659405789112075],[153.1904628046308,-27.659357696111563],[153.1904936946116,-27.659181102109876],[153.1904950956107,-27.65917311510979],[153.19053302658722,-27.65895640810766],[153.19057235856286,-27.658731683105447],[153.19061167453845,-27.658506959103295],[153.19065093951397,-27.658282160101066],[153.19070228948203,-27.657987795098222],[153.19071311547532,-27.65792564909762],[153.19076440544328,-27.657630986094787],[153.1907669014417,-27.65761668909463],[153.19080116642036,-27.657419539092725],[153.1908523143884,-27.657125129089902],[153.19088032837087,-27.65696398108832],[153.19089571436123,-27.65687537108748],[153.19093910633404,-27.656625605085047],[153.19098247630697,-27.656375869082648],[153.191036679273,-27.656063615079646],[153.1911056192299,-27.655666604075787],[153.19113513121107,-27.655494175074214],[153.19116766819084,-27.655307486072363],[153.19120987516453,-27.65506531207002],[153.1912137051621,-27.65504337706981],[153.19125109913884,-27.654828719067776],[153.19126042713296,-27.654775216067257],[153.19129450611172,-27.654579653065326],[153.19137881005926,-27.65409583506068],[153.19141960103377,-27.653861671058415],[153.1914712860016,-27.653564989055507],[153.19148452599327,-27.653489015054753],[153.19165152288923,-27.652530401045464],[153.1916943488625,-27.65228451704308],[153.1917559578241,-27.651930801039658],[153.19188797474175,-27.651172816032318],[153.19194233370789,-27.650860703029274],[153.1920137846633,-27.650450504025297],[153.1920717206272,-27.65011785102209],[153.19209127061495,-27.65000563002102],[153.19216909956646,-27.64955881101669],[153.1921697105661,-27.64955531001662],[153.19239373542638,-27.648269280004175],[153.192572415315,-27.647243595994222],[153.19265212126527,-27.646785198989807],[153.19270588523167,-27.646476043986798],[153.19277602418788,-27.646072684982887],[153.1928165481625,-27.64583963798065],[153.19285656513756,-27.64560957197843],[153.192890994116,-27.645411571976528],[153.19292877609246,-27.645194357974432],[153.19297216106537,-27.644944919971998],[153.1930034380458,-27.64476509297027],[153.19305932501086,-27.644443495967185],[153.19309531898833,-27.644236361965177],[153.1931156219757,-27.64411949996403],[153.19315899894855,-27.643869845961618],[153.193215734913,-27.643543376958494],[153.19325780888676,-27.64330125495614],[153.19330499285724,-27.643029792953502],[153.19331837384888,-27.64295279095275],[153.19334848183007,-27.642779564951116],[153.1933903248039,-27.642538791948773],[153.19344611476905,-27.642217746945715],[153.19349355973935,-27.641944771943045],[153.1935219087216,-27.641781619941504],[153.1935565317,-27.64158242793955],[153.1932875956662,-27.641545115967],[153.19295917462497,-27.64149954100055],[153.19262542558306,-27.641453213034637],[153.1897112502168,-27.64104861733232],[153.18941090317907,-27.641006893362963],[153.18921359615422,-27.640979490383124],[153.1888085751033,-27.640923231424484],[153.18859995207706,-27.64089426344582],[153.18827446603618,-27.64084906047902],[153.1882234290297,-27.640841975484243],[153.18794809299516,-27.640803746512386],[153.187548614945,-27.640748314553168],[153.18760731085098,-27.639960571553484],[153.18761181782833,-27.639779082554472],[153.18731598579564,-27.639773092584353],[153.18679197873772,-27.639762512637393],[153.18459384139916,-27.638968488865707],[153.18321540216397,-27.63829008401033],[153.1830458860936,-27.637881583030637],[153.18301075707902,-27.637796908034876],[153.1829198080413,-27.6375777340458],[153.18316089393076,-27.63650567702995],[153.18402653189784,-27.635512924950355],[153.18361012575002,-27.63470491699879],[153.1822904265283,-27.63408354613701],[153.18100590338003,-27.63400789326733],[153.1808172543583,-27.633996784286474],[153.17879124016937,-27.634231566489227],[153.1776562260888,-27.634560666601228],[153.1770398690572,-27.634835622661296],[153.1748792897945,-27.634604378881335],[153.17384117063756,-27.634252211988912],[153.17381685165788,-27.634432098989958],[153.17335047594202,-27.637060641016284],[153.1732218940217,-27.637795738023406],[153.17310563509383,-27.638460397029878],[153.1730963221081,-27.638579911029893],[153.17308026611806,-27.638672254030787],[153.17252652304856,-27.638595543087263],[153.17219045800627,-27.63854899912158],[153.16615638924821,-27.637713021737362],[153.1658745562128,-27.63767397976614],[153.16588777322764,-27.63777969676396],[153.16588629022806,-27.63778434576408],[153.16570517420539,-27.637759430782513],[153.16553521918408,-27.63773650579985],[153.16510648315906,-27.637903822841846],[153.16444634614552,-27.63835721390484],[153.16422897614095,-27.638506507925655],[153.1640562341375,-27.638625150942136],[153.16390027113428,-27.63873226795701],[153.16372901913064,-27.638849882973386],[153.16354821612703,-27.63897406999063],[153.1634183681221,-27.639046035003197],[153.16323860012082,-27.639188110020186],[153.1632310081207,-27.639194122020932],[153.1631506161201,-27.6392576760285],[153.1630635491185,-27.63931874103682],[153.16289268411532,-27.63943858305311],[153.16273364411228,-27.639550141068295],[153.1625734641093,-27.63966248108355],[153.16240806910625,-27.639778486099335],[153.1623031651139,-27.639928616108755],[153.16216836112403,-27.6401215331208],[153.16211229612807,-27.64020177612585],[153.1620801311419,-27.640337384128035],[153.16199897217672,-27.640679515133534],[153.16198343818337,-27.64074496813456],[153.16190597421644,-27.641070700139768],[153.1616079142091,-27.64126591316835],[153.161396399189,-27.64128775018949],[153.16117397718332,-27.64143208321084],[153.1611007231814,-27.641479506217802],[153.1618467722945,-27.64173433814055],[153.16207771032947,-27.641813270116575],[153.16230159336337,-27.641889795093373],[153.16317027849504,-27.642187080003414],[153.16339210352874,-27.642263060980394],[153.16412191063935,-27.64251323690473],[153.16411103264676,-27.64258065690529],[153.16407941266675,-27.64276441790704],[153.16407328067058,-27.64280007690737],[153.16404233869008,-27.6429794719091],[153.1640422866901,-27.6429797249091],[153.16401132170958,-27.643158881910807],[153.1640035287145,-27.643203920911223],[153.16396989673552,-27.643398208913066],[153.16396469573877,-27.6434282719134],[153.1639284117615,-27.643637551915397],[153.1639257737632,-27.643652713915554],[153.16388758278703,-27.64387283391768],[153.16388686678755,-27.643876878917666],[153.1638479378118,-27.64410109691985],[153.1638453078135,-27.64411622192],[153.1638089938362,-27.64432538892199],[153.16379173084698,-27.64442479492295],[153.16377003486056,-27.644549763924154],[153.16376221886546,-27.644594749924583],[153.16375151987205,-27.644656522925196],[153.16373121688488,-27.644773988926303],[153.16365573593154,-27.645205011930496],[153.1636352759442,-27.645321844931644],[153.16360170396496,-27.645513510933554],[153.16354784399832,-27.64582106393652],[153.1635039080255,-27.646071968939022],[153.1634914580332,-27.64614304793964],[153.16345202205756,-27.646368226941892],[153.16309813403464,-27.646488165976663],[153.16277834001383,-27.646596550008056],[153.16249225299532,-27.646693504036183],[153.162099897964,-27.6467805420751],[153.16172728693428,-27.646863191112036],[153.16144210091144,-27.646926454140303],[153.16124423589565,-27.646970346159957],[153.1610463858799,-27.647014237179537],[153.16084852786412,-27.647058121199198],[153.16065072984827,-27.64710199721881],[153.1604528948325,-27.647145874238426],[153.16030421882064,-27.647178858253152],[153.16035345884836,-27.64735502624678],[153.16040486787728,-27.647538914240165],[153.1597681568265,-27.647680066303273],[153.15967599279432,-27.64750521531397],[153.15958771076347,-27.647337711324212],[153.15928125374467,-27.647450781354234],[153.15908464773273,-27.647523313373483],[153.1588884517207,-27.647595703392742],[153.1587477327121,-27.647647618406513],[153.15856346470082,-27.647715605424576],[153.15837959168965,-27.647783442442613],[153.15821603667968,-27.647843777458647],[153.15818779868133,-27.647880903461196],[153.15815571668313,-27.647923074464064],[153.1580838336875,-27.648017554470588],[153.15804407668975,-27.648069798474218],[153.15797986069362,-27.648154206479987],[153.1579324446964,-27.648216530484273],[153.15787585769974,-27.648290909489404],[153.1577541457069,-27.648450880500445],[153.1577251477374,-27.648714668501267],[153.15769883975034,-27.64883844550294],[153.1576645667563,-27.64891433650579],[153.15756935576098,-27.649032175514453],[153.157451003767,-27.649180784525225],[153.15731571577692,-27.649372688537394],[153.1576209658393,-27.649603761504753],[153.1593563712179,-27.651105194317754],[153.16086148454355,-27.652385845155745],[153.16183636275346,-27.653207607050856],[153.1629801540073,-27.654230503927327],[153.16411694925512,-27.65521232680483],[153.16503998646178,-27.656051903705055],[153.16555729458622,-27.656590423648538],[153.16570522562154,-27.656742028632443],[153.16640440379,-27.65747156655609],[153.16776771114195,-27.65907815040578],[153.16857849835438,-27.660058482316146],[153.16922922352296,-27.660829804244408],[153.17006745173066,-27.661748967152523],[153.17052368080587,-27.66195284510483],[153.171453728931,-27.662145077009434],[153.1724859030648,-27.66231937590382],[153.17313842514653,-27.66240723283722],[153.17405975626238,-27.66253493574324],[153.17490080736573,-27.66263280065751],[153.17576030647587,-27.662767484569653],[153.17598243750345,-27.662795565547047],[153.17642223755746,-27.66284652050217]]]}},{"type":"Feature","id":"2027-06-14-carbrook","properties":{"collectionId":"2027-06-14","areaId":"carbrook","areaName":"Carbrook","startsOn":"2027-06-14","endsOn":"2027-06-25","putOutFrom":"2027-06-12"},"geometry":{"type":"Polygon","coordinates":[[[153.24535632137335,-27.697016119261868],[153.24575180640744,-27.696948006222357],[153.24582867342636,-27.697031080213907],[153.24594710044215,-27.697054646201764],[153.24607592845678,-27.697059869188635],[153.2462048234702,-27.69705591317561],[153.2463543944842,-27.69703827016064],[153.2464936154981,-27.697029768146596],[153.24664317051264,-27.69701672213155],[153.24678226552956,-27.69703118411738],[153.24687491354263,-27.697054616107778],[153.24698819955788,-27.69707813809613],[153.24710141857432,-27.697110861084415],[153.24720955558843,-27.697129770073314],[153.24735381460587,-27.697144269058576],[153.24749801262456,-27.697167954043802],[153.24768856164934,-27.697201042024258],[153.24792034867806,-27.697229757000546],[153.2480078336911,-27.69725774899149],[153.24812626770694,-27.697281306979317],[153.24824456872574,-27.697327828966948],[153.2483628617445,-27.69737435795459],[153.248481213762,-27.697411699942347],[153.24862027178017,-27.697435347928028],[153.24880056780208,-27.69745461490967],[153.24895503382302,-27.697487531893753],[153.24908381683886,-27.697501941880628],[153.24927969286009,-27.69750290986077],[153.24939817187482,-27.697517281848597],[153.24950130988486,-27.697508586838268],[153.24960970089305,-27.697481556827483],[153.24974370690768,-27.697482211813917],[153.24988291392222,-27.69747829279986],[153.25000169092988,-27.69743753078814],[153.2501101939352,-27.697387522777586],[153.25025462394868,-27.69736985776307],[153.25033712395702,-27.697365662754766],[153.2504456489623,-27.697315654744177],[153.25056430697234,-27.697293265732345],[153.25066750498124,-27.697275392721966],[153.25079641499403,-27.697266824708997],[153.25092019100578,-27.697253658696585],[153.25103879701751,-27.6972450456846],[153.2511419280276,-27.697236366674286],[153.25126566004042,-27.697232365661733],[153.25136710704933,-27.697216316651655],[153.25146764505732,-27.69719299664162],[153.25153759906397,-27.6971858736346],[153.2516765150753,-27.69715730062075],[153.25182564608664,-27.697119459605943],[153.25194361809054,-27.697049736594533],[153.2520152110893,-27.696980319587873],[153.25215914809954,-27.6969379335736],[153.25231345011133,-27.69690006955831],[153.25246777412383,-27.696866794542903],[153.25260144513342,-27.696829072529663],[153.25274550914534,-27.696800462515295],[153.252889223152,-27.69673053850127],[153.25300196615405,-27.69665163749049],[153.25313535315897,-27.69657719047759],[153.25321715315783,-27.696498527469934],[153.25331969616053,-27.69643349146004],[153.2534583811684,-27.696377381446425],[153.25350949216747,-27.6963264864417],[153.25355530516356,-27.69625727743758],[153.25356987915103,-27.696146971436974],[153.25357918413624,-27.696022934437046],[153.25356279311978,-27.695908270439578],[153.25353090510112,-27.69578913544378],[153.25348381708483,-27.695702231449225],[153.25335835704328,-27.69548276746362],[153.25334178702383,-27.695345140466422],[153.25336100900415,-27.695175125465784],[153.25341183699854,-27.695087506461334],[153.25339566198562,-27.695000394463694],[153.25336388496873,-27.694895013467725],[153.25329611494914,-27.694799102475326],[153.2532638609246,-27.694634042479947],[153.2532677129044,-27.694473310480827],[153.25325072587853,-27.69428518348403],[153.25324436985898,-27.694138302485804],[153.2532276508373,-27.69398231748874],[153.25321137182266,-27.693881421491174],[153.25320995580017,-27.693706951492715],[153.25321887377945,-27.693537003493145],[153.2531868067578,-27.693394906497556],[153.25314973273797,-27.693271211502264],[153.2531285207263,-27.693197898504955],[153.2531637997178,-27.69310121950219],[153.2532699326962,-27.69284331049344],[153.2533518516969,-27.692778422485677],[153.25350031269753,-27.69265796147159],[153.25359740069496,-27.692556224462592],[153.25364291668637,-27.692450284458793],[153.2536675556714,-27.6923123594574],[153.25367693565778,-27.692197501457336],[153.2536191716345,-27.692064769464235],[153.2535616006143,-27.691954999470937],[153.2534523825867,-27.691831849483002],[153.253337978558,-27.691704123495573],[153.25568430864456,-27.69039535426829],[153.25583919067424,-27.690497017251808],[153.25599397670257,-27.690587244235406],[153.2561615927322,-27.690677366217674],[153.25631628175898,-27.69075614120141],[153.2564579397815,-27.690812155186595],[153.2566512298139,-27.69090203116631],[153.25675459183523,-27.6909812601552],[153.25679347684522,-27.69102670915095],[153.25685832586245,-27.691106274143706],[153.2569226918722,-27.69112861813701],[153.25702584489065,-27.69118493712614],[153.25719337191876,-27.691263615108557],[153.25731005494876,-27.69139996809569],[153.25738812997324,-27.69152519808675],[153.2575299889987,-27.69160409207178],[153.2576464560258,-27.691717549059096],[153.25778880705863,-27.69185367904357],[153.2579052900857,-27.69196713603088],[153.2580344011113,-27.692057586017086],[153.25821506214524,-27.692170469997876],[153.25832758817114,-27.692277288985633],[153.2585082872031,-27.692374585966594],[153.25868950022485,-27.692391952948093],[153.25889060624556,-27.69238316892779],[153.2590032292585,-27.692389397916283],[153.25912698427283,-27.692397034903706],[153.2592109222809,-27.692389009895265],[153.2592981762906,-27.692390649886423],[153.2593799312994,-27.692390499878094],[153.25944180030606,-27.69239038087185],[153.25956553231944,-27.69239014285935],[153.25964946332743,-27.692382125850916],[153.2599256113555,-27.69236783582304],[153.26011999737443,-27.69235173480344],[153.26031658839298,-27.69232973378372],[153.26044911940522,-27.692313751770435],[153.26057282141755,-27.692305660757967],[153.26067490942916,-27.692309348747603],[153.26078324844121,-27.69231290273658],[153.26088286245312,-27.692321023726436],[153.26098219346602,-27.692337721716218],[153.26138747549794,-27.692244789675918],[153.26189166254306,-27.692171059625416],[153.26237594256403,-27.69192570357829],[153.26268243759594,-27.691915779547276],[153.26336286966765,-27.691900431478466],[153.26385544172211,-27.691909901428495],[153.26402746074234,-27.691922887410986],[153.26416867175627,-27.691912382396726],[153.26433124377618,-27.691930338380125],[153.26450803079868,-27.691956683361987],[153.2646022658094,-27.691960677352473],[153.26470372082133,-27.6919686713421],[153.2648738248427,-27.691991641324655],[153.26499158085767,-27.692008882312617],[153.2651158868733,-27.692026108299896],[153.26524675589042,-27.692049145286404],[153.26538415290824,-27.692072167272343],[153.2654626439174,-27.692077837264296],[153.26547572791878,-27.692077807263015],[153.26549178392136,-27.69208373026134],[153.26553461692666,-27.69208934125695],[153.26557927593274,-27.69209862425236],[153.2656098229365,-27.69210277424922],[153.2656741959436,-27.6921037202427],[153.26575726995392,-27.692114121234198],[153.26589032297426,-27.69216036022032],[153.26607068600384,-27.69223890420142],[153.26619922402043,-27.69226066718825],[153.2663022880374,-27.69230554917744],[153.26640515805133,-27.692327536166882],[153.2665016580616,-27.692326113157097],[153.266599663074,-27.69234070814703],[153.26661328207567,-27.69234179614567],[153.26664063307916,-27.692346386142866],[153.2666841300848,-27.692354008138395],[153.2667057220872,-27.692353970136168],[153.266738139092,-27.692363522132847],[153.26676243509493,-27.692365876130374],[153.26680230309967,-27.692370101126297],[153.26682568310395,-27.69238354912377],[153.26685678210848,-27.69239237812057],[153.26689374411342,-27.692400209116762],[153.2669288371195,-27.692417457113077],[153.2669702991272,-27.69244252810867],[153.26700647913327,-27.692459940104897],[153.2670485821385,-27.692464701100548],[153.26707236514176,-27.69247042309812],[153.26711950515005,-27.692495420093106],[153.2671724631603,-27.69253106308751],[153.26723423617108,-27.692562281081013],[153.26729804318134,-27.692588962074268],[153.26734603919138,-27.69262672906915],[153.2673964802001,-27.692652254063862],[153.2674408562084,-27.692679725059094],[153.26748397921787,-27.692717670054453],[153.26751641222384,-27.69273682605103],[153.2675574352302,-27.69275186104674],[153.26763529324285,-27.69278465103856],[153.26768934725237,-27.692813373032877],[153.2677377542616,-27.692844598027722],[153.26778612327135,-27.692880480022552],[153.2678545642858,-27.692935116015143],[153.26788848629386,-27.69296967901149],[153.26792994130162,-27.692994743007066],[153.26795807530698,-27.693012825004075],[153.26800942431586,-27.69303946099864],[153.2680675463256,-27.693066200992565],[153.26812839533602,-27.693096300986145],[153.26818722534688,-27.693130931979933],[153.2682420463561,-27.693157164974135],[153.26829377636486,-27.6931819159687],[153.2683494843751,-27.693215085962798],[153.26845986439724,-27.693294821951017],[153.26849172340573,-27.69333370694746],[153.26866240144955,-27.693531928928568],[153.2688097664884,-27.693711018912243],[153.26898311052904,-27.69388198789334],[153.2691485425626,-27.694004347875598],[153.26929581159624,-27.69414294385957],[153.26946130363282,-27.694289608841625],[153.26964498267037,-27.69442813682196],[153.2697818877051,-27.694582959806855],[153.26996568574887,-27.69477010378675],[153.27019621379358,-27.694924733762143],[153.27036950683106,-27.69507139074337],[153.27054412686982,-27.695226138724472],[153.27075523091656,-27.695413223701628],[153.27098446296117,-27.69556785367719],[153.27114075399143,-27.69567287666053],[153.27128659902044,-27.69577593364492],[153.27136430103897,-27.695855363636383],[153.27141652305778,-27.695957928630303],[153.27149422507637,-27.696037381621817],[153.27161043109908,-27.696116491609406],[153.27172653412026,-27.696184135597072],[153.27177817413022,-27.696218020591612],[153.2718686011486,-27.69628591058187],[153.27193336916434,-27.69635401657478],[153.27197197116996,-27.696365124570757],[153.27199412117417,-27.69637964656841],[153.2720645441853,-27.69640701956109],[153.27210985119666,-27.69645731855608],[153.27220196321812,-27.69654726954605],[153.27225952623357,-27.696619264539635],[153.27231027224448,-27.696661248534163],[153.27238133526018,-27.696724213526434],[153.2724490312767,-27.696796200519035],[153.27254705929383,-27.696847080508697],[153.27264624130896,-27.696881427498376],[153.27274702532452,-27.69691789848786],[153.2728290933381,-27.696954689479266],[153.27316212738526,-27.697041667444825],[153.27339293840907,-27.69703207142148],[153.27360371543426,-27.69705156139996],[153.27377923644647,-27.696997850382623],[153.2739524024564,-27.696929163365603],[153.27414482847118,-27.69688199434646],[153.27432556548897,-27.696867830328245],[153.27451095749873,-27.696788005310093],[153.27467329751522,-27.696779831293675],[153.27479428051907,-27.696707695282015],[153.27501622553388,-27.6966353572601],[153.27515748854455,-27.696599132246018],[153.27529880355746,-27.69658087823186],[153.27541626956545,-27.696544177220233],[153.27567493157184,-27.69637462419538],[153.27592615757789,-27.696209877171206],[153.27612707758044,-27.696060157152036],[153.2763615245848,-27.695895432129557],[153.27664628559447,-27.695730611102],[153.2768138046011,-27.695640690085746],[153.2769814126115,-27.695580630069212],[153.27716574762195,-27.695505603051085],[153.27741715263758,-27.695415511026322],[153.27757954564746,-27.69535570501036],[153.27766014565327,-27.695332407002358],[153.277785919663,-27.695302782989852],[153.2779368306764,-27.6952800819747],[153.27815979669757,-27.6952566489523],[153.27824890570545,-27.695243245943374],[153.27835149271525,-27.695232903933043],[153.27853114873253,-27.69521622291499],[153.27864994074193,-27.695189541903154],[153.27879849075634,-27.695176018888187],[153.2789173497691,-27.695175780876163],[153.2790510357819,-27.695162287862704],[153.279171585795,-27.695162957850457],[153.2793036248092,-27.69516178083708],[153.27947828882773,-27.69515949381943],[153.27958595784133,-27.695174431808375],[153.27973456685908,-27.695187358793206],[153.27986835687685,-27.69521353277939],[153.28007338890086,-27.695227405758505],[153.28021342291726,-27.69523750874425],[153.28035345693368,-27.695247611729997],[153.28043449693843,-27.69521588072201],[153.2804923279408,-27.695185824716365],[153.28065456395518,-27.695160947700106],[153.28083103196687,-27.695103428682675],[153.28115208399788,-27.695074200650346],[153.281328700017,-27.6950738356325],[153.28150532403595,-27.695073477614553],[153.2816818950532,-27.69505882959679],[153.28181027606348,-27.69502998058401],[153.28197079207888,-27.695015362567837],[153.28214741509797,-27.695015005549955],[153.28235610611867,-27.695000282528852],[153.28258092714472,-27.695014118506002],[153.28274150216203,-27.69501379048966],[153.28289789718002,-27.69502144247376],[153.28292573218232,-27.695016070471002],[153.28298649918702,-27.69500118446493],[153.28316873319778,-27.69493193144701],[153.28335638320357,-27.694818376428902],[153.2834667492061,-27.69474434841826],[153.28357368721407,-27.69471660940769],[153.2836886872191,-27.69465833139643],[153.28381644222398,-27.694588511384083],[153.2839825752315,-27.694506898367848],[153.2841489172419,-27.69444817935148],[153.28426402824837,-27.694401353340155],[153.284417644259,-27.69435419832494],[153.28448171926433,-27.694342173318546],[153.2845713572711,-27.69431847230962],[153.28481429128385,-27.694213270285836],[153.28524866030105,-27.693980447243653],[153.28542763030993,-27.693898714226144],[153.28567066832423,-27.693804963202222],[153.28581105232755,-27.693712129188743],[153.28592616333404,-27.693665310177398],[153.28619436934366,-27.693514085151424],[153.2862780623452,-27.693455591143366],[153.28634226334478,-27.693398169137307],[153.28643865134782,-27.69334068012804],[153.28657501235492,-27.693280644114637],[153.28656626534942,-27.693245313115824],[153.28656616834485,-27.693209729116134],[153.2865760773414,-27.693174108115404],[153.28660597734003,-27.693138449112645],[153.2866258773377,-27.69310281311091],[153.2866457923364,-27.693076081109123],[153.2866557693363,-27.693067155108167],[153.28668566833508,-27.693031504105377],[153.28669562233378,-27.693013689104543],[153.28671556733372,-27.69299584510265],[153.28676544133336,-27.692951254097935],[153.28680533933317,-27.692915573094176],[153.2868451403283,-27.6928443000907],[153.286885038328,-27.692808620086954],[153.28692492132774,-27.692772946083185],[153.28700471732725,-27.692701585075675],[153.28704460732706,-27.692665911071927],[153.2870845053268,-27.6926302300681],[153.28709448132668,-27.692621319067204],[153.28710445832664,-27.69261239406623],[153.2871143823243,-27.692585683065477],[153.28713433432415,-27.692567839063575],[153.28715428032407,-27.6925500030617],[153.2871742553251,-27.692541062059718],[153.287184224325,-27.692532136058823],[153.28727407832903,-27.692487462050014],[153.2873139753288,-27.6924517890463],[153.2873339433297,-27.69244284804431],[153.28736385732958,-27.69241608604148],[153.2874037553294,-27.692380412037707],[153.28744367533022,-27.69235363503393],[153.28747363433118,-27.69233576903102],[153.28749352732876,-27.692300140029264],[153.28752341932747,-27.6922644660265],[153.28755333332728,-27.69223771102371],[153.287593231327,-27.692202031019903],[153.28760314032354,-27.6921664240192],[153.2876330393222,-27.69213076601643],[153.2876629313209,-27.692095107013703],[153.28770278431836,-27.692041627010063],[153.28773266131583,-27.691997080007404],[153.28776256731453,-27.691961422004628],[153.28779240731092,-27.69190797100204],[153.28782223230613,-27.691845609999497],[153.28787203930239,-27.69177432299503],[153.28790188629884,-27.6917208649924],[153.28794171729513,-27.691658487988857],[153.28796152028815,-27.691587252987404],[153.28798137628345,-27.691533824985825],[153.28799112927308,-27.69144482098556],[153.2880209392672,-27.691373570983096],[153.288030721258,-27.691293454982738],[153.28803058025116,-27.691240063983184],[153.28803023023409,-27.69110658698427],[153.28803995322144,-27.690999774984103],[153.28803958020313,-27.6908574019853],[153.28801925518508,-27.690732857988323],[153.28798893816588,-27.690608336992394],[153.28796861314768,-27.690483799995445],[153.28795840613628,-27.690403735997112],[153.2879381631216,-27.69030588799995],[153.28791790510692,-27.690208054002763],[153.2879076820944,-27.690119079004507],[153.28788743207969,-27.69002123800732],[153.28788545007686,-27.690000660007705],[153.28787715006493,-27.689914479009207],[153.2878768740512,-27.689807690010106],[153.2878566310365,-27.689709849012907],[153.28784637202293,-27.68961198501473],[153.28783609000806,-27.689505218016592],[153.2878159209968,-27.689434065019217],[153.28780568398435,-27.689345105020944],[153.28778552997414,-27.68928285602349],[153.28778544096963,-27.689247257023762],[153.2877752929617,-27.689193881025243],[153.28777515095487,-27.689140490025682],[153.2877649659446,-27.68906932202724],[153.28774476793214,-27.688989281029926],[153.28771450391525,-27.68888255103388],[153.28767437490407,-27.688829250038346],[153.2876342458929,-27.688775933042866],[153.28760414588396,-27.68873150504621],[153.28756406187514,-27.688695996050598],[153.28752402986854,-27.688678271054812],[153.28742399785435,-27.688651784065144],[153.28735392484217,-27.68861634207252],[153.28729387383228,-27.68858977307883],[153.28720388582144,-27.68858105608801],[153.2871138828106,-27.688572354097232],[153.28700955180133,-27.688587992107706],[153.28691236679413,-27.688613429117332],[153.28681247678546,-27.688630245127364],[153.2867372107754,-27.688615574135078],[153.28665410676444,-27.688599995143655],[153.28655414275366,-27.688600204153786],[153.28646419874508,-27.68860928616282],[153.28642423474187,-27.688618272166803],[153.2864042147386,-27.688609413168905],[153.2863740847285,-27.688556082172383],[153.28633397771856,-27.688511669176783],[153.2863038257073,-27.688449449180364],[153.28629367069817,-27.688387169181905],[153.28628355969147,-27.68834270418323],[153.2862835146891,-27.688324897183374],[153.28628332868,-27.688253707183986],[153.28628319467325,-27.68820031618443],[153.28629296966398,-27.68812020818405],[153.28630290166166,-27.688093490183242],[153.28632271965463,-27.688022262181825],[153.28635251464877,-27.68795101217935],[153.2863723406429,-27.68788867317783],[153.28639215163597,-27.68781745317638],[153.2864719696366,-27.687754988168777],[153.28654182663843,-27.687710351162032],[153.28663178464814,-27.687710172152926],[153.28675175466105,-27.68770991214079],[153.28699175969155,-27.687745019116136],[153.28715170870882,-27.687744684099936],[153.28731175473064,-27.687779947083403],[153.28744177474803,-27.687806374070018],[153.28755185776555,-27.687850638058503],[153.28764194278097,-27.68789493904903],[153.287772051803,-27.687956958035333],[153.28785216781853,-27.688010192026805],[153.28800711784328,-27.688072688010553],[153.28811620185942,-27.688107042999267],[153.28817478586816,-27.688125519993147],[153.28822158287454,-27.688135935988328],[153.28828783288048,-27.688126867981698],[153.2883579058854,-27.688105589974743],[153.2884333658897,-27.68807563796735],[153.288502022892,-27.68803553196072],[153.28858189989606,-27.687999768952874],[153.28866175589903,-27.68795511794513],[153.28876163090519,-27.687919302935303],[153.28888148791364,-27.6878834579234],[153.28898145992437,-27.687883263913278],[153.28904148193317,-27.687900929907066],[153.28913147694394,-27.687909646897815],[153.28919147695152,-27.68791840889166],[153.2892315389593,-27.687945029887405],[153.28928159896816,-27.687971620882124],[153.28932167597702,-27.688007137877786],[153.28936178198708,-27.688051535873363],[153.28939188999595,-27.688095970869973],[153.28942208700946,-27.68817599786624],[153.28944218201627,-27.68821154386396],[153.28948230302743,-27.68826486085945],[153.28951245503853,-27.688327087855907],[153.28955260705092,-27.688389292851344],[153.28959280306552,-27.68846928984664],[153.2896429450789,-27.688531486841036],[153.2896930050877,-27.688558077835758],[153.28974302909535,-27.68857576583054],[153.28981310910748,-27.688611215823148],[153.2898731531173,-27.688637791816888],[153.28993313012387,-27.6886376728108],[153.28997309512695,-27.688628686806815],[153.29004304913335,-27.688619634799803],[153.29012292613746,-27.688583871791952],[153.29018285914165,-27.688565945786006],[153.29022274914144,-27.68853027278226],[153.29025263313886,-27.688485710779588],[153.29027250413537,-27.688441178777925],[153.29030230612946,-27.688369928775447],[153.29031218612482,-27.688325411774798],[153.29031209612026,-27.688289812775096],[153.29032197611565,-27.68824529477447],[153.29034181711103,-27.688191866772858],[153.29034169810518,-27.688147364773187],[153.2903415110961,-27.68807617477382],[153.29034122808244,-27.68796939977467],[153.2903509290686,-27.68785369277458],[153.29034078906074,-27.687800323776013],[153.29033067105397,-27.687755843777417],[153.29030058504614,-27.687720319780755],[153.2902711930388,-27.687687671783998],[153.29023204003005,-27.68765248978826],[153.2901822400195,-27.687612442793604],[153.29013708201157,-27.68758813879841],[153.29008023400192,-27.68756060180435],[153.29002023499422,-27.687551839810528],[153.28996023498667,-27.687543062816662],[153.28984025897262,-27.687534412828914],[153.28977028296498,-27.68753455483604],[153.28970032895862,-27.687543599843032],[153.28965033595318,-27.687543703848142],[153.28956039194472,-27.68755279385718],[153.28953042594253,-27.687561748860144],[153.28946050293732,-27.687579697867072],[153.2893605829288,-27.687597705877046],[153.28926061791802,-27.687597914887203],[153.28921063191262,-27.687598018892302],[153.28914066390513,-27.687598167899342],[153.2890406248909,-27.687571680909738],[153.28898059588215,-27.687554007915978],[153.2889305348733,-27.687527416921263],[153.2889004798666,-27.687500773924512],[153.28887043886118,-27.68748304892769],[153.2888403828545,-27.687456412930967],[153.28882034885,-27.68743865093311],[153.28879027784336,-27.687412022936382],[153.28877022083773,-27.6873853639386],[153.2886973918112,-27.687238758947142],[153.28864223479283,-27.687141886953547],[153.28859434276885,-27.686995117959523],[153.28856652176015,-27.6869505259627],[153.2884279557432,-27.68693554297691],[153.28571654141012,-27.686623848254353],[153.285208538353,-27.686606384306007],[153.28468224430256,-27.686656809358972],[153.28264000312885,-27.687025144563155],[153.28224478709706,-27.68711088560251],[153.28233605609012,-27.68697960659428],[153.28264304991515,-27.685352965576065],[153.28299628171393,-27.68348124555503],[153.28198166158472,-27.683328419659073],[153.2809760944566,-27.683176948762277],[153.281183824336,-27.682059018750078],[153.28130809226388,-27.681390097742693],[153.28140760220603,-27.68085463973691],[153.28173814001423,-27.67907553871743],[153.28203582784138,-27.677473239699893],[153.28264550148754,-27.674191593664034],[153.28136111132403,-27.673998659795807],[153.28082317125555,-27.673918268850944],[153.28108101326526,-27.673776379825952],[153.28123565826223,-27.673621794811496],[153.28132646525228,-27.67346734480353],[153.28125302522045,-27.673280744812438],[153.281143278193,-27.67315917382451],[153.2809878221556,-27.672997115841557],[153.28075035711225,-27.67285956286672],[153.28049478707325,-27.67277077489335],[153.2804668770433,-27.67255972189781],[153.2806918170292,-27.672259336877357],[153.28100857104528,-27.672117529846407],[153.28140460006986,-27.671975558807382],[153.2816155330686,-27.671786917787443],[153.28174693104668,-27.67150433277638],[153.28169360001684,-27.671316212783267],[153.2814935669618,-27.671055568805617],[153.28142826293396,-27.67089326581356],[153.28126886487473,-27.670564210832325],[153.28116273884223,-27.67039973184435],[153.28115250881203,-27.6701724818472],[153.2810821977788,-27.669971993855913],[153.2810444527493,-27.669773107861275],[153.28107716871338,-27.66946464686044],[153.28105265567297,-27.669169327865227],[153.2811174466376,-27.668837977861344],[153.28118275862712,-27.668701468855772],[153.28144042163294,-27.66852953883097],[153.2817064516088,-27.66811590480729],[153.28207800462647,-27.66793981077104],[153.2822087556132,-27.66772521875943],[153.282215229595,-27.667577972759968],[153.2823526635466,-27.66708376874994],[153.2823519625119,-27.666813029752117],[153.2819251424105,-27.666380709798858],[153.28174212636313,-27.666164486819124],[153.28146652923638,-27.665406978853014],[153.28116133114816,-27.66497441288741],[153.28103803105168,-27.66432488590504],[153.28103720401006,-27.664000003907717],[153.28061080692953,-27.663730128953066],[153.28035002184725,-27.663307106982842],[153.28024426080694,-27.66308108599535],[153.28049684279944,-27.66280906497191],[153.28043543476,-27.662552973980173],[153.2804144397368,-27.662389463983583],[153.2803580687099,-27.662225885990583],[153.28050593968592,-27.661913862978075],[153.28061795967622,-27.66174372196804],[153.280642054665,-27.661635196966436],[153.2806506826464,-27.66148289896678],[153.28052868661422,-27.66133422998031],[153.28043805759577,-27.66126677299004],[153.28046218258646,-27.66117270898833],[153.28051874757767,-27.661056882983512],[153.28058825355834,-27.66084678397816],[153.28060289453222,-27.66063016597836],[153.28054097347015,-27.660197100988093],[153.2804797594428,-27.660034781995563],[153.28050682739652,-27.659649623995882],[153.2807439713714,-27.65925375297494],[153.2807722613657,-27.65918490897264],[153.2807963273513,-27.659052690971247],[153.28076561532302,-27.65885648797589],[153.28070395429722,-27.65870709598336],[153.28066665725842,-27.65843561198929],[153.2807185052434,-27.658274485985284],[153.2807248982284,-27.6581512679856],[153.28067479320327,-27.657997532991867],[153.28065025820246,-27.65801114499429],[153.279908650175,-27.658422752066215],[153.27437106547396,-27.657616972633946],[153.27416896144786,-27.657584323654685],[153.27397502244688,-27.657739802673127],[153.2714784521295,-27.657366468929094],[153.27063178302183,-27.657239853015934],[153.2694770538751,-27.657067156134342],[153.26720996158693,-27.65672805836672],[153.26700998056148,-27.65669814438724],[153.2643040792175,-27.65629336966464],[153.2628504480327,-27.656075893813664],[153.26275575901914,-27.65604951082342],[153.26266733599465,-27.655932342833328],[153.26265884897603,-27.655794380835275],[153.26259441695274,-27.655666029842816],[153.26257794392717,-27.655480465845976],[153.2626094889033,-27.655266275844465],[153.26264666788015,-27.655054366842347],[153.2626219758518,-27.654853260846487],[153.26252067781655,-27.65466306985823],[153.2624032417805,-27.654480083871547],[153.2623625167555,-27.65431851787701],[153.26237969773464,-27.65414091787662],[153.26245018072208,-27.653982593870737],[153.26142471959187,-27.653830727975834],[153.26137471158555,-27.653823322980994],[153.26111563255265,-27.65378491500754],[153.25971125837438,-27.65357670815144],[153.25724156206087,-27.653210527404507],[153.25630684894222,-27.653071902500304],[153.25502209377922,-27.652881398631962],[153.25487213576014,-27.65285910664727],[153.25452224871574,-27.652807220683133],[153.25477816856957,-27.651446647667978],[153.25459850553185,-27.651302463687344],[153.2547428764493,-27.650535098678795],[153.25489778136094,-27.64971201066961],[153.25492288934666,-27.649578473668114],[153.25432163527103,-27.64949472872969],[153.2529744801015,-27.649306929867617],[153.25204145198418,-27.649176841963147],[153.250863596836,-27.649012617083677],[153.24969211968875,-27.648849740203616],[153.24927160863587,-27.648791133246704],[153.24919173062585,-27.648780099254857],[153.24914185661953,-27.64877320025994],[153.24882169057935,-27.64872893629271],[153.24864080455657,-27.64870393931126],[153.247489743412,-27.64854478742904],[153.2462580352572,-27.64837402055512],[153.24522829812784,-27.64823210966049],[153.24502834710256,-27.648203506681],[153.2440017909738,-27.648062503786033],[153.24296978084413,-27.64791978789161],[153.24276515781847,-27.64789148291256],[153.24198945572095,-27.647784209991965],[153.24132918563797,-27.6476928880595],[153.2410495726029,-27.64765421208815],[153.23935214438967,-27.647419437261817],[153.23935110138956,-27.647419295261955],[153.23904601535122,-27.647377117293168],[153.23887948733054,-27.647356383310154],[153.23894400141836,-27.647989727298597],[153.23895985644677,-27.64819896929539],[153.23898114250176,-27.648611671289906],[153.23896259754486,-27.648964963289007],[153.2389364835754,-27.649226061289585],[153.2389170675974,-27.649414859290083],[153.23886562864772,-27.649852454291814],[153.23876661770151,-27.650357484297835],[153.23857883376826,-27.65103923431148],[153.2383770348182,-27.651601209327442],[153.23826424784144,-27.651879250336656],[153.2380757258647,-27.65222087435308],[153.23766025892013,-27.653006292388877],[153.23744227695042,-27.653428747407645],[153.2371603399863,-27.653947904432048],[153.23636659208583,-27.65539900150088],[153.23623994010194,-27.655632823511898],[153.2355293331947,-27.65696059157327],[153.2350100062629,-27.657934464618144],[153.23466436630662,-27.658569313648105],[153.23455437332035,-27.65877021065767],[153.23418552436846,-27.65945906868954],[153.23387312941773,-27.660109914716017],[153.2337579064417,-27.66039484572544],[153.23347383049708,-27.661068743748846],[153.23322618754912,-27.661686851769048],[153.23288095661928,-27.662528438797285],[153.23272860765422,-27.662931112809506],[153.2324961267258,-27.663687898827064],[153.23232331880175,-27.664429230838707],[153.23213528091347,-27.665463639849563],[153.23191468401006,-27.66640770286445],[153.23183443403437,-27.666666185870504],[153.2305334213222,-27.67002216597559],[153.23019100739597,-27.670889839003397],[153.2289199676834,-27.67421776710568],[153.22856680275024,-27.675040244134962],[153.2283379057979,-27.675607114153653],[153.22817717483213,-27.676011666166662],[153.22807813385327,-27.676261439174702],[153.2275898977902,-27.676180809224743],[153.2272815257459,-27.676094620256638],[153.22708208071492,-27.6760211952774],[153.22672822265474,-27.675850018314595],[153.22620600455738,-27.675529732369938],[153.2259043075028,-27.675357028401844],[153.22563099945498,-27.675214103430605],[153.22519978138914,-27.675063810475443],[153.2247088253217,-27.674950696526007],[153.22432790727723,-27.6749252225647],[153.22393074623665,-27.67494393060475],[153.22257039011163,-27.675116492741],[153.2221921530724,-27.67512990377914],[153.22178754202568,-27.675106829820255],[153.22140560997744,-27.67505233585933],[153.22102221792346,-27.674954383898903],[153.22067252486656,-27.67480454493546],[153.220262132792,-27.67456835397886],[153.2201123827641,-27.67447700299474],[153.2196917086847,-27.67421100203938],[153.2191412145864,-27.673906787097444],[153.21837734446373,-27.673593088177192],[153.21788035339557,-27.67347966822836],[153.21753558535167,-27.673427767263636],[153.21717652730692,-27.673381022300358],[153.21616772617904,-27.67323396340351],[153.21621124424013,-27.67367575239559],[153.216190629278,-27.673990368395234],[153.21614453231206,-27.674296430397455],[153.21613073334652,-27.674577541396623],[153.21607865437616,-27.67485446439971],[153.21599341942292,-27.67529327340484],[153.21592193843372,-27.675438187410972],[153.21577864943347,-27.675557665424513],[153.21554927542482,-27.675684466446672],[153.2154283674263,-27.675798303458],[153.21544428243666,-27.675866528455856],[153.21554361345866,-27.675954684445127],[153.21576224348388,-27.675966381422917],[153.21613620151547,-27.675897560385632],[153.21639572754222,-27.67588699535948],[153.21654431456017,-27.67590152434435],[153.21661166756797,-27.675905882337517],[153.21667803757697,-27.67592009833064],[153.21673038558748,-27.67595760432506],[153.21680286460304,-27.676018334317288],[153.2168985746273,-27.676127358306722],[153.21693070163826,-27.67618662030298],[153.2169723656538,-27.676272741298128],[153.21700603468855,-27.676516480292776],[153.2170064597163,-27.67673318029104],[153.21697071172588,-27.676839120293774],[153.21692944273553,-27.676949999297122],[153.21691020574139,-27.677011593298552],[153.21690762775364,-27.677110105298052],[153.21693269176708,-27.677193782294836],[153.21701028178455,-27.677265069286427],[153.2170988467979,-27.67729449227726],[153.21721223680882,-27.67728445626588],[153.2174167708206,-27.677202872245797],[153.21768218284106,-27.677138432219497],[153.21790873984918,-27.677010029197575],[153.21800535884665,-27.676908917188623],[153.21802714482706,-27.676736503187758],[153.2179023027897,-27.67654954520189],[153.21770003374615,-27.67637994822367],[153.21750891170765,-27.67623989224408],[153.21726874265914,-27.676063507269795],[153.21727293663912,-27.675902924270616],[153.21732426361234,-27.675649933267458],[153.21739336759185,-27.67543019326218],[153.21740244257032,-27.675253912262654],[153.2173902835353,-27.674989804265955],[153.21733244548741,-27.67466326727441],[153.2173027624694,-27.67454782027835],[153.21730797045782,-27.674452565278543],[153.21736974345572,-27.67438358027286],[153.21750900946986,-27.674376472258807],[153.21763286748626,-27.674400396246085],[153.21828326558068,-27.674588821178848],[153.21834783258893,-27.674598812172245],[153.21858995361654,-27.67460988414763],[153.21891052264488,-27.67456006911565],[153.2190051896618,-27.674612596105632],[153.2190797776834,-27.67471887109726],[153.21908911270597,-27.67488744809499],[153.21909175773098,-27.67508114009318],[153.2190886287448,-27.675192035092593],[153.21906331177036,-27.675414576093416],[153.21902536578966,-27.675597294095834],[153.21896329479893,-27.675722680101096],[153.21889358780132,-27.675801068107553],[153.2188464328073,-27.675887457111624],[153.21880452281667,-27.675996854114945],[153.21882414783641,-27.67613460011188],[153.218832209858,-27.676296494109824],[153.21884413787967,-27.67645696510736],[153.21887140689455,-27.67654995510385],[153.21898762091595,-27.676618679091565],[153.2191114719314,-27.676635711078877],[153.21931253394484,-27.676569930059078],[153.21942851695118,-27.676521516047718],[153.21960196596538,-27.67648625303044],[153.21978042998464,-27.676485970012436],[153.21998380101448,-27.676547436991335],[153.22007313403142,-27.676604664981852],[153.22017173505603,-27.67671398697103],[153.22028043909302,-27.676911456958443],[153.2203530371246,-27.677096670949634],[153.22041297015954,-27.677319718941842],[153.22042179918168,-27.677486120939626],[153.22038389719927,-27.67765638894213],[153.2203628122067,-27.67773206394368],[153.22030775221185,-27.67781914694854],[153.22026115721505,-27.67788351995272],[153.22019752921494,-27.677936567958724],[153.22012532520804,-27.677944248965968],[153.22002331919413,-27.67792172597649],[153.2199425251816,-27.677891595984935],[153.2197979321563,-27.67781617400014],[153.21966615313727,-27.677778563013717],[153.21947913611223,-27.677741035032987],[153.21934321509957,-27.677756383046596],[153.21924137309625,-27.677817053056398],[153.21917353609766,-27.677885248062754],[153.21910592211395,-27.67807067806811],[153.2190679611268,-27.678203120070904],[153.21901299113782,-27.678335584075402],[153.21889855014277,-27.67847192908588],[153.21873311714083,-27.67859701010165],[153.21858030613348,-27.678669109116566],[153.218401998123,-27.67873747513404],[153.21828372811478,-27.678773685145693],[153.21817541910858,-27.678816735156346],[153.21800093409865,-27.678886703173447],[153.21777223108276,-27.678956754195976],[153.21763990807807,-27.679032004208775],[153.21733289205113,-27.67908074623944],[153.2170859800231,-27.679070405264472],[153.21685721000182,-27.679097562287446],[153.2166405839887,-27.6791783193087],[153.2164420709803,-27.679280481327964],[153.21629170297564,-27.679371855342474],[153.21620152097546,-27.679447046350965],[153.21592482196476,-27.679597585377756],[153.21574432395556,-27.679678283395404],[153.21561210595843,-27.67981249740773],[153.21556978696017,-27.67986224541159],[153.21552432300427,-27.680246270413182],[153.21688895717006,-27.68038922427399],[153.21750691522692,-27.68031086721211],[153.21882741934635,-27.680127731080006],[153.22219495454675,-27.67884376474951],[153.22294795460016,-27.678624920675105],[153.22386454771538,-27.67875039558138],[153.22474127287947,-27.67929306548836],[153.22503799200175,-27.679999902452753],[153.22584813821817,-27.681008539362853],[153.22660894735543,-27.681439175282456],[153.22768899051948,-27.68180920117025],[153.22944050972356,-27.681924207992154],[153.23065839684708,-27.68185948486938],[153.2316867109984,-27.682173146762835],[153.23407253645428,-27.68372320350917],[153.24217268079389,-27.68735058566056],[153.24304986695049,-27.687834426567935],[153.24339122305975,-27.688400163528897],[153.24397232422467,-27.68919924546376],[153.24421140628036,-27.689432650437723],[153.2449520904036,-27.689770258360056],[153.2452333715364,-27.69057057032523],[153.24525520966415,-27.691552482315302],[153.24470536378143,-27.692935928359997],[153.2436450118388,-27.694282374456748],[153.24181830077217,-27.695308215633546],[153.24080806174516,-27.695951706730757],[153.24160312085996,-27.69617703564847],[153.24155925186466,-27.696251019652323],[153.24153917987584,-27.69635550665356],[153.24153788389626,-27.69651662565241],[153.24159923192127,-27.69666036164504],[153.24169442094723,-27.696782364634437],[153.24187604298416,-27.696917496615008],[153.2420338760146,-27.697022132598217],[153.24217291903574,-27.697070151583723],[153.24236960006422,-27.697126917563352],[153.24256126609563,-27.697209804543316],[153.24276295312134,-27.697240448522653],[153.24290200314258,-27.69728846050817],[153.2430410611637,-27.697336472493742],[153.2432377491923,-27.697393245473375],[153.24343943621804,-27.697423882452714],[153.2436749642446,-27.697432778428816],[153.24388167326762,-27.69743730040782],[153.24403578028034,-27.697406954392505],[153.24427632230422,-27.697389728368268],[153.2444880533244,-27.697368122346962],[153.2446709653408,-27.697342149328676],[153.24482005135644,-27.6973379103136],[153.24498419536366,-27.697255312297628],[153.24518717836895,-27.697124838278107],[153.24535632137335,-27.697016119261868]]]}},{"type":"Feature","id":"2027-06-14-cornubia","properties":{"collectionId":"2027-06-14","areaId":"cornubia","areaName":"Cornubia","startsOn":"2027-06-14","endsOn":"2027-06-25","putOutFrom":"2027-06-12"},"geometry":{"type":"Polygon","coordinates":[[[153.20264595049892,-27.67936623772221],[153.20270740153228,-27.67957498071438],[153.20273730854916,-27.67968223971052],[153.20319390268224,-27.680338702659157],[153.203557788729,-27.680395855621914],[153.20452398785287,-27.680547639523006],[153.20456407185782,-27.680553167518937],[153.2047844748856,-27.68058358849644],[153.20560374899128,-27.680717952412525],[153.20621880902274,-27.68044216135255],[153.20674404508156,-27.680458604299297],[153.20874407932598,-27.680678218095363],[153.2096806174127,-27.68056355300157],[153.21293783870297,-27.680077969676045],[153.21552432300427,-27.680246270413182],[153.21556978696017,-27.67986224541159],[153.21561210595843,-27.67981249740773],[153.21574432395556,-27.679678283395404],[153.21592482196476,-27.679597585377756],[153.21620152097546,-27.679447046350965],[153.21629170297564,-27.679371855342474],[153.2164420709803,-27.679280481327964],[153.2166405839887,-27.6791783193087],[153.21685721000182,-27.679097562287446],[153.2170859800231,-27.679070405264472],[153.21733289205113,-27.67908074623944],[153.21763990807807,-27.679032004208775],[153.21777223108276,-27.678956754195976],[153.21800093409865,-27.678886703173447],[153.21817541910858,-27.678816735156346],[153.21828372811478,-27.678773685145693],[153.218401998123,-27.67873747513404],[153.21858030613348,-27.678669109116566],[153.21873311714083,-27.67859701010165],[153.21889855014277,-27.67847192908588],[153.21901299113782,-27.678335584075402],[153.2190679611268,-27.678203120070904],[153.21910592211395,-27.67807067806811],[153.21917353609766,-27.677885248062754],[153.21924137309625,-27.677817053056398],[153.21934321509957,-27.677756383046596],[153.21947913611223,-27.677741035032987],[153.21966615313727,-27.677778563013717],[153.2197979321563,-27.67781617400014],[153.2199425251816,-27.677891595984935],[153.22002331919413,-27.67792172597649],[153.22012532520804,-27.677944248965968],[153.22019752921494,-27.677936567958724],[153.22026115721505,-27.67788351995272],[153.22030775221185,-27.67781914694854],[153.2203628122067,-27.67773206394368],[153.22038389719927,-27.67765638894213],[153.22042179918168,-27.677486120939626],[153.22041297015954,-27.677319718941842],[153.2203530371246,-27.677096670949634],[153.22028043909302,-27.676911456958443],[153.22017173505603,-27.67671398697103],[153.22007313403142,-27.676604664981852],[153.21998380101448,-27.676547436991335],[153.21978042998464,-27.676485970012436],[153.21960196596538,-27.67648625303044],[153.21942851695118,-27.676521516047718],[153.21931253394484,-27.676569930059078],[153.2191114719314,-27.676635711078877],[153.21898762091595,-27.676618679091565],[153.21887140689455,-27.67654995510385],[153.21884413787967,-27.67645696510736],[153.218832209858,-27.676296494109824],[153.21882414783641,-27.67613460011188],[153.21880452281667,-27.675996854114945],[153.2188464328073,-27.675887457111624],[153.21889358780132,-27.675801068107553],[153.21896329479893,-27.675722680101096],[153.21902536578966,-27.675597294095834],[153.21906331177036,-27.675414576093416],[153.2190886287448,-27.675192035092593],[153.21909175773098,-27.67508114009318],[153.21908911270597,-27.67488744809499],[153.2190797776834,-27.67471887109726],[153.2190051896618,-27.674612596105632],[153.21891052264488,-27.67456006911565],[153.21858995361654,-27.67460988414763],[153.21834783258893,-27.674598812172245],[153.21828326558068,-27.674588821178848],[153.21763286748626,-27.674400396246085],[153.21750900946986,-27.674376472258807],[153.21736974345572,-27.67438358027286],[153.21730797045782,-27.674452565278543],[153.2173027624694,-27.67454782027835],[153.21733244548741,-27.67466326727441],[153.2173902835353,-27.674989804265955],[153.21740244257032,-27.675253912262654],[153.21739336759185,-27.67543019326218],[153.21732426361234,-27.675649933267458],[153.21727293663912,-27.675902924270616],[153.21726874265914,-27.676063507269795],[153.21750891170765,-27.67623989224408],[153.21770003374615,-27.67637994822367],[153.2179023027897,-27.67654954520189],[153.21802714482706,-27.676736503187758],[153.21800535884665,-27.676908917188623],[153.21790873984918,-27.677010029197575],[153.21768218284106,-27.677138432219497],[153.2174167708206,-27.677202872245797],[153.21721223680882,-27.67728445626588],[153.2170988467979,-27.67729449227726],[153.21701028178455,-27.677265069286427],[153.21693269176708,-27.677193782294836],[153.21690762775364,-27.677110105298052],[153.21691020574139,-27.677011593298552],[153.21692944273553,-27.676949999297122],[153.21697071172588,-27.676839120293774],[153.2170064597163,-27.67673318029104],[153.21700603468855,-27.676516480292776],[153.2169723656538,-27.676272741298128],[153.21693070163826,-27.67618662030298],[153.2168985746273,-27.676127358306722],[153.21680286460304,-27.676018334317288],[153.21673038558748,-27.67595760432506],[153.21667803757697,-27.67592009833064],[153.21661166756797,-27.675905882337517],[153.21654431456017,-27.67590152434435],[153.21639572754222,-27.67588699535948],[153.21613620151547,-27.675897560385632],[153.21576224348388,-27.675966381422917],[153.21554361345866,-27.675954684445127],[153.21544428243666,-27.675866528455856],[153.2154283674263,-27.675798303458],[153.21554927542482,-27.675684466446672],[153.21577864943347,-27.675557665424513],[153.21592193843372,-27.675438187410972],[153.21599341942292,-27.67529327340484],[153.21607865437616,-27.67485446439971],[153.21613073334652,-27.674577541396623],[153.21614453231206,-27.674296430397455],[153.216190629278,-27.673990368395234],[153.21621124424013,-27.67367575239559],[153.21616772617904,-27.67323396340351],[153.21717652730692,-27.673381022300358],[153.21753558535167,-27.673427767263636],[153.21788035339557,-27.67347966822836],[153.21837734446373,-27.673593088177192],[153.2191412145864,-27.673906787097444],[153.2196917086847,-27.67421100203938],[153.2201123827641,-27.67447700299474],[153.220262132792,-27.67456835397886],[153.22067252486656,-27.67480454493546],[153.22102221792346,-27.674954383898903],[153.22140560997744,-27.67505233585933],[153.22178754202568,-27.675106829820255],[153.2221921530724,-27.67512990377914],[153.22257039011163,-27.675116492741],[153.22393074623665,-27.67494393060475],[153.22432790727723,-27.6749252225647],[153.2247088253217,-27.674950696526007],[153.22519978138914,-27.675063810475443],[153.22563099945498,-27.675214103430605],[153.2259043075028,-27.675357028401844],[153.22620600455738,-27.675529732369938],[153.22672822265474,-27.675850018314595],[153.22708208071492,-27.6760211952774],[153.2272815257459,-27.676094620256638],[153.2275898977902,-27.676180809224743],[153.22807813385327,-27.676261439174702],[153.22817717483213,-27.676011666166662],[153.2283379057979,-27.675607114153653],[153.22856680275024,-27.675040244134962],[153.2289199676834,-27.67421776710568],[153.23019100739597,-27.670889839003397],[153.2305334213222,-27.67002216597559],[153.23183443403437,-27.666666185870504],[153.23191468401006,-27.66640770286445],[153.23213528091347,-27.665463639849563],[153.23232331880175,-27.664429230838707],[153.2324961267258,-27.663687898827064],[153.23272860765422,-27.662931112809506],[153.23288095661928,-27.662528438797285],[153.23322618754912,-27.661686851769048],[153.23347383049708,-27.661068743748846],[153.2337579064417,-27.66039484572544],[153.23387312941773,-27.660109914716017],[153.23418552436846,-27.65945906868954],[153.23455437332035,-27.65877021065767],[153.23466436630662,-27.658569313648105],[153.2350100062629,-27.657934464618144],[153.2355293331947,-27.65696059157327],[153.23623994010194,-27.655632823511898],[153.23636659208583,-27.65539900150088],[153.2371603399863,-27.653947904432048],[153.23744227695042,-27.653428747407645],[153.23766025892013,-27.653006292388877],[153.2380757258647,-27.65222087435308],[153.23826424784144,-27.651879250336656],[153.2383770348182,-27.651601209327442],[153.23857883376826,-27.65103923431148],[153.23876661770151,-27.650357484297835],[153.23886562864772,-27.649852454291814],[153.2389170675974,-27.649414859290083],[153.2389364835754,-27.649226061289585],[153.23878300855856,-27.649224273305187],[153.2349478010766,-27.648693114697515],[153.23461442403462,-27.64864641273165],[153.23203105470722,-27.648266462996062],[153.2307152665404,-27.648072920130787],[153.2294002773737,-27.64787949526537],[153.22842385624992,-27.647735855365344],[153.22811697421102,-27.64769071239671],[153.22808525720708,-27.647686272399955],[153.22677152604172,-27.64750236253437],[153.22541762087138,-27.64731281967282],[153.22319233359133,-27.647001242900394],[153.2229917045675,-27.6469841959208],[153.22159174139156,-27.646790593064008],[153.2208261712955,-27.646685793142225],[153.22012777620785,-27.646589442213678],[153.2200840042023,-27.64658342921813],[153.21625657372417,-27.646075255609272],[153.20871090078214,-27.645078040380206],[153.20851183677283,-27.645174040399557],[153.20808660970133,-27.64497324744409],[153.20750196260337,-27.64469993850541],[153.20702982653006,-27.644524380554497],[153.20642836444102,-27.64433616361677],[153.206112675356,-27.643936842651858],[153.20673720525065,-27.642581328599437],[153.20699686610524,-27.641219920583964],[153.20684679608573,-27.64119417159932],[153.2015038214179,-27.640480838145113],[153.19392344447027,-27.6394684159192],[153.19372542159422,-27.640608748930205],[153.1935565317,-27.64158242793955],[153.1935219087216,-27.641781619941504],[153.19349355973935,-27.641944771943045],[153.19344611476905,-27.642217746945715],[153.1933903248039,-27.642538791948773],[153.19334848183007,-27.642779564951116],[153.19331837384888,-27.64295279095275],[153.19330499285724,-27.643029792953502],[153.19325780888676,-27.64330125495614],[153.193215734913,-27.643543376958494],[153.19315899894855,-27.643869845961618],[153.1931156219757,-27.64411949996403],[153.19309531898833,-27.644236361965177],[153.19305932501086,-27.644443495967185],[153.1930034380458,-27.64476509297027],[153.19297216106537,-27.644944919971998],[153.19292877609246,-27.645194357974432],[153.192890994116,-27.645411571976528],[153.19285656513756,-27.64560957197843],[153.1928165481625,-27.64583963798065],[153.19277602418788,-27.646072684982887],[153.19270588523167,-27.646476043986798],[153.19265212126527,-27.646785198989807],[153.192572415315,-27.647243595994222],[153.19239373542638,-27.648269280004175],[153.1921697105661,-27.64955531001662],[153.19216909956646,-27.64955881101669],[153.19209127061495,-27.65000563002102],[153.1920717206272,-27.65011785102209],[153.1920137846633,-27.650450504025297],[153.19194233370789,-27.650860703029274],[153.19188797474175,-27.651172816032318],[153.1917559578241,-27.651930801039658],[153.1916943488625,-27.65228451704308],[153.19165152288923,-27.652530401045464],[153.19148452599327,-27.653489015054753],[153.1914712860016,-27.653564989055507],[153.19141960103377,-27.653861671058415],[153.19137881005926,-27.65409583506068],[153.19129450611172,-27.654579653065326],[153.19126042713296,-27.654775216067257],[153.19125109913884,-27.654828719067776],[153.1912137051621,-27.65504337706981],[153.19120987516453,-27.65506531207002],[153.19116766819084,-27.655307486072363],[153.19113513121107,-27.655494175074214],[153.1911056192299,-27.655666604075787],[153.191036679273,-27.656063615079646],[153.19098247630697,-27.656375869082648],[153.19093910633404,-27.656625605085047],[153.19089571436123,-27.65687537108748],[153.19088032837087,-27.65696398108832],[153.1908523143884,-27.657125129089902],[153.19080116642036,-27.657419539092725],[153.1907669014417,-27.65761668909463],[153.19076440544328,-27.657630986094787],[153.19071311547532,-27.65792564909762],[153.19070228948203,-27.657987795098222],[153.19065093951397,-27.658282160101066],[153.19061167453845,-27.658506959103295],[153.19057235856286,-27.658731683105447],[153.19053302658722,-27.65895640810766],[153.1904950956107,-27.65917311510979],[153.1904936946116,-27.659181102109876],[153.1904628046308,-27.659357696111563],[153.19045438563592,-27.659405789112075],[153.19040609166598,-27.659682318114772],[153.1903812806815,-27.659825123116157],[153.19033995970727,-27.660062536118424],[153.19033954971096,-27.660091831118244],[153.19031130473098,-27.660272396119662],[153.190265975759,-27.660531110122218],[153.19023470577832,-27.660709499123964],[153.19020345779776,-27.660887896125722],[153.1901721878171,-27.66106628512745],[153.19014092483647,-27.661244682129208],[153.19013164884228,-27.661298244129735],[153.19009884386256,-27.66148555913151],[153.1900660318829,-27.661672874133334],[153.19005358189062,-27.66174396813405],[153.190049692893,-27.66176615613429],[153.19003317490328,-27.661860189135204],[153.19000028092358,-27.662047497137046],[153.18996738594387,-27.662234797138904],[153.1899344919642,-27.662422097140713],[153.1899062399817,-27.662583276142357],[153.1898778229992,-27.66274541514393],[153.1898415390217,-27.66295236214594],[153.18980739304286,-27.663147188147835],[153.1897775750613,-27.66331731414951],[153.18976818806712,-27.663370839150023],[153.1896975931108,-27.66377356515396],[153.1891262384651,-27.66703821618589],[153.18912155246795,-27.667064971186186],[153.18890488948787,-27.66740450920536],[153.18900863050703,-27.667467087194364],[153.1909969298771,-27.668683952983866],[153.191258400925,-27.668837575956243],[153.19297683224568,-27.669895952774237],[153.19322801429388,-27.67006105774756],[153.1934278093392,-27.67024697972592],[153.19351326736984,-27.670414968715942],[153.19365325642144,-27.670701279699557],[153.19399203445968,-27.670713483665203],[153.1941504554808,-27.670744791648954],[153.19473646556352,-27.670896470588538],[153.19512733761294,-27.670951984548594],[153.1954932506561,-27.670980371511384],[153.19588074769842,-27.670984632472216],[153.19617661072724,-27.670959449442517],[153.19644634375203,-27.67092530341551],[153.1963934447733,-27.6711361554192],[153.1964418368103,-27.671385727412375],[153.19648820884584,-27.67162489040578],[153.19653458088126,-27.67186405439922],[153.19663011995453,-27.67235682838566],[153.19665772497567,-27.672499171381734],[153.1968249681037,-27.673361740358008],[153.19700211323976,-27.674279182332857],[153.1970144962493,-27.674343317331104],[153.19721877640623,-27.6754005763021],[153.1974077665514,-27.676378756275263],[153.1997576277611,-27.676030329040525],[153.200005292819,-27.67627365801359],[153.20022684287136,-27.676496578989408],[153.20060940793527,-27.67667343394935],[153.20063552993963,-27.676685510946616],[153.20078713396333,-27.676743155930804],[153.20096649199155,-27.67681136591214],[153.20123877403415,-27.676914906883834],[153.2014903200735,-27.677010549857663],[153.20168496710406,-27.677084578837363],[153.2017362491108,-27.677094390832142],[153.20200242114612,-27.677145285804794],[153.20214497316496,-27.677172555790193],[153.20217648117284,-27.677207915786713],[153.20230466120512,-27.677351711772644],[153.2024307252368,-27.67749314675878],[153.20255359326768,-27.677630996745254],[153.2027017703018,-27.677772490729144],[153.20253470532973,-27.67813378474319],[153.2025174203326,-27.678171156744643],[153.20253972038256,-27.67854320873946],[153.2025661024416,-27.678983806733303],[153.20257382145883,-27.67911259673153],[153.20264595049892,-27.67936623772221]]]}},{"type":"Feature","id":"2027-06-14-loganholme","properties":{"collectionId":"2027-06-14","areaId":"loganholme","areaName":"Loganholme","startsOn":"2027-06-14","endsOn":"2027-06-25","putOutFrom":"2027-06-12"},"geometry":{"type":"Polygon","coordinates":[[[153.18306474397508,-27.69971922753994],[153.18557468848994,-27.701624936271333],[153.188710204993,-27.702907590944463],[153.19049328627196,-27.70358005775901],[153.19166715443006,-27.70382343963848],[153.19247681552656,-27.70389197755611],[153.19292223456196,-27.703791409511926],[153.1934863395843,-27.70348774545732],[153.19367621756203,-27.703152037440756],[153.19369942652054,-27.702806725441167],[153.19368131543894,-27.702182821447924],[153.19355918535678,-27.70164254246452],[153.19304652518179,-27.7007052145237],[153.19263653506601,-27.700146153569552],[153.1919663399256,-27.699614397641493],[153.1912988867955,-27.699160813712506],[153.1903399076422,-27.698772555812475],[153.18940186549935,-27.698449192909802],[153.18910936340504,-27.69795798394321],[153.18907736234598,-27.697522072949948],[153.18926942331981,-27.697153678933432],[153.18960217431317,-27.69681930390243],[153.19189234145904,-27.69601844267741],[153.19266299153165,-27.695933885600173],[153.1943644807403,-27.696124910426715],[153.19504188681896,-27.696167505357966],[153.19540648185625,-27.696149885321248],[153.1956605238783,-27.69610752829594],[153.19682906595477,-27.695714696180914],[153.19746334094395,-27.695092319121784],[153.1978993708894,-27.694293997083975],[153.1987708428485,-27.693234040004274],[153.20013896377765,-27.69151735187956],[153.2020033367506,-27.6897238717053],[153.2025467307293,-27.689095533655323],[153.20372099362672,-27.68729579355088],[153.20442701947192,-27.685483753493834],[153.20447686340253,-27.684896945493403],[153.20470515621938,-27.683268017483243],[153.20477365018894,-27.682970597478622],[153.20482400804343,-27.681787751482872],[153.2051043959605,-27.680899880461567],[153.20560374899128,-27.680717952412525],[153.2047844748856,-27.68058358849644],[153.20456407185782,-27.680553167518937],[153.20452398785287,-27.680547639523006],[153.203557788729,-27.680395855621914],[153.20319390268224,-27.680338702659157],[153.20273730854916,-27.67968223971052],[153.20270740153228,-27.67957498071438],[153.20264595049892,-27.67936623772221],[153.20257382145883,-27.67911259673153],[153.2025661024416,-27.678983806733303],[153.20253972038256,-27.67854320873946],[153.2025174203326,-27.678171156744643],[153.20253470532973,-27.67813378474319],[153.2027017703018,-27.677772490729144],[153.20255359326768,-27.677630996745254],[153.2024307252368,-27.67749314675878],[153.20230466120512,-27.677351711772644],[153.20217648117284,-27.677207915786713],[153.20214497316496,-27.677172555790193],[153.20200242114612,-27.677145285804794],[153.2017362491108,-27.677094390832142],[153.20168496710406,-27.677084578837363],[153.2014903200735,-27.677010549857663],[153.20123877403415,-27.676914906883834],[153.20096649199155,-27.67681136591214],[153.20078713396333,-27.676743155930804],[153.20063552993963,-27.676685510946616],[153.20060940793527,-27.67667343394935],[153.20022684287136,-27.676496578989408],[153.200005292819,-27.67627365801359],[153.1997576277611,-27.676030329040525],[153.1974077665514,-27.676378756275263],[153.19721877640623,-27.6754005763021],[153.1970144962493,-27.674343317331104],[153.19700211323976,-27.674279182332857],[153.1968249681037,-27.673361740358008],[153.19665772497567,-27.672499171381734],[153.19663011995453,-27.67235682838566],[153.19653458088126,-27.67186405439922],[153.19648820884584,-27.67162489040578],[153.1964418368103,-27.671385727412375],[153.1963934447733,-27.6711361554192],[153.19644634375203,-27.67092530341551],[153.19617661072724,-27.670959449442517],[153.19588074769842,-27.670984632472216],[153.1954932506561,-27.670980371511384],[153.19512733761294,-27.670951984548594],[153.19473646556352,-27.670896470588538],[153.1941504554808,-27.670744791648954],[153.19399203445968,-27.670713483665203],[153.19365325642144,-27.670701279699557],[153.19351326736984,-27.670414968715942],[153.1934278093392,-27.67024697972592],[153.19322801429388,-27.67006105774756],[153.19297683224568,-27.669895952774237],[153.191258400925,-27.668837575956243],[153.1909969298771,-27.668683952983866],[153.18900863050703,-27.667467087194364],[153.18890488948787,-27.66740450920536],[153.18859532543217,-27.667230002238032],[153.18696466812855,-27.666231616410656],[153.18670903908102,-27.666075482437716],[153.18654965605026,-27.66596917045463],[153.18645195703186,-27.66590720346504],[153.18615981197803,-27.665732912495915],[153.1858486089236,-27.665569923528658],[153.18559460287594,-27.66541130755554],[153.18545626784973,-27.665322787570204],[153.1840946375935,-27.664467319714493],[153.18378809753773,-27.66428969674692],[153.1833709784585,-27.66402233979112],[153.18312864841667,-27.66389952481656],[153.18290403538225,-27.663820131839913],[153.18269738635365,-27.663771143861187],[153.18214073828364,-27.66369322591796],[153.1818100662424,-27.66365039195171],[153.18078579811214,-27.6634975810564],[153.1803982110623,-27.66343499609601],[153.17995752400654,-27.663371420141026],[153.17642223755746,-27.66284652050217],[153.17598243750345,-27.662795565547047],[153.17576030647587,-27.662767484569653],[153.17490080736573,-27.66263280065751],[153.17405975626238,-27.66253493574324],[153.17313842514653,-27.66240723283722],[153.1724859030648,-27.66231937590382],[153.171453728931,-27.662145077009434],[153.17052368080587,-27.66195284510483],[153.17006745173066,-27.661748967152523],[153.17050430183522,-27.6621989231048],[153.17097639294445,-27.6626558740536],[153.17205084919473,-27.663709303936738],[153.17246232928795,-27.664091615892186],[153.17275437735495,-27.664369887860484],[153.17462545579562,-27.666240848656795],[153.17562834202602,-27.66719879154794],[153.1783761746651,-27.66988240124927],[153.17855720170715,-27.670059203229602],[153.17942117890948,-27.670913889135555],[153.180710815213,-27.672201147995168],[153.1810129432853,-27.6725118969622],[153.1817967074679,-27.673280118876946],[153.1817036424985,-27.673599047883815],[153.18163160153102,-27.67391522088865],[153.18161944253677,-27.67397138388936],[153.18152318059734,-27.67452802389472],[153.1814693956294,-27.674825011897806],[153.18144954664152,-27.674937537898927],[153.18140181167257,-27.675221419901515],[153.18131967571688,-27.67563923290648],[153.18122716176742,-27.676113708912087],[153.18114259781348,-27.67654738491719],[153.1810791488476,-27.67686890692104],[153.18096141490818,-27.677444575928384],[153.18091598192274,-27.677597051931805],[153.1808271559494,-27.67788170893849],[153.18076322996862,-27.678086331943327],[153.1806857809839,-27.678272446949695],[153.18059772299537,-27.678437194957322],[153.18049590300961,-27.678635558966004],[153.18038874903246,-27.67890518797471],[153.18032851805467,-27.679130664979006],[153.18029380607805,-27.67934387798083],[153.18028177310447,-27.67956198698033],[153.18028819613068,-27.679761557978104],[153.1803293601941,-27.68022450697028],[153.1803433222138,-27.68036705896773],[153.18035122023647,-27.680538123965604],[153.18033570125786,-27.68071942696572],[153.18015908434444,-27.681548549977034],[153.18008930238443,-27.68192206198113],[153.1800460374093,-27.68215364098365],[153.17987874249573,-27.682973517994053],[153.17982365852544,-27.683253458997434],[153.17979292554318,-27.68341898099921],[153.17978350054779,-27.683463340999804],[153.17953626066927,-27.684626638015594],[153.17952100167852,-27.684711887016455],[153.17933763578662,-27.685715637027037],[153.17927370982036,-27.686035200030982],[153.17919910685978,-27.686408109035597],[153.17918126986925,-27.68649729203669],[153.17906337984843,-27.686433560049093],[153.17853683975517,-27.68614897810448],[153.1785085277501,-27.68613366710746],[153.1781112696797,-27.68591896314929],[153.17740621358962,-27.685809835221345],[153.17672643847843,-27.685515500292336],[153.17665974146271,-27.685448474299605],[153.17632964338478,-27.685116782335506],[153.17627203537114,-27.685058891341786],[153.17599505230564,-27.684780559371976],[153.17572443226368,-27.684680476400082],[153.17574719325722,-27.68461068639834],[153.17510041616038,-27.684400490465308],[153.17448040106703,-27.684193960529523],[153.1738812699696,-27.683937862592085],[153.17331162786962,-27.68363787165195],[153.17278194376925,-27.683299265708104],[153.1722888126676,-27.682920335760926],[153.17203848760985,-27.682679815788045],[153.17163519555822,-27.682617066829277],[153.17158190155135,-27.682608774834712],[153.17089005646275,-27.682501128905454],[153.1699571613433,-27.68235596900075],[153.1673568110104,-27.681951321266475],[153.16667950192374,-27.681846580335645],[153.16635114688165,-27.681795022369194],[153.16659593603106,-27.682759783336888],[153.1668705871554,-27.683503083303325],[153.16826992455003,-27.685411735146978],[153.16891338677078,-27.686598039072607],[153.1693838459322,-27.68746538401822],[153.16995004630357,-27.68989954794185],[153.17010873552286,-27.69148550091331],[153.1692579687051,-27.69363849498216],[153.16894543180703,-27.694704122005295],[153.16871365188652,-27.69552542902223],[153.16878277094926,-27.695958651011818],[153.16904541903978,-27.696445962981457],[153.16958744113015,-27.69669442492478],[153.169988587184,-27.696776850883637],[153.1703731052137,-27.696682861845566],[153.1706271172052,-27.69640029882217],[153.17130325020267,-27.695805816758547],[153.17207319321736,-27.695266879685086],[153.1725626962656,-27.695229164635993],[153.17305231132326,-27.69526565758626],[153.1734902194049,-27.695534109539928],[153.17518032280276,-27.69722014635598],[153.17630662004257,-27.698144480234934],[153.1767606741334,-27.698471582186453],[153.17733859323909,-27.69881007012543],[153.17799361833224,-27.698984138057956],[153.1786960364123,-27.699015042986712],[153.17955906650212,-27.698987415899776],[153.18072703461524,-27.69888254178266],[153.18129248867575,-27.698876506725576],[153.1819653727701,-27.699045232656317],[153.18306474397508,-27.69971922753994]]]}},{"type":"Feature","id":"2027-06-14-tanah-merah","properties":{"collectionId":"2027-06-14","areaId":"tanah-merah","areaName":"Tanah Merah","startsOn":"2027-06-14","endsOn":"2027-06-25","putOutFrom":"2027-06-12"},"geometry":{"type":"Polygon","coordinates":[[[153.17203848760985,-27.682679815788045],[153.1722888126676,-27.682920335760926],[153.17278194376925,-27.683299265708104],[153.17331162786962,-27.68363787165195],[153.1738812699696,-27.683937862592085],[153.17448040106703,-27.684193960529523],[153.17510041616038,-27.684400490465308],[153.17574719325722,-27.68461068639834],[153.17572443226368,-27.684680476400082],[153.17599505230564,-27.684780559371976],[153.17627203537114,-27.685058891341786],[153.17632964338478,-27.685116782335506],[153.17665974146271,-27.685448474299605],[153.17672643847843,-27.685515500292336],[153.17740621358962,-27.685809835221345],[153.1781112696797,-27.68591896314929],[153.1785085277501,-27.68613366710746],[153.17853683975517,-27.68614897810448],[153.17906337984843,-27.686433560049093],[153.17918126986925,-27.68649729203669],[153.17919910685978,-27.686408109035597],[153.17927370982036,-27.686035200030982],[153.17933763578662,-27.685715637027037],[153.17952100167852,-27.684711887016455],[153.17953626066927,-27.684626638015594],[153.17978350054779,-27.683463340999804],[153.17979292554318,-27.68341898099921],[153.17982365852544,-27.683253458997434],[153.17987874249573,-27.682973517994053],[153.1800460374093,-27.68215364098365],[153.18008930238443,-27.68192206198113],[153.18015908434444,-27.681548549977034],[153.18033570125786,-27.68071942696572],[153.18035122023647,-27.680538123965604],[153.1803433222138,-27.68036705896773],[153.1803293601941,-27.68022450697028],[153.18028819613068,-27.679761557978104],[153.18028177310447,-27.67956198698033],[153.18029380607805,-27.67934387798083],[153.18032851805467,-27.679130664979006],[153.18038874903246,-27.67890518797471],[153.18049590300961,-27.678635558966004],[153.18059772299537,-27.678437194957322],[153.1806857809839,-27.678272446949695],[153.18076322996862,-27.678086331943327],[153.1808271559494,-27.67788170893849],[153.18091598192274,-27.677597051931805],[153.18096141490818,-27.677444575928384],[153.1810791488476,-27.67686890692104],[153.18114259781348,-27.67654738491719],[153.18122716176742,-27.676113708912087],[153.18131967571688,-27.67563923290648],[153.18140181167257,-27.675221419901515],[153.18144954664152,-27.674937537898927],[153.1814693956294,-27.674825011897806],[153.18152318059734,-27.67452802389472],[153.18161944253677,-27.67397138388936],[153.18163160153102,-27.67391522088865],[153.1817036424985,-27.673599047883815],[153.1817967074679,-27.673280118876946],[153.1810129432853,-27.6725118969622],[153.180710815213,-27.672201147995168],[153.17942117890948,-27.670913889135555],[153.17855720170715,-27.670059203229602],[153.1783761746651,-27.66988240124927],[153.17562834202602,-27.66719879154794],[153.17462545579562,-27.666240848656795],[153.17275437735495,-27.664369887860484],[153.17246232928795,-27.664091615892186],[153.17205084919473,-27.663709303936738],[153.17097639294445,-27.6626558740536],[153.17050430183522,-27.6621989231048],[153.17006745173066,-27.661748967152523],[153.16922922352296,-27.660829804244408],[153.16857849835438,-27.660058482316146],[153.16776771114195,-27.65907815040578],[153.16640440379,-27.65747156655609],[153.16570522562154,-27.656742028632443],[153.16555729458622,-27.656590423648538],[153.16503998646178,-27.656051903705055],[153.16411694925512,-27.65521232680483],[153.16359318017936,-27.65506173585892],[153.1634706561925,-27.655268712869606],[153.16361694025736,-27.655654481851826],[153.1635276083466,-27.65643073485467],[153.16342274840522,-27.656980848860922],[153.1631355205909,-27.658682993876432],[153.16301944857557,-27.65866164788833],[153.16203864749133,-27.658832541985966],[153.16174662948234,-27.659009880014057],[153.16172577449845,-27.65915407901501],[153.16154048550038,-27.659326746032352],[153.1612907275027,-27.659556969055767],[153.16110546850837,-27.65975838107283],[153.16093650452842,-27.660060360087524],[153.16084004154825,-27.66029759409537],[153.1607757505633,-27.660470120100463],[153.1607518635882,-27.660685710101156],[153.16075217661563,-27.66090127009945],[153.16078478764834,-27.66113117209434],[153.16080944969124,-27.66144730108934],[153.16085022673414,-27.661749042082825],[153.16085858575968,-27.661943040080494],[153.1608991997888,-27.662137001074843],[153.16091566481896,-27.662359728071426],[153.16091591884086,-27.66253217207001],[153.1608985068565,-27.66266920307068],[153.16078860287124,-27.662878736080163],[153.16061139091423,-27.66336725609416],[153.16044984794271,-27.663728340107625],[153.1603691799667,-27.663985065113707],[153.1602434889858,-27.66424183412436],[153.16009976700093,-27.664482593136963],[153.15989289399897,-27.66464322715656],[153.1596497969748,-27.66465955118097],[153.1593974679292,-27.664515487207588],[153.15909976484804,-27.66413088024067],[153.15885598176348,-27.663674033268865],[153.15866646870634,-27.66338553229027],[153.15844119266666,-27.663265495313965],[153.15808332662255,-27.66322334835044],[153.1577315776052,-27.66338555438462],[153.15755020061138,-27.663588016401306],[153.15739167463153,-27.663881457415],[153.15738060265608,-27.664083718414528],[153.15738098268966,-27.664346642412383],[153.15754147584337,-27.665418400387733],[153.157609961883,-27.66567113937885],[153.15771240691598,-27.66584293436715],[153.1578488499474,-27.665974243352363],[153.15805332397844,-27.666044793331142],[153.15823505100326,-27.666085041312495],[153.15850753303175,-27.66607724828505],[153.1590159160715,-27.66595747223468],[153.1595723851079,-27.665770887180006],[153.15992018613147,-27.665660827145775],[153.16026811316667,-27.66564135911082],[153.1605198012018,-27.66570305008497],[153.16063765422058,-27.66575059207265],[153.16078770225124,-27.66586483905665],[153.16089496027928,-27.66599344404481],[153.16098094731763,-27.666222199034287],[153.16098106732773,-27.666300467033686],[153.16098120133958,-27.666393838032924],[153.16095469936042,-27.66657981203411],[153.16092479236815,-27.666666209036475],[153.16089562337558,-27.666749752038765],[153.1608128323872,-27.66691079604584],[153.16064146940414,-27.66719012606092],[153.16057173941,-27.66729488106712],[153.1602888554207,-27.667619682093097],[153.1599573874263,-27.667944542124022],[153.15969870243225,-27.668211630147997],[153.15954530245338,-27.668507441161132],[153.15951326548014,-27.66874542716249],[153.15948940051427,-27.669033877162597],[153.15957081256354,-27.669351048151853],[153.1596360646122,-27.66967832214272],[153.15974995467226,-27.67005313812824],[153.15987187572765,-27.67038467411335],[153.16004229278005,-27.67065127809402],[153.1602045668279,-27.67088903407577],[153.16028346084983,-27.670994139066952],[153.16040911495037,-27.671677655048857],[153.16071873193633,-27.671304612020595],[153.1612530869698,-27.671113497968157],[153.16185487802363,-27.671024887908164],[153.16230114507513,-27.671050003862927],[153.16294913016637,-27.671215920796165],[153.163396068275,-27.671689777747346],[153.16358433739327,-27.672458826722256],[153.16370106453985,-27.673510021702167],[153.16470909098908,-27.676182038579316],[153.16524136119168,-27.677320658516592],[153.16541080927055,-27.6777955364957],[153.16549745231077,-27.678038343485063],[153.16625471353225,-27.679133250399957],[153.1664247956231,-27.679702408378294],[153.16643936166415,-27.68001219537438],[153.16638822870604,-27.680384851376623],[153.16637308874382,-27.680694192375697],[153.16632439186532,-27.68168955237274],[153.16635114688165,-27.681795022369194],[153.16667950192374,-27.681846580335645],[153.1673568110104,-27.681951321266475],[153.1699571613433,-27.68235596900075],[153.17089005646275,-27.682501128905454],[153.17158190155135,-27.682608774834712],[153.17163519555822,-27.682617066829277],[153.17203848760985,-27.682679815788045]]]}}]}
